[-31009466ms] [ERROR] Failed to load resource: net::ERR_BLOCKED_BY_CLIENT @ https://static.cloudflareinsights.com/beacon.min.js/v4513226cdae34746b4dedf0b4dfa099e1781791509496:0
[-31009104ms] [INFO] This page uses Chrome's Built-In AI features (LanguageDetector)! We're always improving our models; please submit your feedback here: https://issues.chromium.org/issues/new?component=1583316 @ chrome-extension://gjkaolmncjlagdhkamocpknlngfbfmnm/content_script.js:4893
[-13656846ms] [WARNING] Failed to execute 'postMessage' on 'DOMWindow': The target origin provided ('https://challenges.cloudflare.com') does not match the recipient window's origin ('https://linux.do'). @ https://challenges.cloudflare.com/turnstile/v0/api.js?_upgrade=true&_cb=1785729899774:0
[-8520363ms] [WARNING] Failed to execute 'postMessage' on 'DOMWindow': The target origin provided ('https://challenges.cloudflare.com') does not match the recipient window's origin ('https://linux.do'). @ https://challenges.cloudflare.com/turnstile/v0/api.js?_upgrade=true&_cb=1785737101771:0
[-8226964ms] [WARNING] Failed to execute 'postMessage' on 'DOMWindow': The target origin provided ('https://challenges.cloudflare.com') does not match the recipient window's origin ('https://linux.do'). @ https://challenges.cloudflare.com/turnstile/v0/api.js?_upgrade=true&_cb=1785737101771:0
[-7859379ms] [ERROR] Failed to load resource: the server responded with a status of 429 () @ https://linux.do/topics/timings:0
[-7840362ms] [ERROR] Failed to load resource: the server responded with a status of 429 () @ https://linux.do/topics/timings:0
[-7821192ms] [ERROR] Failed to load resource: the server responded with a status of 429 () @ https://linux.do/topics/timings:0
[-7815168ms] [ERROR] Failed to load resource: the server responded with a status of 429 () @ https://linux.do/topics/timings:0
[-7366758ms] [ERROR] Failed to load resource: the server responded with a status of 429 () @ https://linux.do/topics/timings:0
[-7360642ms] [ERROR] Failed to load resource: the server responded with a status of 429 () @ https://linux.do/topics/timings:0
[-7348464ms] [ERROR] Failed to load resource: the server responded with a status of 429 () @ https://linux.do/topics/timings:0
[-7316917ms] [ERROR] Failed to load resource: the server responded with a status of 429 () @ https://linux.do/topics/timings:0
[-7308184ms] [ERROR] Failed to load resource: the server responded with a status of 429 () @ https://linux.do/t/2696673/posts.json?post_ids%5B%5D=21142738&include_suggested=false:0
[-7299855ms] [ERROR] Failed to load resource: the server responded with a status of 429 () @ https://linux.do/t/2696673/posts.json?post_ids%5B%5D=21142738&include_suggested=false:0
[-7052117ms] [WARNING] Failed to execute 'postMessage' on 'DOMWindow': The target origin provided ('https://challenges.cloudflare.com') does not match the recipient window's origin ('https://linux.do'). @ https://challenges.cloudflare.com/turnstile/v0/api.js?_upgrade=true&_cb=1785737101771:0
[-2853857ms] [WARNING] Failed to execute 'postMessage' on 'DOMWindow': The target origin provided ('https://challenges.cloudflare.com') does not match the recipient window's origin ('https://linux.do'). @ https://challenges.cloudflare.com/turnstile/v0/api.js?_upgrade=true&_cb=1785740702769:0
[-2266155ms] [WARNING] Failed to execute 'postMessage' on 'DOMWindow': The target origin provided ('https://challenges.cloudflare.com') does not match the recipient window's origin ('https://linux.do'). @ https://challenges.cloudflare.com/turnstile/v0/api.js?_upgrade=true&_cb=1785740702769:0
[ -565129ms] [WARNING] Failed to execute 'postMessage' on 'DOMWindow': The target origin provided ('https://challenges.cloudflare.com') does not match the recipient window's origin ('https://linux.do'). @ https://challenges.cloudflare.com/turnstile/v0/api.js?_upgrade=true&_cb=1785744303563:0
[ -505136ms] [WARNING] Failed to execute 'postMessage' on 'DOMWindow': The target origin provided ('https://challenges.cloudflare.com') does not match the recipient window's origin ('https://linux.do'). @ https://challenges.cloudflare.com/turnstile/v0/api.js?_upgrade=true&_cb=1785744303563:0
[ -445130ms] [WARNING] Failed to execute 'postMessage' on 'DOMWindow': The target origin provided ('https://challenges.cloudflare.com') does not match the recipient window's origin ('https://linux.do'). @ https://challenges.cloudflare.com/turnstile/v0/api.js?_upgrade=true&_cb=1785744303563:0
[ -384924ms] [WARNING] Failed to execute 'postMessage' on 'DOMWindow': The target origin provided ('https://challenges.cloudflare.com') does not match the recipient window's origin ('https://linux.do'). @ https://challenges.cloudflare.com/turnstile/v0/api.js?_upgrade=true&_cb=1785744303563:0
[ -384127ms] [WARNING] Failed to execute 'postMessage' on 'DOMWindow': The target origin provided ('https://challenges.cloudflare.com') does not match the recipient window's origin ('https://linux.do'). @ https://challenges.cloudflare.com/turnstile/v0/api.js?_upgrade=true&_cb=1785744303563:0
[ -383147ms] [WARNING] Failed to execute 'postMessage' on 'DOMWindow': The target origin provided ('https://challenges.cloudflare.com') does not match the recipient window's origin ('https://linux.do'). @ https://challenges.cloudflare.com/turnstile/v0/api.js?_upgrade=true&_cb=1785744303563:0
[ -382071ms] [WARNING] Failed to execute 'postMessage' on 'DOMWindow': The target origin provided ('https://challenges.cloudflare.com') does not match the recipient window's origin ('https://linux.do'). @ https://challenges.cloudflare.com/turnstile/v0/api.js?_upgrade=true&_cb=1785744303563:0
[ -378814ms] [WARNING] Failed to execute 'postMessage' on 'DOMWindow': The target origin provided ('https://challenges.cloudflare.com') does not match the recipient window's origin ('https://linux.do'). @ https://challenges.cloudflare.com/turnstile/v0/api.js?_upgrade=true&_cb=1785744303563:0
[ -378108ms] [WARNING] Failed to execute 'postMessage' on 'DOMWindow': The target origin provided ('https://challenges.cloudflare.com') does not match the recipient window's origin ('https://linux.do'). @ https://challenges.cloudflare.com/turnstile/v0/api.js?_upgrade=true&_cb=1785744303563:0
[ -375580ms] [WARNING] Failed to execute 'postMessage' on 'DOMWindow': The target origin provided ('https://challenges.cloudflare.com') does not match the recipient window's origin ('https://linux.do'). @ https://challenges.cloudflare.com/turnstile/v0/api.js?_upgrade=true&_cb=1785744303563:0
[ -375408ms] [WARNING] Failed to execute 'postMessage' on 'DOMWindow': The target origin provided ('https://challenges.cloudflare.com') does not match the recipient window's origin ('https://linux.do'). @ https://challenges.cloudflare.com/turnstile/v0/api.js?_upgrade=true&_cb=1785744303563:0
[ -374535ms] [WARNING] Failed to execute 'postMessage' on 'DOMWindow': The target origin provided ('https://challenges.cloudflare.com') does not match the recipient window's origin ('https://linux.do'). @ https://challenges.cloudflare.com/turnstile/v0/api.js?_upgrade=true&_cb=1785744303563:0
[ -341245ms] [WARNING] Failed to execute 'postMessage' on 'DOMWindow': The target origin provided ('https://challenges.cloudflare.com') does not match the recipient window's origin ('https://linux.do'). @ https://challenges.cloudflare.com/turnstile/v0/api.js?_upgrade=true&_cb=1785744303563:0
[ -275417ms] [WARNING] Failed to execute 'postMessage' on 'DOMWindow': The target origin provided ('https://challenges.cloudflare.com') does not match the recipient window's origin ('https://linux.do'). @ https://challenges.cloudflare.com/turnstile/v0/api.js?_upgrade=true&_cb=1785744303563:0
[ -274647ms] [WARNING] Failed to execute 'postMessage' on 'DOMWindow': The target origin provided ('https://challenges.cloudflare.com') does not match the recipient window's origin ('https://linux.do'). @ https://challenges.cloudflare.com/turnstile/v0/api.js?_upgrade=true&_cb=1785744303563:0
[ -273759ms] [WARNING] Failed to execute 'postMessage' on 'DOMWindow': The target origin provided ('https://challenges.cloudflare.com') does not match the recipient window's origin ('https://linux.do'). @ https://challenges.cloudflare.com/turnstile/v0/api.js?_upgrade=true&_cb=1785744303563:0
[ -272802ms] [WARNING] Failed to execute 'postMessage' on 'DOMWindow': The target origin provided ('https://challenges.cloudflare.com') does not match the recipient window's origin ('https://linux.do'). @ https://challenges.cloudflare.com/turnstile/v0/api.js?_upgrade=true&_cb=1785744303563:0
[ -271879ms] [WARNING] Failed to execute 'postMessage' on 'DOMWindow': The target origin provided ('https://challenges.cloudflare.com') does not match the recipient window's origin ('https://linux.do'). @ https://challenges.cloudflare.com/turnstile/v0/api.js?_upgrade=true&_cb=1785744303563:0
[ -271058ms] [WARNING] Failed to execute 'postMessage' on 'DOMWindow': The target origin provided ('https://challenges.cloudflare.com') does not match the recipient window's origin ('https://linux.do'). @ https://challenges.cloudflare.com/turnstile/v0/api.js?_upgrade=true&_cb=1785744303563:0
[ -270159ms] [WARNING] Failed to execute 'postMessage' on 'DOMWindow': The target origin provided ('https://challenges.cloudflare.com') does not match the recipient window's origin ('https://linux.do'). @ https://challenges.cloudflare.com/turnstile/v0/api.js?_upgrade=true&_cb=1785744303563:0
[ -269257ms] [WARNING] Failed to execute 'postMessage' on 'DOMWindow': The target origin provided ('https://challenges.cloudflare.com') does not match the recipient window's origin ('https://linux.do'). @ https://challenges.cloudflare.com/turnstile/v0/api.js?_upgrade=true&_cb=1785744303563:0
[ -268165ms] [WARNING] Failed to execute 'postMessage' on 'DOMWindow': The target origin provided ('https://challenges.cloudflare.com') does not match the recipient window's origin ('https://linux.do'). @ https://challenges.cloudflare.com/turnstile/v0/api.js?_upgrade=true&_cb=1785744303563:0
[ -267154ms] [WARNING] Failed to execute 'postMessage' on 'DOMWindow': The target origin provided ('https://challenges.cloudflare.com') does not match the recipient window's origin ('https://linux.do'). @ https://challenges.cloudflare.com/turnstile/v0/api.js?_upgrade=true&_cb=1785744303563:0
[ -266153ms] [WARNING] Failed to execute 'postMessage' on 'DOMWindow': The target origin provided ('https://challenges.cloudflare.com') does not match the recipient window's origin ('https://linux.do'). @ https://challenges.cloudflare.com/turnstile/v0/api.js?_upgrade=true&_cb=1785744303563:0
[ -265151ms] [WARNING] Failed to execute 'postMessage' on 'DOMWindow': The target origin provided ('https://challenges.cloudflare.com') does not match the recipient window's origin ('https://linux.do'). @ https://challenges.cloudflare.com/turnstile/v0/api.js?_upgrade=true&_cb=1785744303563:0
[ -264144ms] [WARNING] Failed to execute 'postMessage' on 'DOMWindow': The target origin provided ('https://challenges.cloudflare.com') does not match the recipient window's origin ('https://linux.do'). @ https://challenges.cloudflare.com/turnstile/v0/api.js?_upgrade=true&_cb=1785744303563:0
[ -263153ms] [WARNING] Failed to execute 'postMessage' on 'DOMWindow': The target origin provided ('https://challenges.cloudflare.com') does not match the recipient window's origin ('https://linux.do'). @ https://challenges.cloudflare.com/turnstile/v0/api.js?_upgrade=true&_cb=1785744303563:0
[ -262156ms] [WARNING] Failed to execute 'postMessage' on 'DOMWindow': The target origin provided ('https://challenges.cloudflare.com') does not match the recipient window's origin ('https://linux.do'). @ https://challenges.cloudflare.com/turnstile/v0/api.js?_upgrade=true&_cb=1785744303563:0
[ -261154ms] [WARNING] Failed to execute 'postMessage' on 'DOMWindow': The target origin provided ('https://challenges.cloudflare.com') does not match the recipient window's origin ('https://linux.do'). @ https://challenges.cloudflare.com/turnstile/v0/api.js?_upgrade=true&_cb=1785744303563:0
[ -260130ms] [WARNING] Failed to execute 'postMessage' on 'DOMWindow': The target origin provided ('https://challenges.cloudflare.com') does not match the recipient window's origin ('https://linux.do'). @ https://challenges.cloudflare.com/turnstile/v0/api.js?_upgrade=true&_cb=1785744303563:0
[ -259149ms] [WARNING] Failed to execute 'postMessage' on 'DOMWindow': The target origin provided ('https://challenges.cloudflare.com') does not match the recipient window's origin ('https://linux.do'). @ https://challenges.cloudflare.com/turnstile/v0/api.js?_upgrade=true&_cb=1785744303563:0
[ -258140ms] [WARNING] Failed to execute 'postMessage' on 'DOMWindow': The target origin provided ('https://challenges.cloudflare.com') does not match the recipient window's origin ('https://linux.do'). @ https://challenges.cloudflare.com/turnstile/v0/api.js?_upgrade=true&_cb=1785744303563:0
[ -257161ms] [WARNING] Failed to execute 'postMessage' on 'DOMWindow': The target origin provided ('https://challenges.cloudflare.com') does not match the recipient window's origin ('https://linux.do'). @ https://challenges.cloudflare.com/turnstile/v0/api.js?_upgrade=true&_cb=1785744303563:0
[ -256155ms] [WARNING] Failed to execute 'postMessage' on 'DOMWindow': The target origin provided ('https://challenges.cloudflare.com') does not match the recipient window's origin ('https://linux.do'). @ https://challenges.cloudflare.com/turnstile/v0/api.js?_upgrade=true&_cb=1785744303563:0
[ -255143ms] [WARNING] Failed to execute 'postMessage' on 'DOMWindow': The target origin provided ('https://challenges.cloudflare.com') does not match the recipient window's origin ('https://linux.do'). @ https://challenges.cloudflare.com/turnstile/v0/api.js?_upgrade=true&_cb=1785744303563:0
[ -254147ms] [WARNING] Failed to execute 'postMessage' on 'DOMWindow': The target origin provided ('https://challenges.cloudflare.com') does not match the recipient window's origin ('https://linux.do'). @ https://challenges.cloudflare.com/turnstile/v0/api.js?_upgrade=true&_cb=1785744303563:0
[ -253158ms] [WARNING] Failed to execute 'postMessage' on 'DOMWindow': The target origin provided ('https://challenges.cloudflare.com') does not match the recipient window's origin ('https://linux.do'). @ https://challenges.cloudflare.com/turnstile/v0/api.js?_upgrade=true&_cb=1785744303563:0
[ -252151ms] [WARNING] Failed to execute 'postMessage' on 'DOMWindow': The target origin provided ('https://challenges.cloudflare.com') does not match the recipient window's origin ('https://linux.do'). @ https://challenges.cloudflare.com/turnstile/v0/api.js?_upgrade=true&_cb=1785744303563:0
[ -251157ms] [WARNING] Failed to execute 'postMessage' on 'DOMWindow': The target origin provided ('https://challenges.cloudflare.com') does not match the recipient window's origin ('https://linux.do'). @ https://challenges.cloudflare.com/turnstile/v0/api.js?_upgrade=true&_cb=1785744303563:0
[ -250148ms] [WARNING] Failed to execute 'postMessage' on 'DOMWindow': The target origin provided ('https://challenges.cloudflare.com') does not match the recipient window's origin ('https://linux.do'). @ https://challenges.cloudflare.com/turnstile/v0/api.js?_upgrade=true&_cb=1785744303563:0
[ -249148ms] [WARNING] Failed to execute 'postMessage' on 'DOMWindow': The target origin provided ('https://challenges.cloudflare.com') does not match the recipient window's origin ('https://linux.do'). @ https://challenges.cloudflare.com/turnstile/v0/api.js?_upgrade=true&_cb=1785744303563:0
[ -248157ms] [WARNING] Failed to execute 'postMessage' on 'DOMWindow': The target origin provided ('https://challenges.cloudflare.com') does not match the recipient window's origin ('https://linux.do'). @ https://challenges.cloudflare.com/turnstile/v0/api.js?_upgrade=true&_cb=1785744303563:0
[ -247149ms] [WARNING] Failed to execute 'postMessage' on 'DOMWindow': The target origin provided ('https://challenges.cloudflare.com') does not match the recipient window's origin ('https://linux.do'). @ https://challenges.cloudflare.com/turnstile/v0/api.js?_upgrade=true&_cb=1785744303563:0
[ -246157ms] [WARNING] Failed to execute 'postMessage' on 'DOMWindow': The target origin provided ('https://challenges.cloudflare.com') does not match the recipient window's origin ('https://linux.do'). @ https://challenges.cloudflare.com/turnstile/v0/api.js?_upgrade=true&_cb=1785744303563:0
[ -245156ms] [WARNING] Failed to execute 'postMessage' on 'DOMWindow': The target origin provided ('https://challenges.cloudflare.com') does not match the recipient window's origin ('https://linux.do'). @ https://challenges.cloudflare.com/turnstile/v0/api.js?_upgrade=true&_cb=1785744303563:0
[ -244149ms] [WARNING] Failed to execute 'postMessage' on 'DOMWindow': The target origin provided ('https://challenges.cloudflare.com') does not match the recipient window's origin ('https://linux.do'). @ https://challenges.cloudflare.com/turnstile/v0/api.js?_upgrade=true&_cb=1785744303563:0
[ -243160ms] [WARNING] Failed to execute 'postMessage' on 'DOMWindow': The target origin provided ('https://challenges.cloudflare.com') does not match the recipient window's origin ('https://linux.do'). @ https://challenges.cloudflare.com/turnstile/v0/api.js?_upgrade=true&_cb=1785744303563:0
[ -242158ms] [WARNING] Failed to execute 'postMessage' on 'DOMWindow': The target origin provided ('https://challenges.cloudflare.com') does not match the recipient window's origin ('https://linux.do'). @ https://challenges.cloudflare.com/turnstile/v0/api.js?_upgrade=true&_cb=1785744303563:0
[ -241156ms] [WARNING] Failed to execute 'postMessage' on 'DOMWindow': The target origin provided ('https://challenges.cloudflare.com') does not match the recipient window's origin ('https://linux.do'). @ https://challenges.cloudflare.com/turnstile/v0/api.js?_upgrade=true&_cb=1785744303563:0
[ -240149ms] [WARNING] Failed to execute 'postMessage' on 'DOMWindow': The target origin provided ('https://challenges.cloudflare.com') does not match the recipient window's origin ('https://linux.do'). @ https://challenges.cloudflare.com/turnstile/v0/api.js?_upgrade=true&_cb=1785744303563:0
[ -239155ms] [WARNING] Failed to execute 'postMessage' on 'DOMWindow': The target origin provided ('https://challenges.cloudflare.com') does not match the recipient window's origin ('https://linux.do'). @ https://challenges.cloudflare.com/turnstile/v0/api.js?_upgrade=true&_cb=1785744303563:0
[ -238139ms] [WARNING] Failed to execute 'postMessage' on 'DOMWindow': The target origin provided ('https://challenges.cloudflare.com') does not match the recipient window's origin ('https://linux.do'). @ https://challenges.cloudflare.com/turnstile/v0/api.js?_upgrade=true&_cb=1785744303563:0
[ -237153ms] [WARNING] Failed to execute 'postMessage' on 'DOMWindow': The target origin provided ('https://challenges.cloudflare.com') does not match the recipient window's origin ('https://linux.do'). @ https://challenges.cloudflare.com/turnstile/v0/api.js?_upgrade=true&_cb=1785744303563:0
[ -236150ms] [WARNING] Failed to execute 'postMessage' on 'DOMWindow': The target origin provided ('https://challenges.cloudflare.com') does not match the recipient window's origin ('https://linux.do'). @ https://challenges.cloudflare.com/turnstile/v0/api.js?_upgrade=true&_cb=1785744303563:0
[ -235151ms] [WARNING] Failed to execute 'postMessage' on 'DOMWindow': The target origin provided ('https://challenges.cloudflare.com') does not match the recipient window's origin ('https://linux.do'). @ https://challenges.cloudflare.com/turnstile/v0/api.js?_upgrade=true&_cb=1785744303563:0
[ -234160ms] [WARNING] Failed to execute 'postMessage' on 'DOMWindow': The target origin provided ('https://challenges.cloudflare.com') does not match the recipient window's origin ('https://linux.do'). @ https://challenges.cloudflare.com/turnstile/v0/api.js?_upgrade=true&_cb=1785744303563:0
[ -233157ms] [WARNING] Failed to execute 'postMessage' on 'DOMWindow': The target origin provided ('https://challenges.cloudflare.com') does not match the recipient window's origin ('https://linux.do'). @ https://challenges.cloudflare.com/turnstile/v0/api.js?_upgrade=true&_cb=1785744303563:0
[ -232143ms] [WARNING] Failed to execute 'postMessage' on 'DOMWindow': The target origin provided ('https://challenges.cloudflare.com') does not match the recipient window's origin ('https://linux.do'). @ https://challenges.cloudflare.com/turnstile/v0/api.js?_upgrade=true&_cb=1785744303563:0
[ -231150ms] [WARNING] Failed to execute 'postMessage' on 'DOMWindow': The target origin provided ('https://challenges.cloudflare.com') does not match the recipient window's origin ('https://linux.do'). @ https://challenges.cloudflare.com/turnstile/v0/api.js?_upgrade=true&_cb=1785744303563:0
[ -230150ms] [WARNING] Failed to execute 'postMessage' on 'DOMWindow': The target origin provided ('https://challenges.cloudflare.com') does not match the recipient window's origin ('https://linux.do'). @ https://challenges.cloudflare.com/turnstile/v0/api.js?_upgrade=true&_cb=1785744303563:0
[ -229154ms] [WARNING] Failed to execute 'postMessage' on 'DOMWindow': The target origin provided ('https://challenges.cloudflare.com') does not match the recipient window's origin ('https://linux.do'). @ https://challenges.cloudflare.com/turnstile/v0/api.js?_upgrade=true&_cb=1785744303563:0
[ -228129ms] [WARNING] Failed to execute 'postMessage' on 'DOMWindow': The target origin provided ('https://challenges.cloudflare.com') does not match the recipient window's origin ('https://linux.do'). @ https://challenges.cloudflare.com/turnstile/v0/api.js?_upgrade=true&_cb=1785744303563:0
[ -227147ms] [WARNING] Failed to execute 'postMessage' on 'DOMWindow': The target origin provided ('https://challenges.cloudflare.com') does not match the recipient window's origin ('https://linux.do'). @ https://challenges.cloudflare.com/turnstile/v0/api.js?_upgrade=true&_cb=1785744303563:0
[ -226090ms] [WARNING] Failed to execute 'postMessage' on 'DOMWindow': The target origin provided ('https://challenges.cloudflare.com') does not match the recipient window's origin ('https://linux.do'). @ https://challenges.cloudflare.com/turnstile/v0/api.js?_upgrade=true&_cb=1785744303563:0
[ -225161ms] [WARNING] Failed to execute 'postMessage' on 'DOMWindow': The target origin provided ('https://challenges.cloudflare.com') does not match the recipient window's origin ('https://linux.do'). @ https://challenges.cloudflare.com/turnstile/v0/api.js?_upgrade=true&_cb=1785744303563:0
[ -224059ms] [WARNING] Failed to execute 'postMessage' on 'DOMWindow': The target origin provided ('https://challenges.cloudflare.com') does not match the recipient window's origin ('https://linux.do'). @ https://challenges.cloudflare.com/turnstile/v0/api.js?_upgrade=true&_cb=1785744303563:0
[ -222774ms] [WARNING] Failed to execute 'postMessage' on 'DOMWindow': The target origin provided ('https://challenges.cloudflare.com') does not match the recipient window's origin ('https://linux.do'). @ https://challenges.cloudflare.com/turnstile/v0/api.js?_upgrade=true&_cb=1785744303563:0
[ -222133ms] [WARNING] Failed to execute 'postMessage' on 'DOMWindow': The target origin provided ('https://challenges.cloudflare.com') does not match the recipient window's origin ('https://linux.do'). @ https://challenges.cloudflare.com/turnstile/v0/api.js?_upgrade=true&_cb=1785744303563:0
[ -221147ms] [WARNING] Failed to execute 'postMessage' on 'DOMWindow': The target origin provided ('https://challenges.cloudflare.com') does not match the recipient window's origin ('https://linux.do'). @ https://challenges.cloudflare.com/turnstile/v0/api.js?_upgrade=true&_cb=1785744303563:0
[ -220116ms] [WARNING] Failed to execute 'postMessage' on 'DOMWindow': The target origin provided ('https://challenges.cloudflare.com') does not match the recipient window's origin ('https://linux.do'). @ https://challenges.cloudflare.com/turnstile/v0/api.js?_upgrade=true&_cb=1785744303563:0
[ -219157ms] [WARNING] Failed to execute 'postMessage' on 'DOMWindow': The target origin provided ('https://challenges.cloudflare.com') does not match the recipient window's origin ('https://linux.do'). @ https://challenges.cloudflare.com/turnstile/v0/api.js?_upgrade=true&_cb=1785744303563:0
[ -218150ms] [WARNING] Failed to execute 'postMessage' on 'DOMWindow': The target origin provided ('https://challenges.cloudflare.com') does not match the recipient window's origin ('https://linux.do'). @ https://challenges.cloudflare.com/turnstile/v0/api.js?_upgrade=true&_cb=1785744303563:0
[ -217148ms] [WARNING] Failed to execute 'postMessage' on 'DOMWindow': The target origin provided ('https://challenges.cloudflare.com') does not match the recipient window's origin ('https://linux.do'). @ https://challenges.cloudflare.com/turnstile/v0/api.js?_upgrade=true&_cb=1785744303563:0
[ -216157ms] [WARNING] Failed to execute 'postMessage' on 'DOMWindow': The target origin provided ('https://challenges.cloudflare.com') does not match the recipient window's origin ('https://linux.do'). @ https://challenges.cloudflare.com/turnstile/v0/api.js?_upgrade=true&_cb=1785744303563:0
[ -215154ms] [WARNING] Failed to execute 'postMessage' on 'DOMWindow': The target origin provided ('https://challenges.cloudflare.com') does not match the recipient window's origin ('https://linux.do'). @ https://challenges.cloudflare.com/turnstile/v0/api.js?_upgrade=true&_cb=1785744303563:0
[ -214086ms] [WARNING] Failed to execute 'postMessage' on 'DOMWindow': The target origin provided ('https://challenges.cloudflare.com') does not match the recipient window's origin ('https://linux.do'). @ https://challenges.cloudflare.com/turnstile/v0/api.js?_upgrade=true&_cb=1785744303563:0
[ -213151ms] [WARNING] Failed to execute 'postMessage' on 'DOMWindow': The target origin provided ('https://challenges.cloudflare.com') does not match the recipient window's origin ('https://linux.do'). @ https://challenges.cloudflare.com/turnstile/v0/api.js?_upgrade=true&_cb=1785744303563:0
[ -212158ms] [WARNING] Failed to execute 'postMessage' on 'DOMWindow': The target origin provided ('https://challenges.cloudflare.com') does not match the recipient window's origin ('https://linux.do'). @ https://challenges.cloudflare.com/turnstile/v0/api.js?_upgrade=true&_cb=1785744303563:0
[ -211145ms] [WARNING] Failed to execute 'postMessage' on 'DOMWindow': The target origin provided ('https://challenges.cloudflare.com') does not match the recipient window's origin ('https://linux.do'). @ https://challenges.cloudflare.com/turnstile/v0/api.js?_upgrade=true&_cb=1785744303563:0
[ -210152ms] [WARNING] Failed to execute 'postMessage' on 'DOMWindow': The target origin provided ('https://challenges.cloudflare.com') does not match the recipient window's origin ('https://linux.do'). @ https://challenges.cloudflare.com/turnstile/v0/api.js?_upgrade=true&_cb=1785744303563:0
[ -209152ms] [WARNING] Failed to execute 'postMessage' on 'DOMWindow': The target origin provided ('https://challenges.cloudflare.com') does not match the recipient window's origin ('https://linux.do'). @ https://challenges.cloudflare.com/turnstile/v0/api.js?_upgrade=true&_cb=1785744303563:0
[ -208159ms] [WARNING] Failed to execute 'postMessage' on 'DOMWindow': The target origin provided ('https://challenges.cloudflare.com') does not match the recipient window's origin ('https://linux.do'). @ https://challenges.cloudflare.com/turnstile/v0/api.js?_upgrade=true&_cb=1785744303563:0
[ -207158ms] [WARNING] Failed to execute 'postMessage' on 'DOMWindow': The target origin provided ('https://challenges.cloudflare.com') does not match the recipient window's origin ('https://linux.do'). @ https://challenges.cloudflare.com/turnstile/v0/api.js?_upgrade=true&_cb=1785744303563:0
[ -206151ms] [WARNING] Failed to execute 'postMessage' on 'DOMWindow': The target origin provided ('https://challenges.cloudflare.com') does not match the recipient window's origin ('https://linux.do'). @ https://challenges.cloudflare.com/turnstile/v0/api.js?_upgrade=true&_cb=1785744303563:0
[ -205154ms] [WARNING] Failed to execute 'postMessage' on 'DOMWindow': The target origin provided ('https://challenges.cloudflare.com') does not match the recipient window's origin ('https://linux.do'). @ https://challenges.cloudflare.com/turnstile/v0/api.js?_upgrade=true&_cb=1785744303563:0
[ -204144ms] [WARNING] Failed to execute 'postMessage' on 'DOMWindow': The target origin provided ('https://challenges.cloudflare.com') does not match the recipient window's origin ('https://linux.do'). @ https://challenges.cloudflare.com/turnstile/v0/api.js?_upgrade=true&_cb=1785744303563:0
[ -203151ms] [WARNING] Failed to execute 'postMessage' on 'DOMWindow': The target origin provided ('https://challenges.cloudflare.com') does not match the recipient window's origin ('https://linux.do'). @ https://challenges.cloudflare.com/turnstile/v0/api.js?_upgrade=true&_cb=1785744303563:0
[ -202144ms] [WARNING] Failed to execute 'postMessage' on 'DOMWindow': The target origin provided ('https://challenges.cloudflare.com') does not match the recipient window's origin ('https://linux.do'). @ https://challenges.cloudflare.com/turnstile/v0/api.js?_upgrade=true&_cb=1785744303563:0
[ -201160ms] [WARNING] Failed to execute 'postMessage' on 'DOMWindow': The target origin provided ('https://challenges.cloudflare.com') does not match the recipient window's origin ('https://linux.do'). @ https://challenges.cloudflare.com/turnstile/v0/api.js?_upgrade=true&_cb=1785744303563:0
[ -200151ms] [WARNING] Failed to execute 'postMessage' on 'DOMWindow': The target origin provided ('https://challenges.cloudflare.com') does not match the recipient window's origin ('https://linux.do'). @ https://challenges.cloudflare.com/turnstile/v0/api.js?_upgrade=true&_cb=1785744303563:0
[ -199150ms] [WARNING] Failed to execute 'postMessage' on 'DOMWindow': The target origin provided ('https://challenges.cloudflare.com') does not match the recipient window's origin ('https://linux.do'). @ https://challenges.cloudflare.com/turnstile/v0/api.js?_upgrade=true&_cb=1785744303563:0
[ -198158ms] [WARNING] Failed to execute 'postMessage' on 'DOMWindow': The target origin provided ('https://challenges.cloudflare.com') does not match the recipient window's origin ('https://linux.do'). @ https://challenges.cloudflare.com/turnstile/v0/api.js?_upgrade=true&_cb=1785744303563:0
[ -197154ms] [WARNING] Failed to execute 'postMessage' on 'DOMWindow': The target origin provided ('https://challenges.cloudflare.com') does not match the recipient window's origin ('https://linux.do'). @ https://challenges.cloudflare.com/turnstile/v0/api.js?_upgrade=true&_cb=1785744303563:0
[ -196080ms] [WARNING] Failed to execute 'postMessage' on 'DOMWindow': The target origin provided ('https://challenges.cloudflare.com') does not match the recipient window's origin ('https://linux.do'). @ https://challenges.cloudflare.com/turnstile/v0/api.js?_upgrade=true&_cb=1785744303563:0
[ -195160ms] [WARNING] Failed to execute 'postMessage' on 'DOMWindow': The target origin provided ('https://challenges.cloudflare.com') does not match the recipient window's origin ('https://linux.do'). @ https://challenges.cloudflare.com/turnstile/v0/api.js?_upgrade=true&_cb=1785744303563:0
[ -194104ms] [WARNING] Failed to execute 'postMessage' on 'DOMWindow': The target origin provided ('https://challenges.cloudflare.com') does not match the recipient window's origin ('https://linux.do'). @ https://challenges.cloudflare.com/turnstile/v0/api.js?_upgrade=true&_cb=1785744303563:0
[ -193151ms] [WARNING] Failed to execute 'postMessage' on 'DOMWindow': The target origin provided ('https://challenges.cloudflare.com') does not match the recipient window's origin ('https://linux.do'). @ https://challenges.cloudflare.com/turnstile/v0/api.js?_upgrade=true&_cb=1785744303563:0
[ -192150ms] [WARNING] Failed to execute 'postMessage' on 'DOMWindow': The target origin provided ('https://challenges.cloudflare.com') does not match the recipient window's origin ('https://linux.do'). @ https://challenges.cloudflare.com/turnstile/v0/api.js?_upgrade=true&_cb=1785744303563:0
[ -191146ms] [WARNING] Failed to execute 'postMessage' on 'DOMWindow': The target origin provided ('https://challenges.cloudflare.com') does not match the recipient window's origin ('https://linux.do'). @ https://challenges.cloudflare.com/turnstile/v0/api.js?_upgrade=true&_cb=1785744303563:0
[ -190089ms] [WARNING] Failed to execute 'postMessage' on 'DOMWindow': The target origin provided ('https://challenges.cloudflare.com') does not match the recipient window's origin ('https://linux.do'). @ https://challenges.cloudflare.com/turnstile/v0/api.js?_upgrade=true&_cb=1785744303563:0
[ -189154ms] [WARNING] Failed to execute 'postMessage' on 'DOMWindow': The target origin provided ('https://challenges.cloudflare.com') does not match the recipient window's origin ('https://linux.do'). @ https://challenges.cloudflare.com/turnstile/v0/api.js?_upgrade=true&_cb=1785744303563:0
[ -188157ms] [WARNING] Failed to execute 'postMessage' on 'DOMWindow': The target origin provided ('https://challenges.cloudflare.com') does not match the recipient window's origin ('https://linux.do'). @ https://challenges.cloudflare.com/turnstile/v0/api.js?_upgrade=true&_cb=1785744303563:0
[ -187155ms] [WARNING] Failed to execute 'postMessage' on 'DOMWindow': The target origin provided ('https://challenges.cloudflare.com') does not match the recipient window's origin ('https://linux.do'). @ https://challenges.cloudflare.com/turnstile/v0/api.js?_upgrade=true&_cb=1785744303563:0
[ -186156ms] [WARNING] Failed to execute 'postMessage' on 'DOMWindow': The target origin provided ('https://challenges.cloudflare.com') does not match the recipient window's origin ('https://linux.do'). @ https://challenges.cloudflare.com/turnstile/v0/api.js?_upgrade=true&_cb=1785744303563:0
[ -185159ms] [WARNING] Failed to execute 'postMessage' on 'DOMWindow': The target origin provided ('https://challenges.cloudflare.com') does not match the recipient window's origin ('https://linux.do'). @ https://challenges.cloudflare.com/turnstile/v0/api.js?_upgrade=true&_cb=1785744303563:0
[ -184097ms] [WARNING] Failed to execute 'postMessage' on 'DOMWindow': The target origin provided ('https://challenges.cloudflare.com') does not match the recipient window's origin ('https://linux.do'). @ https://challenges.cloudflare.com/turnstile/v0/api.js?_upgrade=true&_cb=1785744303563:0
[ -183157ms] [WARNING] Failed to execute 'postMessage' on 'DOMWindow': The target origin provided ('https://challenges.cloudflare.com') does not match the recipient window's origin ('https://linux.do'). @ https://challenges.cloudflare.com/turnstile/v0/api.js?_upgrade=true&_cb=1785744303563:0
[ -182158ms] [WARNING] Failed to execute 'postMessage' on 'DOMWindow': The target origin provided ('https://challenges.cloudflare.com') does not match the recipient window's origin ('https://linux.do'). @ https://challenges.cloudflare.com/turnstile/v0/api.js?_upgrade=true&_cb=1785744303563:0
[ -181145ms] [WARNING] Failed to execute 'postMessage' on 'DOMWindow': The target origin provided ('https://challenges.cloudflare.com') does not match the recipient window's origin ('https://linux.do'). @ https://challenges.cloudflare.com/turnstile/v0/api.js?_upgrade=true&_cb=1785744303563:0
[ -180138ms] [WARNING] Failed to execute 'postMessage' on 'DOMWindow': The target origin provided ('https://challenges.cloudflare.com') does not match the recipient window's origin ('https://linux.do'). @ https://challenges.cloudflare.com/turnstile/v0/api.js?_upgrade=true&_cb=1785744303563:0
[ -179154ms] [WARNING] Failed to execute 'postMessage' on 'DOMWindow': The target origin provided ('https://challenges.cloudflare.com') does not match the recipient window's origin ('https://linux.do'). @ https://challenges.cloudflare.com/turnstile/v0/api.js?_upgrade=true&_cb=1785744303563:0
[ -178117ms] [WARNING] Failed to execute 'postMessage' on 'DOMWindow': The target origin provided ('https://challenges.cloudflare.com') does not match the recipient window's origin ('https://linux.do'). @ https://challenges.cloudflare.com/turnstile/v0/api.js?_upgrade=true&_cb=1785744303563:0
[ -177147ms] [WARNING] Failed to execute 'postMessage' on 'DOMWindow': The target origin provided ('https://challenges.cloudflare.com') does not match the recipient window's origin ('https://linux.do'). @ https://challenges.cloudflare.com/turnstile/v0/api.js?_upgrade=true&_cb=1785744303563:0
[ -176157ms] [WARNING] Failed to execute 'postMessage' on 'DOMWindow': The target origin provided ('https://challenges.cloudflare.com') does not match the recipient window's origin ('https://linux.do'). @ https://challenges.cloudflare.com/turnstile/v0/api.js?_upgrade=true&_cb=1785744303563:0
[ -175154ms] [WARNING] Failed to execute 'postMessage' on 'DOMWindow': The target origin provided ('https://challenges.cloudflare.com') does not match the recipient window's origin ('https://linux.do'). @ https://challenges.cloudflare.com/turnstile/v0/api.js?_upgrade=true&_cb=1785744303563:0
[ -174146ms] [WARNING] Failed to execute 'postMessage' on 'DOMWindow': The target origin provided ('https://challenges.cloudflare.com') does not match the recipient window's origin ('https://linux.do'). @ https://challenges.cloudflare.com/turnstile/v0/api.js?_upgrade=true&_cb=1785744303563:0
[ -173156ms] [WARNING] Failed to execute 'postMessage' on 'DOMWindow': The target origin provided ('https://challenges.cloudflare.com') does not match the recipient window's origin ('https://linux.do'). @ https://challenges.cloudflare.com/turnstile/v0/api.js?_upgrade=true&_cb=1785744303563:0
[ -172141ms] [WARNING] Failed to execute 'postMessage' on 'DOMWindow': The target origin provided ('https://challenges.cloudflare.com') does not match the recipient window's origin ('https://linux.do'). @ https://challenges.cloudflare.com/turnstile/v0/api.js?_upgrade=true&_cb=1785744303563:0
[ -171152ms] [WARNING] Failed to execute 'postMessage' on 'DOMWindow': The target origin provided ('https://challenges.cloudflare.com') does not match the recipient window's origin ('https://linux.do'). @ https://challenges.cloudflare.com/turnstile/v0/api.js?_upgrade=true&_cb=1785744303563:0
[ -170157ms] [WARNING] Failed to execute 'postMessage' on 'DOMWindow': The target origin provided ('https://challenges.cloudflare.com') does not match the recipient window's origin ('https://linux.do'). @ https://challenges.cloudflare.com/turnstile/v0/api.js?_upgrade=true&_cb=1785744303563:0
[ -169150ms] [WARNING] Failed to execute 'postMessage' on 'DOMWindow': The target origin provided ('https://challenges.cloudflare.com') does not match the recipient window's origin ('https://linux.do'). @ https://challenges.cloudflare.com/turnstile/v0/api.js?_upgrade=true&_cb=1785744303563:0
[ -168128ms] [WARNING] Failed to execute 'postMessage' on 'DOMWindow': The target origin provided ('https://challenges.cloudflare.com') does not match the recipient window's origin ('https://linux.do'). @ https://challenges.cloudflare.com/turnstile/v0/api.js?_upgrade=true&_cb=1785744303563:0
[ -167158ms] [WARNING] Failed to execute 'postMessage' on 'DOMWindow': The target origin provided ('https://challenges.cloudflare.com') does not match the recipient window's origin ('https://linux.do'). @ https://challenges.cloudflare.com/turnstile/v0/api.js?_upgrade=true&_cb=1785744303563:0
[ -166126ms] [WARNING] Failed to execute 'postMessage' on 'DOMWindow': The target origin provided ('https://challenges.cloudflare.com') does not match the recipient window's origin ('https://linux.do'). @ https://challenges.cloudflare.com/turnstile/v0/api.js?_upgrade=true&_cb=1785744303563:0
[ -165152ms] [WARNING] Failed to execute 'postMessage' on 'DOMWindow': The target origin provided ('https://challenges.cloudflare.com') does not match the recipient window's origin ('https://linux.do'). @ https://challenges.cloudflare.com/turnstile/v0/api.js?_upgrade=true&_cb=1785744303563:0
[ -164078ms] [WARNING] Failed to execute 'postMessage' on 'DOMWindow': The target origin provided ('https://challenges.cloudflare.com') does not match the recipient window's origin ('https://linux.do'). @ https://challenges.cloudflare.com/turnstile/v0/api.js?_upgrade=true&_cb=1785744303563:0
[ -163150ms] [WARNING] Failed to execute 'postMessage' on 'DOMWindow': The target origin provided ('https://challenges.cloudflare.com') does not match the recipient window's origin ('https://linux.do'). @ https://challenges.cloudflare.com/turnstile/v0/api.js?_upgrade=true&_cb=1785744303563:0
[ -162156ms] [WARNING] Failed to execute 'postMessage' on 'DOMWindow': The target origin provided ('https://challenges.cloudflare.com') does not match the recipient window's origin ('https://linux.do'). @ https://challenges.cloudflare.com/turnstile/v0/api.js?_upgrade=true&_cb=1785744303563:0
[ -145093ms] [WARNING] Failed to execute 'postMessage' on 'DOMWindow': The target origin provided ('https://challenges.cloudflare.com') does not match the recipient window's origin ('https://linux.do'). @ https://challenges.cloudflare.com/turnstile/v0/api.js?_upgrade=true&_cb=1785744303563:0
[  -85137ms] [WARNING] Failed to execute 'postMessage' on 'DOMWindow': The target origin provided ('https://challenges.cloudflare.com') does not match the recipient window's origin ('https://linux.do'). @ https://challenges.cloudflare.com/turnstile/v0/api.js?_upgrade=true&_cb=1785744303563:0
[-31009893ms] [LOG] [OAuth] Initial hash check: (empty) @ chrome-extension://dhdgffkkebhmkfjojejmpbldmpobfkfo/userscript.html?name=LDStatus-Pro.user.js&id=51801759-f125-46db-9d07-c651b8594c44:105
[-31008849ms] [LOG] ℹ️ Discourse v2026.8.0-latest.1 — https://github.com/discourse/discourse/commits/7d635130bf — Ember v6.10.1 @ https://cdn3.ldstatic.com/assets/br/discourse-mf5rrii8.digested.js:227
[-31008245ms] [LOG] [OAuth] _checkPendingOAuthLogin called, _pendingOAuthData: null @ chrome-extension://dhdgffkkebhmkfjojejmpbldmpobfkfo/userscript.html?name=LDStatus-Pro.user.js&id=51801759-f125-46db-9d07-c651b8594c44:15986
[-31008245ms] [LOG] [OAuth] No early captured data, trying URL hash fallback... @ chrome-extension://dhdgffkkebhmkfjojejmpbldmpobfkfo/userscript.html?name=LDStatus-Pro.user.js&id=51801759-f125-46db-9d07-c651b8594c44:15993
[-31008245ms] [LOG] [OAuth] pendingResult: null @ chrome-extension://dhdgffkkebhmkfjojejmpbldmpobfkfo/userscript.html?name=LDStatus-Pro.user.js&id=51801759-f125-46db-9d07-c651b8594c44:15997
[-31008245ms] [LOG] [OAuth] No valid pending login result @ chrome-extension://dhdgffkkebhmkfjojejmpbldmpobfkfo/userscript.html?name=LDStatus-Pro.user.js&id=51801759-f125-46db-9d07-c651b8594c44:16009
[-7859378ms] [WARNING] Failed to update topic times for topic 2683293 due to 429 error @ https://cdn3.ldstatic.com/assets/br/discourse-mf5rrii8.digested.js:148
[-7840362ms] [WARNING] Failed to update topic times for topic 2683293 due to 429 error @ https://cdn3.ldstatic.com/assets/br/discourse-mf5rrii8.digested.js:148
[-7821191ms] [WARNING] Failed to update topic times for topic 2683293 due to 429 error @ https://cdn3.ldstatic.com/assets/br/discourse-mf5rrii8.digested.js:148
[-7815167ms] [WARNING] Failed to update topic times for topic 2683293 due to 429 error @ https://cdn3.ldstatic.com/assets/br/discourse-mf5rrii8.digested.js:148
[-7366756ms] [WARNING] Failed to update topic times for topic 2692182 due to 429 error @ https://cdn3.ldstatic.com/assets/br/discourse-mf5rrii8.digested.js:148
[-7360640ms] [WARNING] Failed to update topic times for topic 2692182 due to 429 error @ https://cdn3.ldstatic.com/assets/br/discourse-mf5rrii8.digested.js:148
[-7348464ms] [WARNING] Failed to update topic times for topic 2692182 due to 429 error @ https://cdn3.ldstatic.com/assets/br/discourse-mf5rrii8.digested.js:148
[-7316917ms] [WARNING] Failed to update topic times for topic 2696705 due to 429 error @ https://cdn3.ldstatic.com/assets/br/discourse-mf5rrii8.digested.js:148
[ -229155ms] [LOG] Turnstile Widget seem to have hung:  cg7ry @ https://challenges.cloudflare.com/turnstile/v0/api.js?_upgrade=true&_cb=1785744303563:0
[ -181146ms] [LOG] Turnstile Widget seem to have hung:  cg7ry @ https://challenges.cloudflare.com/turnstile/v0/api.js?_upgrade=true&_cb=1785744303563:0
[     135ms] TurnstileError: [Cloudflare Turnstile] Error: 300010.
    at x (https://challenges.cloudflare.com/turnstile/v0/api.js?_upgrade=true&_cb=1785744303563:1:17607)
    at ye (https://challenges.cloudflare.com/turnstile/v0/api.js?_upgrade=true&_cb=1785744303563:1:66957)
    at Ve (https://challenges.cloudflare.com/turnstile/v0/api.js?_upgrade=true&_cb=1785744303563:1:72789)
[     135ms] TurnstileError: [Cloudflare Turnstile] Error: 110600.
    at x (https://challenges.cloudflare.com/turnstile/v0/api.js?_upgrade=true&_cb=1785744303563:1:17607)
    at ye (https://challenges.cloudflare.com/turnstile/v0/api.js?_upgrade=true&_cb=1785744303563:1:66957)
    at Ve (https://challenges.cloudflare.com/turnstile/v0/api.js?_upgrade=true&_cb=1785744303563:1:72789)
[     135ms] TurnstileError: [Cloudflare Turnstile] Error: 300010.
    at x (https://challenges.cloudflare.com/turnstile/v0/api.js?_upgrade=true&_cb=1785744303563:1:17607)
    at ye (https://challenges.cloudflare.com/turnstile/v0/api.js?_upgrade=true&_cb=1785744303563:1:66957)
    at Ve (https://challenges.cloudflare.com/turnstile/v0/api.js?_upgrade=true&_cb=1785744303563:1:72789)
[     135ms] TurnstileError: [Cloudflare Turnstile] Error: 300030.
    at x (https://challenges.cloudflare.com/turnstile/v0/api.js?_upgrade=true&_cb=1785744303563:1:17607)
    at Object.ye [as internalMsgHandler] (https://challenges.cloudflare.com/turnstile/v0/api.js?_upgrade=true&_cb=1785744303563:1:66957)
    at Ki (https://challenges.cloudflare.com/turnstile/v0/api.js?_upgrade=true&_cb=1785744303563:1:31134)
    at https://challenges.cloudflare.com/turnstile/v0/api.js?_upgrade=true&_cb=1785744303563:1:31790
[     135ms] TurnstileError: [Cloudflare Turnstile] Error: 300030.
    at x (https://challenges.cloudflare.com/turnstile/v0/api.js?_upgrade=true&_cb=1785744303563:1:17607)
    at Object.ye [as internalMsgHandler] (https://challenges.cloudflare.com/turnstile/v0/api.js?_upgrade=true&_cb=1785744303563:1:66957)
    at Ki (https://challenges.cloudflare.com/turnstile/v0/api.js?_upgrade=true&_cb=1785744303563:1:31134)
    at https://challenges.cloudflare.com/turnstile/v0/api.js?_upgrade=true&_cb=1785744303563:1:31790
[  -71090ms] [ERROR] Failed to load resource: net::ERR_CONNECTION_CLOSED @ https://challenges.cloudflare.com/cdn-cgi/challenge-platform/h/g/turnstile/f/av0/rchImdUintTElE_YEl0XJX6A3wuih5h6umLMAZLOcSkAF0-1785746163-1.3.1.1-PyOWBAXQ9T.cC82iHOWeieY1MSbZe62Hp297ZLu.8b4/cg7ry/0x4AAAAAAAc2BQjPEms9tKlM/auto/fbE/crashed_retry/normal?lang=auto:0
[   21849ms] [LOG] Turnstile Widget seem to have hung:  cg7ry @ https://challenges.cloudflare.com/turnstile/v0/api.js?_upgrade=true&_cb=1785744303563:0
[   21856ms] TurnstileError: [Cloudflare Turnstile] Error: 300030.
    at x (https://challenges.cloudflare.com/turnstile/v0/api.js?_upgrade=true&_cb=1785744303563:1:17607)
    at Object.ye [as internalMsgHandler] (https://challenges.cloudflare.com/turnstile/v0/api.js?_upgrade=true&_cb=1785744303563:1:66957)
    at Ki (https://challenges.cloudflare.com/turnstile/v0/api.js?_upgrade=true&_cb=1785744303563:1:31134)
    at https://challenges.cloudflare.com/turnstile/v0/api.js?_upgrade=true&_cb=1785744303563:1:31790
[   22865ms] [WARNING] Failed to execute 'postMessage' on 'DOMWindow': The target origin provided ('https://challenges.cloudflare.com') does not match the recipient window's origin ('https://linux.do'). @ https://challenges.cloudflare.com/turnstile/v0/api.js?_upgrade=true&_cb=1785744303563:0
[   23843ms] [WARNING] Failed to execute 'postMessage' on 'DOMWindow': The target origin provided ('https://challenges.cloudflare.com') does not match the recipient window's origin ('https://linux.do'). @ https://challenges.cloudflare.com/turnstile/v0/api.js?_upgrade=true&_cb=1785744303563:0
[   24840ms] [WARNING] Failed to execute 'postMessage' on 'DOMWindow': The target origin provided ('https://challenges.cloudflare.com') does not match the recipient window's origin ('https://linux.do'). @ https://challenges.cloudflare.com/turnstile/v0/api.js?_upgrade=true&_cb=1785744303563:0
[   25513ms] [ERROR] Creating a TrustedTypePolicy named 'sanitizer' violates the following Content Security policy directive: "trusted-types nfFM8 default". The action has been blocked. @ chrome-extension://gjkaolmncjlagdhkamocpknlngfbfmnm/content_script.js:4931
[   25967ms] [ERROR] Blocked script execution in 'about:blank' because the document's frame is sandboxed and the 'allow-scripts' permission is not set. @ https://challenges.cloudflare.com/cdn-cgi/challenge-platform/h/g/turnstile/f/av0/rchImdUintTElE_YEl0XJX6A3wuih5h6umLMAZLOcSkAF0-1785746163-1.3.1.1-PyOWBAXQ9T.cC82iHOWeieY1MSbZe62Hp297ZLu.8b4/cg7ry/0x4AAAAAAAc2BQjPEms9tKlM/auto/fbE/crashed_retry/normal?lang=auto:0
[   25967ms] [ERROR] Blocked script execution in 'about:blank' because the document's frame is sandboxed and the 'allow-scripts' permission is not set. @ https://challenges.cloudflare.com/cdn-cgi/challenge-platform/h/g/turnstile/f/av0/rchImdUintTElE_YEl0XJX6A3wuih5h6umLMAZLOcSkAF0-1785746163-1.3.1.1-PyOWBAXQ9T.cC82iHOWeieY1MSbZe62Hp297ZLu.8b4/cg7ry/0x4AAAAAAAc2BQjPEms9tKlM/auto/fbE/crashed_retry/normal?lang=auto:0
[   25975ms] [ERROR] Blocked script execution in 'about:blank' because the document's frame is sandboxed and the 'allow-scripts' permission is not set. @ https://challenges.cloudflare.com/cdn-cgi/challenge-platform/h/g/turnstile/f/av0/rchImdUintTElE_YEl0XJX6A3wuih5h6umLMAZLOcSkAF0-1785746163-1.3.1.1-PyOWBAXQ9T.cC82iHOWeieY1MSbZe62Hp297ZLu.8b4/cg7ry/0x4AAAAAAAc2BQjPEms9tKlM/auto/fbE/crashed_retry/normal?lang=auto:0
[   38695ms] [ERROR] Blocked script execution in 'about:blank' because the document's frame is sandboxed and the 'allow-scripts' permission is not set. @ https://challenges.cloudflare.com/cdn-cgi/challenge-platform/h/g/turnstile/f/av0/rchImdUintTElE_YEl0XJX6A3wuih5h6umLMAZLOcSkAF0-1785746163-1.3.1.1-PyOWBAXQ9T.cC82iHOWeieY1MSbZe62Hp297ZLu.8b4/cg7ry/0x4AAAAAAAc2BQjPEms9tKlM/auto/fbE/crashed_retry/normal?lang=auto:0
[   38696ms] [ERROR] Blocked script execution in 'about:blank' because the document's frame is sandboxed and the 'allow-scripts' permission is not set. @ https://challenges.cloudflare.com/cdn-cgi/challenge-platform/h/g/turnstile/f/av0/rchImdUintTElE_YEl0XJX6A3wuih5h6umLMAZLOcSkAF0-1785746163-1.3.1.1-PyOWBAXQ9T.cC82iHOWeieY1MSbZe62Hp297ZLu.8b4/cg7ry/0x4AAAAAAAc2BQjPEms9tKlM/auto/fbE/crashed_retry/normal?lang=auto:0
[   38702ms] [ERROR] Blocked script execution in 'about:blank' because the document's frame is sandboxed and the 'allow-scripts' permission is not set. @ https://challenges.cloudflare.com/cdn-cgi/challenge-platform/h/g/turnstile/f/av0/rchImdUintTElE_YEl0XJX6A3wuih5h6umLMAZLOcSkAF0-1785746163-1.3.1.1-PyOWBAXQ9T.cC82iHOWeieY1MSbZe62Hp297ZLu.8b4/cg7ry/0x4AAAAAAAc2BQjPEms9tKlM/auto/fbE/crashed_retry/normal?lang=auto:0
[   38705ms] [LOG] /.*.*=.*/ @ https://challenges.cloudflare.com/cdn-cgi/challenge-platform/h/g/turnstile/f/av0/rchImdUintTElE_YEl0XJX6A3wuih5h6umLMAZLOcSkAF0-1785746163-1.3.1.1-PyOWBAXQ9T.cC82iHOWeieY1MSbZe62Hp297ZLu.8b4/cg7ry/0x4AAAAAAAc2BQjPEms9tKlM/auto/fbE/crashed_retry/normal?lang=auto:0
[   38706ms] [LOG] /.*.*=.*/ @ https://challenges.cloudflare.com/cdn-cgi/challenge-platform/h/g/turnstile/f/av0/rchImdUintTElE_YEl0XJX6A3wuih5h6umLMAZLOcSkAF0-1785746163-1.3.1.1-PyOWBAXQ9T.cC82iHOWeieY1MSbZe62Hp297ZLu.8b4/cg7ry/0x4AAAAAAAc2BQjPEms9tKlM/auto/fbE/crashed_retry/normal?lang=auto:0
[   38707ms] [LOG] function () { [native code] } @ https://challenges.cloudflare.com/cdn-cgi/challenge-platform/h/g/turnstile/f/av0/rchImdUintTElE_YEl0XJX6A3wuih5h6umLMAZLOcSkAF0-1785746163-1.3.1.1-PyOWBAXQ9T.cC82iHOWeieY1MSbZe62Hp297ZLu.8b4/cg7ry/0x4AAAAAAAc2BQjPEms9tKlM/auto/fbE/crashed_retry/normal?lang=auto:0
[   38708ms] [LOG] function () { [native code] } @ https://challenges.cloudflare.com/cdn-cgi/challenge-platform/h/g/turnstile/f/av0/rchImdUintTElE_YEl0XJX6A3wuih5h6umLMAZLOcSkAF0-1785746163-1.3.1.1-PyOWBAXQ9T.cC82iHOWeieY1MSbZe62Hp297ZLu.8b4/cg7ry/0x4AAAAAAAc2BQjPEms9tKlM/auto/fbE/crashed_retry/normal?lang=auto:0
[   38709ms] [LOG] JSHandle@node @ https://challenges.cloudflare.com/cdn-cgi/challenge-platform/h/g/turnstile/f/av0/rchImdUintTElE_YEl0XJX6A3wuih5h6umLMAZLOcSkAF0-1785746163-1.3.1.1-PyOWBAXQ9T.cC82iHOWeieY1MSbZe62Hp297ZLu.8b4/cg7ry/0x4AAAAAAAc2BQjPEms9tKlM/auto/fbE/crashed_retry/normal?lang=auto:0
[   38710ms] [LOG] JSHandle@node @ https://challenges.cloudflare.com/cdn-cgi/challenge-platform/h/g/turnstile/f/av0/rchImdUintTElE_YEl0XJX6A3wuih5h6umLMAZLOcSkAF0-1785746163-1.3.1.1-PyOWBAXQ9T.cC82iHOWeieY1MSbZe62Hp297ZLu.8b4/cg7ry/0x4AAAAAAAc2BQjPEms9tKlM/auto/fbE/crashed_retry/normal?lang=auto:0
[   38717ms] [COUNT]  : 1 @ https://challenges.cloudflare.com/cdn-cgi/challenge-platform/h/g/turnstile/f/av0/rchImdUintTElE_YEl0XJX6A3wuih5h6umLMAZLOcSkAF0-1785746163-1.3.1.1-PyOWBAXQ9T.cC82iHOWeieY1MSbZe62Hp297ZLu.8b4/cg7ry/0x4AAAAAAAc2BQjPEms9tKlM/auto/fbE/crashed_retry/normal?lang=auto:0
[   38717ms] [COUNT]  : 1 @ https://challenges.cloudflare.com/cdn-cgi/challenge-platform/h/g/turnstile/f/av0/rchImdUintTElE_YEl0XJX6A3wuih5h6umLMAZLOcSkAF0-1785746163-1.3.1.1-PyOWBAXQ9T.cC82iHOWeieY1MSbZe62Hp297ZLu.8b4/cg7ry/0x4AAAAAAAc2BQjPEms9tKlM/auto/fbE/crashed_retry/normal?lang=auto:0
[   38736ms] [DIR]  Error @ https://challenges.cloudflare.com/cdn-cgi/challenge-platform/h/g/turnstile/f/av0/rchImdUintTElE_YEl0XJX6A3wuih5h6umLMAZLOcSkAF0-1785746163-1.3.1.1-PyOWBAXQ9T.cC82iHOWeieY1MSbZe62Hp297ZLu.8b4/cg7ry/0x4AAAAAAAc2BQjPEms9tKlM/auto/fbE/crashed_retry/normal?lang=auto:0
[   38737ms] [DIR]  Error @ https://challenges.cloudflare.com/cdn-cgi/challenge-platform/h/g/turnstile/f/av0/rchImdUintTElE_YEl0XJX6A3wuih5h6umLMAZLOcSkAF0-1785746163-1.3.1.1-PyOWBAXQ9T.cC82iHOWeieY1MSbZe62Hp297ZLu.8b4/cg7ry/0x4AAAAAAAc2BQjPEms9tKlM/auto/fbE/crashed_retry/normal?lang=auto:0
[   38738ms] [DIRXML] %c%d font-size:0;color:transparent Error @ https://challenges.cloudflare.com/cdn-cgi/challenge-platform/h/g/turnstile/f/av0/rchImdUintTElE_YEl0XJX6A3wuih5h6umLMAZLOcSkAF0-1785746163-1.3.1.1-PyOWBAXQ9T.cC82iHOWeieY1MSbZe62Hp297ZLu.8b4/cg7ry/0x4AAAAAAAc2BQjPEms9tKlM/auto/fbE/crashed_retry/normal?lang=auto:0
[   38739ms] [DIRXML] %c%d font-size:0;color:transparent Error @ https://challenges.cloudflare.com/cdn-cgi/challenge-platform/h/g/turnstile/f/av0/rchImdUintTElE_YEl0XJX6A3wuih5h6umLMAZLOcSkAF0-1785746163-1.3.1.1-PyOWBAXQ9T.cC82iHOWeieY1MSbZe62Hp297ZLu.8b4/cg7ry/0x4AAAAAAAc2BQjPEms9tKlM/auto/fbE/crashed_retry/normal?lang=auto:0
[   38741ms] [ERROR] %c%d font-size:0;color:transparent NaN @ https://challenges.cloudflare.com/cdn-cgi/challenge-platform/h/g/turnstile/f/av0/rchImdUintTElE_YEl0XJX6A3wuih5h6umLMAZLOcSkAF0-1785746163-1.3.1.1-PyOWBAXQ9T.cC82iHOWeieY1MSbZe62Hp297ZLu.8b4/cg7ry/0x4AAAAAAAc2BQjPEms9tKlM/auto/fbE/crashed_retry/normal?lang=auto:0
[   38742ms] [ERROR] %c%d font-size:0;color:transparent NaN @ https://challenges.cloudflare.com/cdn-cgi/challenge-platform/h/g/turnstile/f/av0/rchImdUintTElE_YEl0XJX6A3wuih5h6umLMAZLOcSkAF0-1785746163-1.3.1.1-PyOWBAXQ9T.cC82iHOWeieY1MSbZe62Hp297ZLu.8b4/cg7ry/0x4AAAAAAAc2BQjPEms9tKlM/auto/fbE/crashed_retry/normal?lang=auto:0
[   38744ms] [INFO] %c%d font-size:0;color:transparent NaN @ https://challenges.cloudflare.com/cdn-cgi/challenge-platform/h/g/turnstile/f/av0/rchImdUintTElE_YEl0XJX6A3wuih5h6umLMAZLOcSkAF0-1785746163-1.3.1.1-PyOWBAXQ9T.cC82iHOWeieY1MSbZe62Hp297ZLu.8b4/cg7ry/0x4AAAAAAAc2BQjPEms9tKlM/auto/fbE/crashed_retry/normal?lang=auto:0
[   38744ms] [INFO] %c%d font-size:0;color:transparent NaN @ https://challenges.cloudflare.com/cdn-cgi/challenge-platform/h/g/turnstile/f/av0/rchImdUintTElE_YEl0XJX6A3wuih5h6umLMAZLOcSkAF0-1785746163-1.3.1.1-PyOWBAXQ9T.cC82iHOWeieY1MSbZe62Hp297ZLu.8b4/cg7ry/0x4AAAAAAAc2BQjPEms9tKlM/auto/fbE/crashed_retry/normal?lang=auto:0
[   38746ms] [LOG] %c%d font-size:0;color:transparent NaN @ https://challenges.cloudflare.com/cdn-cgi/challenge-platform/h/g/turnstile/f/av0/rchImdUintTElE_YEl0XJX6A3wuih5h6umLMAZLOcSkAF0-1785746163-1.3.1.1-PyOWBAXQ9T.cC82iHOWeieY1MSbZe62Hp297ZLu.8b4/cg7ry/0x4AAAAAAAc2BQjPEms9tKlM/auto/fbE/crashed_retry/normal?lang=auto:0
[   38747ms] [LOG] %c%d font-size:0;color:transparent NaN @ https://challenges.cloudflare.com/cdn-cgi/challenge-platform/h/g/turnstile/f/av0/rchImdUintTElE_YEl0XJX6A3wuih5h6umLMAZLOcSkAF0-1785746163-1.3.1.1-PyOWBAXQ9T.cC82iHOWeieY1MSbZe62Hp297ZLu.8b4/cg7ry/0x4AAAAAAAc2BQjPEms9tKlM/auto/fbE/crashed_retry/normal?lang=auto:0
[   38748ms] [TABLE] %c%d font-size:0;color:transparent Error @ https://challenges.cloudflare.com/cdn-cgi/challenge-platform/h/g/turnstile/f/av0/rchImdUintTElE_YEl0XJX6A3wuih5h6umLMAZLOcSkAF0-1785746163-1.3.1.1-PyOWBAXQ9T.cC82iHOWeieY1MSbZe62Hp297ZLu.8b4/cg7ry/0x4AAAAAAAc2BQjPEms9tKlM/auto/fbE/crashed_retry/normal?lang=auto:0
[   38749ms] [TABLE] %c%d font-size:0;color:transparent Error @ https://challenges.cloudflare.com/cdn-cgi/challenge-platform/h/g/turnstile/f/av0/rchImdUintTElE_YEl0XJX6A3wuih5h6umLMAZLOcSkAF0-1785746163-1.3.1.1-PyOWBAXQ9T.cC82iHOWeieY1MSbZe62Hp297ZLu.8b4/cg7ry/0x4AAAAAAAc2BQjPEms9tKlM/auto/fbE/crashed_retry/normal?lang=auto:0
[   38752ms] [WARNING] %c%d font-size:0;color:transparent NaN @ https://challenges.cloudflare.com/cdn-cgi/challenge-platform/h/g/turnstile/f/av0/rchImdUintTElE_YEl0XJX6A3wuih5h6umLMAZLOcSkAF0-1785746163-1.3.1.1-PyOWBAXQ9T.cC82iHOWeieY1MSbZe62Hp297ZLu.8b4/cg7ry/0x4AAAAAAAc2BQjPEms9tKlM/auto/fbE/crashed_retry/normal?lang=auto:0
[   38752ms] [WARNING] %c%d font-size:0;color:transparent NaN @ https://challenges.cloudflare.com/cdn-cgi/challenge-platform/h/g/turnstile/f/av0/rchImdUintTElE_YEl0XJX6A3wuih5h6umLMAZLOcSkAF0-1785746163-1.3.1.1-PyOWBAXQ9T.cC82iHOWeieY1MSbZe62Hp297ZLu.8b4/cg7ry/0x4AAAAAAAc2BQjPEms9tKlM/auto/fbE/crashed_retry/normal?lang=auto:0
[   39214ms] [WARNING] WebGL: INVALID_ENUM: getInternalformatParameter: invalid internalformat @ https://challenges.cloudflare.com/cdn-cgi/challenge-platform/h/g/turnstile/f/av0/rchImdUintTElE_YEl0XJX6A3wuih5h6umLMAZLOcSkAF0-1785746163-1.3.1.1-PyOWBAXQ9T.cC82iHOWeieY1MSbZe62Hp297ZLu.8b4/cg7ry/0x4AAAAAAAc2BQjPEms9tKlM/auto/fbE/crashed_retry/normal?lang=auto:0
[   39215ms] [WARNING] WebGL: INVALID_ENUM: getInternalformatParameter: invalid internalformat @ https://challenges.cloudflare.com/cdn-cgi/challenge-platform/h/g/turnstile/f/av0/rchImdUintTElE_YEl0XJX6A3wuih5h6umLMAZLOcSkAF0-1785746163-1.3.1.1-PyOWBAXQ9T.cC82iHOWeieY1MSbZe62Hp297ZLu.8b4/cg7ry/0x4AAAAAAAc2BQjPEms9tKlM/auto/fbE/crashed_retry/normal?lang=auto:0
[   39216ms] [WARNING] WebGL: INVALID_ENUM: getInternalformatParameter: invalid internalformat @ https://challenges.cloudflare.com/cdn-cgi/challenge-platform/h/g/turnstile/f/av0/rchImdUintTElE_YEl0XJX6A3wuih5h6umLMAZLOcSkAF0-1785746163-1.3.1.1-PyOWBAXQ9T.cC82iHOWeieY1MSbZe62Hp297ZLu.8b4/cg7ry/0x4AAAAAAAc2BQjPEms9tKlM/auto/fbE/crashed_retry/normal?lang=auto:0
[   39216ms] [WARNING] WebGL: INVALID_ENUM: getInternalformatParameter: invalid internalformat @ https://challenges.cloudflare.com/cdn-cgi/challenge-platform/h/g/turnstile/f/av0/rchImdUintTElE_YEl0XJX6A3wuih5h6umLMAZLOcSkAF0-1785746163-1.3.1.1-PyOWBAXQ9T.cC82iHOWeieY1MSbZe62Hp297ZLu.8b4/cg7ry/0x4AAAAAAAc2BQjPEms9tKlM/auto/fbE/crashed_retry/normal?lang=auto:0
[   39217ms] [WARNING] WebGL: INVALID_ENUM: getInternalformatParameter: invalid internalformat @ https://challenges.cloudflare.com/cdn-cgi/challenge-platform/h/g/turnstile/f/av0/rchImdUintTElE_YEl0XJX6A3wuih5h6umLMAZLOcSkAF0-1785746163-1.3.1.1-PyOWBAXQ9T.cC82iHOWeieY1MSbZe62Hp297ZLu.8b4/cg7ry/0x4AAAAAAAc2BQjPEms9tKlM/auto/fbE/crashed_retry/normal?lang=auto:0
[   39217ms] [WARNING] WebGL: INVALID_ENUM: getInternalformatParameter: invalid internalformat @ https://challenges.cloudflare.com/cdn-cgi/challenge-platform/h/g/turnstile/f/av0/rchImdUintTElE_YEl0XJX6A3wuih5h6umLMAZLOcSkAF0-1785746163-1.3.1.1-PyOWBAXQ9T.cC82iHOWeieY1MSbZe62Hp297ZLu.8b4/cg7ry/0x4AAAAAAAc2BQjPEms9tKlM/auto/fbE/crashed_retry/normal?lang=auto:0
[   39217ms] [WARNING] WebGL: INVALID_ENUM: getInternalformatParameter: invalid internalformat @ https://challenges.cloudflare.com/cdn-cgi/challenge-platform/h/g/turnstile/f/av0/rchImdUintTElE_YEl0XJX6A3wuih5h6umLMAZLOcSkAF0-1785746163-1.3.1.1-PyOWBAXQ9T.cC82iHOWeieY1MSbZe62Hp297ZLu.8b4/cg7ry/0x4AAAAAAAc2BQjPEms9tKlM/auto/fbE/crashed_retry/normal?lang=auto:0
[   39217ms] [WARNING] WebGL: INVALID_ENUM: getInternalformatParameter: invalid internalformat @ https://challenges.cloudflare.com/cdn-cgi/challenge-platform/h/g/turnstile/f/av0/rchImdUintTElE_YEl0XJX6A3wuih5h6umLMAZLOcSkAF0-1785746163-1.3.1.1-PyOWBAXQ9T.cC82iHOWeieY1MSbZe62Hp297ZLu.8b4/cg7ry/0x4AAAAAAAc2BQjPEms9tKlM/auto/fbE/crashed_retry/normal?lang=auto:0
[   39218ms] [WARNING] WebGL: INVALID_ENUM: getInternalformatParameter: invalid internalformat @ https://challenges.cloudflare.com/cdn-cgi/challenge-platform/h/g/turnstile/f/av0/rchImdUintTElE_YEl0XJX6A3wuih5h6umLMAZLOcSkAF0-1785746163-1.3.1.1-PyOWBAXQ9T.cC82iHOWeieY1MSbZe62Hp297ZLu.8b4/cg7ry/0x4AAAAAAAc2BQjPEms9tKlM/auto/fbE/crashed_retry/normal?lang=auto:0
[   39218ms] [WARNING] WebGL: INVALID_ENUM: getInternalformatParameter: invalid internalformat @ https://challenges.cloudflare.com/cdn-cgi/challenge-platform/h/g/turnstile/f/av0/rchImdUintTElE_YEl0XJX6A3wuih5h6umLMAZLOcSkAF0-1785746163-1.3.1.1-PyOWBAXQ9T.cC82iHOWeieY1MSbZe62Hp297ZLu.8b4/cg7ry/0x4AAAAAAAc2BQjPEms9tKlM/auto/fbE/crashed_retry/normal?lang=auto:0
[   39219ms] [WARNING] WebGL: INVALID_ENUM: getInternalformatParameter: invalid internalformat @ https://challenges.cloudflare.com/cdn-cgi/challenge-platform/h/g/turnstile/f/av0/rchImdUintTElE_YEl0XJX6A3wuih5h6umLMAZLOcSkAF0-1785746163-1.3.1.1-PyOWBAXQ9T.cC82iHOWeieY1MSbZe62Hp297ZLu.8b4/cg7ry/0x4AAAAAAAc2BQjPEms9tKlM/auto/fbE/crashed_retry/normal?lang=auto:0
[   39221ms] [WARNING] WebGL: INVALID_ENUM: getInternalformatParameter: invalid internalformat when EXT_color_buffer_[half_]float is not enabled @ https://challenges.cloudflare.com/cdn-cgi/challenge-platform/h/g/turnstile/f/av0/rchImdUintTElE_YEl0XJX6A3wuih5h6umLMAZLOcSkAF0-1785746163-1.3.1.1-PyOWBAXQ9T.cC82iHOWeieY1MSbZe62Hp297ZLu.8b4/cg7ry/0x4AAAAAAAc2BQjPEms9tKlM/auto/fbE/crashed_retry/normal?lang=auto:0
[   39221ms] [WARNING] WebGL: INVALID_ENUM: getInternalformatParameter: invalid internalformat when EXT_color_buffer_float is not enabled @ https://challenges.cloudflare.com/cdn-cgi/challenge-platform/h/g/turnstile/f/av0/rchImdUintTElE_YEl0XJX6A3wuih5h6umLMAZLOcSkAF0-1785746163-1.3.1.1-PyOWBAXQ9T.cC82iHOWeieY1MSbZe62Hp297ZLu.8b4/cg7ry/0x4AAAAAAAc2BQjPEms9tKlM/auto/fbE/crashed_retry/normal?lang=auto:0
[   39221ms] [WARNING] WebGL: INVALID_ENUM: getInternalformatParameter: invalid internalformat when EXT_color_buffer_float is not enabled @ https://challenges.cloudflare.com/cdn-cgi/challenge-platform/h/g/turnstile/f/av0/rchImdUintTElE_YEl0XJX6A3wuih5h6umLMAZLOcSkAF0-1785746163-1.3.1.1-PyOWBAXQ9T.cC82iHOWeieY1MSbZe62Hp297ZLu.8b4/cg7ry/0x4AAAAAAAc2BQjPEms9tKlM/auto/fbE/crashed_retry/normal?lang=auto:0
[   39221ms] [WARNING] WebGL: INVALID_ENUM: getInternalformatParameter: invalid internalformat @ https://challenges.cloudflare.com/cdn-cgi/challenge-platform/h/g/turnstile/f/av0/rchImdUintTElE_YEl0XJX6A3wuih5h6umLMAZLOcSkAF0-1785746163-1.3.1.1-PyOWBAXQ9T.cC82iHOWeieY1MSbZe62Hp297ZLu.8b4/cg7ry/0x4AAAAAAAc2BQjPEms9tKlM/auto/fbE/crashed_retry/normal?lang=auto:0
[   39222ms] [WARNING] WebGL: INVALID_ENUM: getInternalformatParameter: invalid internalformat when EXT_color_buffer_[half_]float is not enabled @ https://challenges.cloudflare.com/cdn-cgi/challenge-platform/h/g/turnstile/f/av0/rchImdUintTElE_YEl0XJX6A3wuih5h6umLMAZLOcSkAF0-1785746163-1.3.1.1-PyOWBAXQ9T.cC82iHOWeieY1MSbZe62Hp297ZLu.8b4/cg7ry/0x4AAAAAAAc2BQjPEms9tKlM/auto/fbE/crashed_retry/normal?lang=auto:0
[   39222ms] [WARNING] WebGL: INVALID_ENUM: getInternalformatParameter: invalid internalformat when EXT_color_buffer_float is not enabled @ https://challenges.cloudflare.com/cdn-cgi/challenge-platform/h/g/turnstile/f/av0/rchImdUintTElE_YEl0XJX6A3wuih5h6umLMAZLOcSkAF0-1785746163-1.3.1.1-PyOWBAXQ9T.cC82iHOWeieY1MSbZe62Hp297ZLu.8b4/cg7ry/0x4AAAAAAAc2BQjPEms9tKlM/auto/fbE/crashed_retry/normal?lang=auto:0
[   39222ms] [WARNING] WebGL: INVALID_ENUM: getInternalformatParameter: invalid internalformat when EXT_color_buffer_[half_]float is not enabled @ https://challenges.cloudflare.com/cdn-cgi/challenge-platform/h/g/turnstile/f/av0/rchImdUintTElE_YEl0XJX6A3wuih5h6umLMAZLOcSkAF0-1785746163-1.3.1.1-PyOWBAXQ9T.cC82iHOWeieY1MSbZe62Hp297ZLu.8b4/cg7ry/0x4AAAAAAAc2BQjPEms9tKlM/auto/fbE/crashed_retry/normal?lang=auto:0
[   39222ms] [WARNING] WebGL: INVALID_ENUM: getInternalformatParameter: invalid internalformat when EXT_color_buffer_float is not enabled @ https://challenges.cloudflare.com/cdn-cgi/challenge-platform/h/g/turnstile/f/av0/rchImdUintTElE_YEl0XJX6A3wuih5h6umLMAZLOcSkAF0-1785746163-1.3.1.1-PyOWBAXQ9T.cC82iHOWeieY1MSbZe62Hp297ZLu.8b4/cg7ry/0x4AAAAAAAc2BQjPEms9tKlM/auto/fbE/crashed_retry/normal?lang=auto:0
[   39432ms] [WARNING] The powerPreference option is currently ignored when calling requestAdapter() on Windows. See https://crbug.com/369219127 @ https://challenges.cloudflare.com/cdn-cgi/challenge-platform/h/g/turnstile/f/av0/rchImdUintTElE_YEl0XJX6A3wuih5h6umLMAZLOcSkAF0-1785746163-1.3.1.1-PyOWBAXQ9T.cC82iHOWeieY1MSbZe62Hp297ZLu.8b4/cg7ry/0x4AAAAAAAc2BQjPEms9tKlM/auto/fbE/crashed_retry/normal?lang=auto:0
[   39432ms] [WARNING] The powerPreference option is currently ignored when calling requestAdapter() on Windows. See https://crbug.com/369219127 @ https://challenges.cloudflare.com/cdn-cgi/challenge-platform/h/g/turnstile/f/av0/rchImdUintTElE_YEl0XJX6A3wuih5h6umLMAZLOcSkAF0-1785746163-1.3.1.1-PyOWBAXQ9T.cC82iHOWeieY1MSbZe62Hp297ZLu.8b4/cg7ry/0x4AAAAAAAc2BQjPEms9tKlM/auto/fbE/crashed_retry/normal?lang=auto:0
[   39439ms] [WARNING] No available adapters. @ https://challenges.cloudflare.com/cdn-cgi/challenge-platform/h/g/turnstile/f/av0/rchImdUintTElE_YEl0XJX6A3wuih5h6umLMAZLOcSkAF0-1785746163-1.3.1.1-PyOWBAXQ9T.cC82iHOWeieY1MSbZe62Hp297ZLu.8b4/cg7ry/0x4AAAAAAAc2BQjPEms9tKlM/auto/fbE/crashed_retry/normal?lang=auto:0
[   40164ms] [WARNING] OTS parsing error: Size of decompressed WOFF 2.0 is less than compressed size @ https://challenges.cloudflare.com/cdn-cgi/challenge-platform/h/g/turnstile/f/av0/rchImdUintTElE_YEl0XJX6A3wuih5h6umLMAZLOcSkAF0-1785746163-1.3.1.1-PyOWBAXQ9T.cC82iHOWeieY1MSbZe62Hp297ZLu.8b4/cg7ry/0x4AAAAAAAc2BQjPEms9tKlM/auto/fbE/crashed_retry/normal?lang=auto:0
[  331946ms] [WARNING] Failed to execute 'postMessage' on 'DOMWindow': The target origin provided ('https://challenges.cloudflare.com') does not match the recipient window's origin ('https://linux.do'). @ https://challenges.cloudflare.com/turnstile/v0/api.js?_upgrade=true&_cb=1785744303563:0
[  332865ms] [WARNING] Failed to execute 'postMessage' on 'DOMWindow': The target origin provided ('https://challenges.cloudflare.com') does not match the recipient window's origin ('https://linux.do'). @ https://challenges.cloudflare.com/turnstile/v0/api.js?_upgrade=true&_cb=1785744303563:0
[   25513ms] [ERROR] Creating a TrustedTypePolicy named 'sanitizer' violates the following Content Security policy directive: "trusted-types nfFM8 default". The action has been blocked. @ chrome-extension://gjkaolmncjlagdhkamocpknlngfbfmnm/content_script.js:4931
[   25967ms] [ERROR] Blocked script execution in 'about:blank' because the document's frame is sandboxed and the 'allow-scripts' permission is not set. @ https://challenges.cloudflare.com/cdn-cgi/challenge-platform/h/g/turnstile/f/av0/rchImdUintTElE_YEl0XJX6A3wuih5h6umLMAZLOcSkAF0-1785746163-1.3.1.1-PyOWBAXQ9T.cC82iHOWeieY1MSbZe62Hp297ZLu.8b4/cg7ry/0x4AAAAAAAc2BQjPEms9tKlM/auto/fbE/crashed_retry/normal?lang=auto:0
[   25967ms] [ERROR] Blocked script execution in 'about:blank' because the document's frame is sandboxed and the 'allow-scripts' permission is not set. @ https://challenges.cloudflare.com/cdn-cgi/challenge-platform/h/g/turnstile/f/av0/rchImdUintTElE_YEl0XJX6A3wuih5h6umLMAZLOcSkAF0-1785746163-1.3.1.1-PyOWBAXQ9T.cC82iHOWeieY1MSbZe62Hp297ZLu.8b4/cg7ry/0x4AAAAAAAc2BQjPEms9tKlM/auto/fbE/crashed_retry/normal?lang=auto:0
[   25975ms] [ERROR] Blocked script execution in 'about:blank' because the document's frame is sandboxed and the 'allow-scripts' permission is not set. @ https://challenges.cloudflare.com/cdn-cgi/challenge-platform/h/g/turnstile/f/av0/rchImdUintTElE_YEl0XJX6A3wuih5h6umLMAZLOcSkAF0-1785746163-1.3.1.1-PyOWBAXQ9T.cC82iHOWeieY1MSbZe62Hp297ZLu.8b4/cg7ry/0x4AAAAAAAc2BQjPEms9tKlM/auto/fbE/crashed_retry/normal?lang=auto:0
[   38695ms] [ERROR] Blocked script execution in 'about:blank' because the document's frame is sandboxed and the 'allow-scripts' permission is not set. @ https://challenges.cloudflare.com/cdn-cgi/challenge-platform/h/g/turnstile/f/av0/rchImdUintTElE_YEl0XJX6A3wuih5h6umLMAZLOcSkAF0-1785746163-1.3.1.1-PyOWBAXQ9T.cC82iHOWeieY1MSbZe62Hp297ZLu.8b4/cg7ry/0x4AAAAAAAc2BQjPEms9tKlM/auto/fbE/crashed_retry/normal?lang=auto:0
[   38696ms] [ERROR] Blocked script execution in 'about:blank' because the document's frame is sandboxed and the 'allow-scripts' permission is not set. @ https://challenges.cloudflare.com/cdn-cgi/challenge-platform/h/g/turnstile/f/av0/rchImdUintTElE_YEl0XJX6A3wuih5h6umLMAZLOcSkAF0-1785746163-1.3.1.1-PyOWBAXQ9T.cC82iHOWeieY1MSbZe62Hp297ZLu.8b4/cg7ry/0x4AAAAAAAc2BQjPEms9tKlM/auto/fbE/crashed_retry/normal?lang=auto:0
[   38702ms] [ERROR] Blocked script execution in 'about:blank' because the document's frame is sandboxed and the 'allow-scripts' permission is not set. @ https://challenges.cloudflare.com/cdn-cgi/challenge-platform/h/g/turnstile/f/av0/rchImdUintTElE_YEl0XJX6A3wuih5h6umLMAZLOcSkAF0-1785746163-1.3.1.1-PyOWBAXQ9T.cC82iHOWeieY1MSbZe62Hp297ZLu.8b4/cg7ry/0x4AAAAAAAc2BQjPEms9tKlM/auto/fbE/crashed_retry/normal?lang=auto:0
[   39214ms] [WARNING] WebGL: INVALID_ENUM: getInternalformatParameter: invalid internalformat @ https://challenges.cloudflare.com/cdn-cgi/challenge-platform/h/g/turnstile/f/av0/rchImdUintTElE_YEl0XJX6A3wuih5h6umLMAZLOcSkAF0-1785746163-1.3.1.1-PyOWBAXQ9T.cC82iHOWeieY1MSbZe62Hp297ZLu.8b4/cg7ry/0x4AAAAAAAc2BQjPEms9tKlM/auto/fbE/crashed_retry/normal?lang=auto:0
[   39215ms] [WARNING] WebGL: INVALID_ENUM: getInternalformatParameter: invalid internalformat @ https://challenges.cloudflare.com/cdn-cgi/challenge-platform/h/g/turnstile/f/av0/rchImdUintTElE_YEl0XJX6A3wuih5h6umLMAZLOcSkAF0-1785746163-1.3.1.1-PyOWBAXQ9T.cC82iHOWeieY1MSbZe62Hp297ZLu.8b4/cg7ry/0x4AAAAAAAc2BQjPEms9tKlM/auto/fbE/crashed_retry/normal?lang=auto:0
[   39216ms] [WARNING] WebGL: INVALID_ENUM: getInternalformatParameter: invalid internalformat @ https://challenges.cloudflare.com/cdn-cgi/challenge-platform/h/g/turnstile/f/av0/rchImdUintTElE_YEl0XJX6A3wuih5h6umLMAZLOcSkAF0-1785746163-1.3.1.1-PyOWBAXQ9T.cC82iHOWeieY1MSbZe62Hp297ZLu.8b4/cg7ry/0x4AAAAAAAc2BQjPEms9tKlM/auto/fbE/crashed_retry/normal?lang=auto:0
[   39216ms] [WARNING] WebGL: INVALID_ENUM: getInternalformatParameter: invalid internalformat @ https://challenges.cloudflare.com/cdn-cgi/challenge-platform/h/g/turnstile/f/av0/rchImdUintTElE_YEl0XJX6A3wuih5h6umLMAZLOcSkAF0-1785746163-1.3.1.1-PyOWBAXQ9T.cC82iHOWeieY1MSbZe62Hp297ZLu.8b4/cg7ry/0x4AAAAAAAc2BQjPEms9tKlM/auto/fbE/crashed_retry/normal?lang=auto:0
[   39217ms] [WARNING] WebGL: INVALID_ENUM: getInternalformatParameter: invalid internalformat @ https://challenges.cloudflare.com/cdn-cgi/challenge-platform/h/g/turnstile/f/av0/rchImdUintTElE_YEl0XJX6A3wuih5h6umLMAZLOcSkAF0-1785746163-1.3.1.1-PyOWBAXQ9T.cC82iHOWeieY1MSbZe62Hp297ZLu.8b4/cg7ry/0x4AAAAAAAc2BQjPEms9tKlM/auto/fbE/crashed_retry/normal?lang=auto:0
[   39217ms] [WARNING] WebGL: INVALID_ENUM: getInternalformatParameter: invalid internalformat @ https://challenges.cloudflare.com/cdn-cgi/challenge-platform/h/g/turnstile/f/av0/rchImdUintTElE_YEl0XJX6A3wuih5h6umLMAZLOcSkAF0-1785746163-1.3.1.1-PyOWBAXQ9T.cC82iHOWeieY1MSbZe62Hp297ZLu.8b4/cg7ry/0x4AAAAAAAc2BQjPEms9tKlM/auto/fbE/crashed_retry/normal?lang=auto:0
[   39217ms] [WARNING] WebGL: INVALID_ENUM: getInternalformatParameter: invalid internalformat @ https://challenges.cloudflare.com/cdn-cgi/challenge-platform/h/g/turnstile/f/av0/rchImdUintTElE_YEl0XJX6A3wuih5h6umLMAZLOcSkAF0-1785746163-1.3.1.1-PyOWBAXQ9T.cC82iHOWeieY1MSbZe62Hp297ZLu.8b4/cg7ry/0x4AAAAAAAc2BQjPEms9tKlM/auto/fbE/crashed_retry/normal?lang=auto:0
[   39217ms] [WARNING] WebGL: INVALID_ENUM: getInternalformatParameter: invalid internalformat @ https://challenges.cloudflare.com/cdn-cgi/challenge-platform/h/g/turnstile/f/av0/rchImdUintTElE_YEl0XJX6A3wuih5h6umLMAZLOcSkAF0-1785746163-1.3.1.1-PyOWBAXQ9T.cC82iHOWeieY1MSbZe62Hp297ZLu.8b4/cg7ry/0x4AAAAAAAc2BQjPEms9tKlM/auto/fbE/crashed_retry/normal?lang=auto:0
[   39218ms] [WARNING] WebGL: INVALID_ENUM: getInternalformatParameter: invalid internalformat @ https://challenges.cloudflare.com/cdn-cgi/challenge-platform/h/g/turnstile/f/av0/rchImdUintTElE_YEl0XJX6A3wuih5h6umLMAZLOcSkAF0-1785746163-1.3.1.1-PyOWBAXQ9T.cC82iHOWeieY1MSbZe62Hp297ZLu.8b4/cg7ry/0x4AAAAAAAc2BQjPEms9tKlM/auto/fbE/crashed_retry/normal?lang=auto:0
[   39218ms] [WARNING] WebGL: INVALID_ENUM: getInternalformatParameter: invalid internalformat @ https://challenges.cloudflare.com/cdn-cgi/challenge-platform/h/g/turnstile/f/av0/rchImdUintTElE_YEl0XJX6A3wuih5h6umLMAZLOcSkAF0-1785746163-1.3.1.1-PyOWBAXQ9T.cC82iHOWeieY1MSbZe62Hp297ZLu.8b4/cg7ry/0x4AAAAAAAc2BQjPEms9tKlM/auto/fbE/crashed_retry/normal?lang=auto:0
[   39219ms] [WARNING] WebGL: INVALID_ENUM: getInternalformatParameter: invalid internalformat @ https://challenges.cloudflare.com/cdn-cgi/challenge-platform/h/g/turnstile/f/av0/rchImdUintTElE_YEl0XJX6A3wuih5h6umLMAZLOcSkAF0-1785746163-1.3.1.1-PyOWBAXQ9T.cC82iHOWeieY1MSbZe62Hp297ZLu.8b4/cg7ry/0x4AAAAAAAc2BQjPEms9tKlM/auto/fbE/crashed_retry/normal?lang=auto:0
[   39221ms] [WARNING] WebGL: INVALID_ENUM: getInternalformatParameter: invalid internalformat when EXT_color_buffer_[half_]float is not enabled @ https://challenges.cloudflare.com/cdn-cgi/challenge-platform/h/g/turnstile/f/av0/rchImdUintTElE_YEl0XJX6A3wuih5h6umLMAZLOcSkAF0-1785746163-1.3.1.1-PyOWBAXQ9T.cC82iHOWeieY1MSbZe62Hp297ZLu.8b4/cg7ry/0x4AAAAAAAc2BQjPEms9tKlM/auto/fbE/crashed_retry/normal?lang=auto:0
[   39221ms] [WARNING] WebGL: INVALID_ENUM: getInternalformatParameter: invalid internalformat when EXT_color_buffer_float is not enabled @ https://challenges.cloudflare.com/cdn-cgi/challenge-platform/h/g/turnstile/f/av0/rchImdUintTElE_YEl0XJX6A3wuih5h6umLMAZLOcSkAF0-1785746163-1.3.1.1-PyOWBAXQ9T.cC82iHOWeieY1MSbZe62Hp297ZLu.8b4/cg7ry/0x4AAAAAAAc2BQjPEms9tKlM/auto/fbE/crashed_retry/normal?lang=auto:0
[   39221ms] [WARNING] WebGL: INVALID_ENUM: getInternalformatParameter: invalid internalformat when EXT_color_buffer_float is not enabled @ https://challenges.cloudflare.com/cdn-cgi/challenge-platform/h/g/turnstile/f/av0/rchImdUintTElE_YEl0XJX6A3wuih5h6umLMAZLOcSkAF0-1785746163-1.3.1.1-PyOWBAXQ9T.cC82iHOWeieY1MSbZe62Hp297ZLu.8b4/cg7ry/0x4AAAAAAAc2BQjPEms9tKlM/auto/fbE/crashed_retry/normal?lang=auto:0
[   39221ms] [WARNING] WebGL: INVALID_ENUM: getInternalformatParameter: invalid internalformat @ https://challenges.cloudflare.com/cdn-cgi/challenge-platform/h/g/turnstile/f/av0/rchImdUintTElE_YEl0XJX6A3wuih5h6umLMAZLOcSkAF0-1785746163-1.3.1.1-PyOWBAXQ9T.cC82iHOWeieY1MSbZe62Hp297ZLu.8b4/cg7ry/0x4AAAAAAAc2BQjPEms9tKlM/auto/fbE/crashed_retry/normal?lang=auto:0
[   39222ms] [WARNING] WebGL: INVALID_ENUM: getInternalformatParameter: invalid internalformat when EXT_color_buffer_[half_]float is not enabled @ https://challenges.cloudflare.com/cdn-cgi/challenge-platform/h/g/turnstile/f/av0/rchImdUintTElE_YEl0XJX6A3wuih5h6umLMAZLOcSkAF0-1785746163-1.3.1.1-PyOWBAXQ9T.cC82iHOWeieY1MSbZe62Hp297ZLu.8b4/cg7ry/0x4AAAAAAAc2BQjPEms9tKlM/auto/fbE/crashed_retry/normal?lang=auto:0
[   39222ms] [WARNING] WebGL: INVALID_ENUM: getInternalformatParameter: invalid internalformat when EXT_color_buffer_float is not enabled @ https://challenges.cloudflare.com/cdn-cgi/challenge-platform/h/g/turnstile/f/av0/rchImdUintTElE_YEl0XJX6A3wuih5h6umLMAZLOcSkAF0-1785746163-1.3.1.1-PyOWBAXQ9T.cC82iHOWeieY1MSbZe62Hp297ZLu.8b4/cg7ry/0x4AAAAAAAc2BQjPEms9tKlM/auto/fbE/crashed_retry/normal?lang=auto:0
[   39222ms] [WARNING] WebGL: INVALID_ENUM: getInternalformatParameter: invalid internalformat when EXT_color_buffer_[half_]float is not enabled @ https://challenges.cloudflare.com/cdn-cgi/challenge-platform/h/g/turnstile/f/av0/rchImdUintTElE_YEl0XJX6A3wuih5h6umLMAZLOcSkAF0-1785746163-1.3.1.1-PyOWBAXQ9T.cC82iHOWeieY1MSbZe62Hp297ZLu.8b4/cg7ry/0x4AAAAAAAc2BQjPEms9tKlM/auto/fbE/crashed_retry/normal?lang=auto:0
[   39222ms] [WARNING] WebGL: INVALID_ENUM: getInternalformatParameter: invalid internalformat when EXT_color_buffer_float is not enabled @ https://challenges.cloudflare.com/cdn-cgi/challenge-platform/h/g/turnstile/f/av0/rchImdUintTElE_YEl0XJX6A3wuih5h6umLMAZLOcSkAF0-1785746163-1.3.1.1-PyOWBAXQ9T.cC82iHOWeieY1MSbZe62Hp297ZLu.8b4/cg7ry/0x4AAAAAAAc2BQjPEms9tKlM/auto/fbE/crashed_retry/normal?lang=auto:0
[   39432ms] [WARNING] The powerPreference option is currently ignored when calling requestAdapter() on Windows. See https://crbug.com/369219127 @ https://challenges.cloudflare.com/cdn-cgi/challenge-platform/h/g/turnstile/f/av0/rchImdUintTElE_YEl0XJX6A3wuih5h6umLMAZLOcSkAF0-1785746163-1.3.1.1-PyOWBAXQ9T.cC82iHOWeieY1MSbZe62Hp297ZLu.8b4/cg7ry/0x4AAAAAAAc2BQjPEms9tKlM/auto/fbE/crashed_retry/normal?lang=auto:0
[   39432ms] [WARNING] The powerPreference option is currently ignored when calling requestAdapter() on Windows. See https://crbug.com/369219127 @ https://challenges.cloudflare.com/cdn-cgi/challenge-platform/h/g/turnstile/f/av0/rchImdUintTElE_YEl0XJX6A3wuih5h6umLMAZLOcSkAF0-1785746163-1.3.1.1-PyOWBAXQ9T.cC82iHOWeieY1MSbZe62Hp297ZLu.8b4/cg7ry/0x4AAAAAAAc2BQjPEms9tKlM/auto/fbE/crashed_retry/normal?lang=auto:0
[   39439ms] [WARNING] No available adapters. @ https://challenges.cloudflare.com/cdn-cgi/challenge-platform/h/g/turnstile/f/av0/rchImdUintTElE_YEl0XJX6A3wuih5h6umLMAZLOcSkAF0-1785746163-1.3.1.1-PyOWBAXQ9T.cC82iHOWeieY1MSbZe62Hp297ZLu.8b4/cg7ry/0x4AAAAAAAc2BQjPEms9tKlM/auto/fbE/crashed_retry/normal?lang=auto:0
[   40164ms] [WARNING] OTS parsing error: Size of decompressed WOFF 2.0 is less than compressed size @ https://challenges.cloudflare.com/cdn-cgi/challenge-platform/h/g/turnstile/f/av0/rchImdUintTElE_YEl0XJX6A3wuih5h6umLMAZLOcSkAF0-1785746163-1.3.1.1-PyOWBAXQ9T.cC82iHOWeieY1MSbZe62Hp297ZLu.8b4/cg7ry/0x4AAAAAAAc2BQjPEms9tKlM/auto/fbE/crashed_retry/normal?lang=auto:0
[  333707ms] [ERROR] Creating a TrustedTypePolicy named 'sanitizer' violates the following Content Security policy directive: "trusted-types nfFM8 default". The action has been blocked. @ chrome-extension://gjkaolmncjlagdhkamocpknlngfbfmnm/content_script.js:4931
[  334193ms] [ERROR] Blocked script execution in 'about:blank' because the document's frame is sandboxed and the 'allow-scripts' permission is not set. @ https://challenges.cloudflare.com/cdn-cgi/challenge-platform/h/g/turnstile/f/av0/rch/cg7ry/0x4AAAAAAAc2BQjPEms9tKlM/auto/fbE/auto_expire/normal?lang=auto:0
[  334194ms] [ERROR] Blocked script execution in 'about:blank' because the document's frame is sandboxed and the 'allow-scripts' permission is not set. @ https://challenges.cloudflare.com/cdn-cgi/challenge-platform/h/g/turnstile/f/av0/rch/cg7ry/0x4AAAAAAAc2BQjPEms9tKlM/auto/fbE/auto_expire/normal?lang=auto:0
[  334199ms] [ERROR] Blocked script execution in 'about:blank' because the document's frame is sandboxed and the 'allow-scripts' permission is not set. @ https://challenges.cloudflare.com/cdn-cgi/challenge-platform/h/g/turnstile/f/av0/rch/cg7ry/0x4AAAAAAAc2BQjPEms9tKlM/auto/fbE/auto_expire/normal?lang=auto:0
[  365897ms] [WARNING] OTS parsing error: Size of decompressed WOFF 2.0 is less than compressed size @ https://challenges.cloudflare.com/cdn-cgi/challenge-platform/h/g/turnstile/f/av0/rch/cg7ry/0x4AAAAAAAc2BQjPEms9tKlM/auto/fbE/auto_expire/normal?lang=auto:0
[  366165ms] [ERROR] Blocked script execution in 'about:blank' because the document's frame is sandboxed and the 'allow-scripts' permission is not set. @ https://challenges.cloudflare.com/cdn-cgi/challenge-platform/h/g/turnstile/f/av0/rch/cg7ry/0x4AAAAAAAc2BQjPEms9tKlM/auto/fbE/auto_expire/normal?lang=auto:0
[  366167ms] [ERROR] Blocked script execution in 'about:blank' because the document's frame is sandboxed and the 'allow-scripts' permission is not set. @ https://challenges.cloudflare.com/cdn-cgi/challenge-platform/h/g/turnstile/f/av0/rch/cg7ry/0x4AAAAAAAc2BQjPEms9tKlM/auto/fbE/auto_expire/normal?lang=auto:0
[  366175ms] [ERROR] Blocked script execution in 'about:blank' because the document's frame is sandboxed and the 'allow-scripts' permission is not set. @ https://challenges.cloudflare.com/cdn-cgi/challenge-platform/h/g/turnstile/f/av0/rch/cg7ry/0x4AAAAAAAc2BQjPEms9tKlM/auto/fbE/auto_expire/normal?lang=auto:0
[  366189ms] [LOG] /.*.*=.*/ @ https://challenges.cloudflare.com/cdn-cgi/challenge-platform/h/g/turnstile/f/av0/rch/cg7ry/0x4AAAAAAAc2BQjPEms9tKlM/auto/fbE/auto_expire/normal?lang=auto:0
[  366190ms] [LOG] /.*.*=.*/ @ https://challenges.cloudflare.com/cdn-cgi/challenge-platform/h/g/turnstile/f/av0/rch/cg7ry/0x4AAAAAAAc2BQjPEms9tKlM/auto/fbE/auto_expire/normal?lang=auto:0
[  366192ms] [LOG] function () { [native code] } @ https://challenges.cloudflare.com/cdn-cgi/challenge-platform/h/g/turnstile/f/av0/rch/cg7ry/0x4AAAAAAAc2BQjPEms9tKlM/auto/fbE/auto_expire/normal?lang=auto:0
[  366193ms] [LOG] function () { [native code] } @ https://challenges.cloudflare.com/cdn-cgi/challenge-platform/h/g/turnstile/f/av0/rch/cg7ry/0x4AAAAAAAc2BQjPEms9tKlM/auto/fbE/auto_expire/normal?lang=auto:0
[  366195ms] [LOG] JSHandle@node @ https://challenges.cloudflare.com/cdn-cgi/challenge-platform/h/g/turnstile/f/av0/rch/cg7ry/0x4AAAAAAAc2BQjPEms9tKlM/auto/fbE/auto_expire/normal?lang=auto:0
[  366197ms] [LOG] JSHandle@node @ https://challenges.cloudflare.com/cdn-cgi/challenge-platform/h/g/turnstile/f/av0/rch/cg7ry/0x4AAAAAAAc2BQjPEms9tKlM/auto/fbE/auto_expire/normal?lang=auto:0
[  366203ms] [COUNT]  : 1 @ https://challenges.cloudflare.com/cdn-cgi/challenge-platform/h/g/turnstile/f/av0/rch/cg7ry/0x4AAAAAAAc2BQjPEms9tKlM/auto/fbE/auto_expire/normal?lang=auto:0
[  366204ms] [COUNT]  : 1 @ https://challenges.cloudflare.com/cdn-cgi/challenge-platform/h/g/turnstile/f/av0/rch/cg7ry/0x4AAAAAAAc2BQjPEms9tKlM/auto/fbE/auto_expire/normal?lang=auto:0
[  366209ms] [DIR]  Error @ https://challenges.cloudflare.com/cdn-cgi/challenge-platform/h/g/turnstile/f/av0/rch/cg7ry/0x4AAAAAAAc2BQjPEms9tKlM/auto/fbE/auto_expire/normal?lang=auto:0
[  366210ms] [DIR]  Error @ https://challenges.cloudflare.com/cdn-cgi/challenge-platform/h/g/turnstile/f/av0/rch/cg7ry/0x4AAAAAAAc2BQjPEms9tKlM/auto/fbE/auto_expire/normal?lang=auto:0
[  366211ms] [DIRXML] %c%d font-size:0;color:transparent Error @ https://challenges.cloudflare.com/cdn-cgi/challenge-platform/h/g/turnstile/f/av0/rch/cg7ry/0x4AAAAAAAc2BQjPEms9tKlM/auto/fbE/auto_expire/normal?lang=auto:0
[  366212ms] [DIRXML] %c%d font-size:0;color:transparent Error @ https://challenges.cloudflare.com/cdn-cgi/challenge-platform/h/g/turnstile/f/av0/rch/cg7ry/0x4AAAAAAAc2BQjPEms9tKlM/auto/fbE/auto_expire/normal?lang=auto:0
[  366215ms] [ERROR] %c%d font-size:0;color:transparent NaN @ https://challenges.cloudflare.com/cdn-cgi/challenge-platform/h/g/turnstile/f/av0/rch/cg7ry/0x4AAAAAAAc2BQjPEms9tKlM/auto/fbE/auto_expire/normal?lang=auto:0
[  366218ms] [ERROR] %c%d font-size:0;color:transparent NaN @ https://challenges.cloudflare.com/cdn-cgi/challenge-platform/h/g/turnstile/f/av0/rch/cg7ry/0x4AAAAAAAc2BQjPEms9tKlM/auto/fbE/auto_expire/normal?lang=auto:0
[  366219ms] [INFO] %c%d font-size:0;color:transparent NaN @ https://challenges.cloudflare.com/cdn-cgi/challenge-platform/h/g/turnstile/f/av0/rch/cg7ry/0x4AAAAAAAc2BQjPEms9tKlM/auto/fbE/auto_expire/normal?lang=auto:0
[  366221ms] [INFO] %c%d font-size:0;color:transparent NaN @ https://challenges.cloudflare.com/cdn-cgi/challenge-platform/h/g/turnstile/f/av0/rch/cg7ry/0x4AAAAAAAc2BQjPEms9tKlM/auto/fbE/auto_expire/normal?lang=auto:0
[  366222ms] [LOG] %c%d font-size:0;color:transparent NaN @ https://challenges.cloudflare.com/cdn-cgi/challenge-platform/h/g/turnstile/f/av0/rch/cg7ry/0x4AAAAAAAc2BQjPEms9tKlM/auto/fbE/auto_expire/normal?lang=auto:0
[  366223ms] [LOG] %c%d font-size:0;color:transparent NaN @ https://challenges.cloudflare.com/cdn-cgi/challenge-platform/h/g/turnstile/f/av0/rch/cg7ry/0x4AAAAAAAc2BQjPEms9tKlM/auto/fbE/auto_expire/normal?lang=auto:0
[  366226ms] [TABLE] %c%d font-size:0;color:transparent Error @ https://challenges.cloudflare.com/cdn-cgi/challenge-platform/h/g/turnstile/f/av0/rch/cg7ry/0x4AAAAAAAc2BQjPEms9tKlM/auto/fbE/auto_expire/normal?lang=auto:0
[  366228ms] [TABLE] %c%d font-size:0;color:transparent Error @ https://challenges.cloudflare.com/cdn-cgi/challenge-platform/h/g/turnstile/f/av0/rch/cg7ry/0x4AAAAAAAc2BQjPEms9tKlM/auto/fbE/auto_expire/normal?lang=auto:0
[  366233ms] [WARNING] %c%d font-size:0;color:transparent NaN @ https://challenges.cloudflare.com/cdn-cgi/challenge-platform/h/g/turnstile/f/av0/rch/cg7ry/0x4AAAAAAAc2BQjPEms9tKlM/auto/fbE/auto_expire/normal?lang=auto:0
[  366234ms] [WARNING] %c%d font-size:0;color:transparent NaN @ https://challenges.cloudflare.com/cdn-cgi/challenge-platform/h/g/turnstile/f/av0/rch/cg7ry/0x4AAAAAAAc2BQjPEms9tKlM/auto/fbE/auto_expire/normal?lang=auto:0
[  366775ms] [WARNING] WebGL: INVALID_ENUM: getInternalformatParameter: invalid internalformat @ https://challenges.cloudflare.com/cdn-cgi/challenge-platform/h/g/turnstile/f/av0/rch/cg7ry/0x4AAAAAAAc2BQjPEms9tKlM/auto/fbE/auto_expire/normal?lang=auto:0
[  366778ms] [WARNING] WebGL: INVALID_ENUM: getInternalformatParameter: invalid internalformat @ https://challenges.cloudflare.com/cdn-cgi/challenge-platform/h/g/turnstile/f/av0/rch/cg7ry/0x4AAAAAAAc2BQjPEms9tKlM/auto/fbE/auto_expire/normal?lang=auto:0
[  366779ms] [WARNING] WebGL: INVALID_ENUM: getInternalformatParameter: invalid internalformat @ https://challenges.cloudflare.com/cdn-cgi/challenge-platform/h/g/turnstile/f/av0/rch/cg7ry/0x4AAAAAAAc2BQjPEms9tKlM/auto/fbE/auto_expire/normal?lang=auto:0
[  366780ms] [WARNING] WebGL: INVALID_ENUM: getInternalformatParameter: invalid internalformat @ https://challenges.cloudflare.com/cdn-cgi/challenge-platform/h/g/turnstile/f/av0/rch/cg7ry/0x4AAAAAAAc2BQjPEms9tKlM/auto/fbE/auto_expire/normal?lang=auto:0
[  366780ms] [WARNING] WebGL: INVALID_ENUM: getInternalformatParameter: invalid internalformat @ https://challenges.cloudflare.com/cdn-cgi/challenge-platform/h/g/turnstile/f/av0/rch/cg7ry/0x4AAAAAAAc2BQjPEms9tKlM/auto/fbE/auto_expire/normal?lang=auto:0
[  366781ms] [WARNING] WebGL: INVALID_ENUM: getInternalformatParameter: invalid internalformat @ https://challenges.cloudflare.com/cdn-cgi/challenge-platform/h/g/turnstile/f/av0/rch/cg7ry/0x4AAAAAAAc2BQjPEms9tKlM/auto/fbE/auto_expire/normal?lang=auto:0
[  366781ms] [WARNING] WebGL: INVALID_ENUM: getInternalformatParameter: invalid internalformat @ https://challenges.cloudflare.com/cdn-cgi/challenge-platform/h/g/turnstile/f/av0/rch/cg7ry/0x4AAAAAAAc2BQjPEms9tKlM/auto/fbE/auto_expire/normal?lang=auto:0
[  366781ms] [WARNING] WebGL: INVALID_ENUM: getInternalformatParameter: invalid internalformat @ https://challenges.cloudflare.com/cdn-cgi/challenge-platform/h/g/turnstile/f/av0/rch/cg7ry/0x4AAAAAAAc2BQjPEms9tKlM/auto/fbE/auto_expire/normal?lang=auto:0
[  366782ms] [WARNING] WebGL: INVALID_ENUM: getInternalformatParameter: invalid internalformat @ https://challenges.cloudflare.com/cdn-cgi/challenge-platform/h/g/turnstile/f/av0/rch/cg7ry/0x4AAAAAAAc2BQjPEms9tKlM/auto/fbE/auto_expire/normal?lang=auto:0
[  366782ms] [WARNING] WebGL: INVALID_ENUM: getInternalformatParameter: invalid internalformat @ https://challenges.cloudflare.com/cdn-cgi/challenge-platform/h/g/turnstile/f/av0/rch/cg7ry/0x4AAAAAAAc2BQjPEms9tKlM/auto/fbE/auto_expire/normal?lang=auto:0
[  366784ms] [WARNING] WebGL: INVALID_ENUM: getInternalformatParameter: invalid internalformat @ https://challenges.cloudflare.com/cdn-cgi/challenge-platform/h/g/turnstile/f/av0/rch/cg7ry/0x4AAAAAAAc2BQjPEms9tKlM/auto/fbE/auto_expire/normal?lang=auto:0
[  366787ms] [WARNING] WebGL: INVALID_ENUM: getInternalformatParameter: invalid internalformat when EXT_color_buffer_[half_]float is not enabled @ https://challenges.cloudflare.com/cdn-cgi/challenge-platform/h/g/turnstile/f/av0/rch/cg7ry/0x4AAAAAAAc2BQjPEms9tKlM/auto/fbE/auto_expire/normal?lang=auto:0
[  366787ms] [WARNING] WebGL: INVALID_ENUM: getInternalformatParameter: invalid internalformat when EXT_color_buffer_float is not enabled @ https://challenges.cloudflare.com/cdn-cgi/challenge-platform/h/g/turnstile/f/av0/rch/cg7ry/0x4AAAAAAAc2BQjPEms9tKlM/auto/fbE/auto_expire/normal?lang=auto:0
[  366788ms] [WARNING] WebGL: INVALID_ENUM: getInternalformatParameter: invalid internalformat when EXT_color_buffer_float is not enabled @ https://challenges.cloudflare.com/cdn-cgi/challenge-platform/h/g/turnstile/f/av0/rch/cg7ry/0x4AAAAAAAc2BQjPEms9tKlM/auto/fbE/auto_expire/normal?lang=auto:0
[  366788ms] [WARNING] WebGL: INVALID_ENUM: getInternalformatParameter: invalid internalformat @ https://challenges.cloudflare.com/cdn-cgi/challenge-platform/h/g/turnstile/f/av0/rch/cg7ry/0x4AAAAAAAc2BQjPEms9tKlM/auto/fbE/auto_expire/normal?lang=auto:0
[  366789ms] [WARNING] WebGL: INVALID_ENUM: getInternalformatParameter: invalid internalformat when EXT_color_buffer_[half_]float is not enabled @ https://challenges.cloudflare.com/cdn-cgi/challenge-platform/h/g/turnstile/f/av0/rch/cg7ry/0x4AAAAAAAc2BQjPEms9tKlM/auto/fbE/auto_expire/normal?lang=auto:0
[  366789ms] [WARNING] WebGL: INVALID_ENUM: getInternalformatParameter: invalid internalformat when EXT_color_buffer_float is not enabled @ https://challenges.cloudflare.com/cdn-cgi/challenge-platform/h/g/turnstile/f/av0/rch/cg7ry/0x4AAAAAAAc2BQjPEms9tKlM/auto/fbE/auto_expire/normal?lang=auto:0
[  366789ms] [WARNING] WebGL: INVALID_ENUM: getInternalformatParameter: invalid internalformat when EXT_color_buffer_[half_]float is not enabled @ https://challenges.cloudflare.com/cdn-cgi/challenge-platform/h/g/turnstile/f/av0/rch/cg7ry/0x4AAAAAAAc2BQjPEms9tKlM/auto/fbE/auto_expire/normal?lang=auto:0
[  366789ms] [WARNING] WebGL: INVALID_ENUM: getInternalformatParameter: invalid internalformat when EXT_color_buffer_float is not enabled @ https://challenges.cloudflare.com/cdn-cgi/challenge-platform/h/g/turnstile/f/av0/rch/cg7ry/0x4AAAAAAAc2BQjPEms9tKlM/auto/fbE/auto_expire/normal?lang=auto:0
[  367117ms] [WARNING] The powerPreference option is currently ignored when calling requestAdapter() on Windows. See https://crbug.com/369219127 @ https://challenges.cloudflare.com/cdn-cgi/challenge-platform/h/g/turnstile/f/av0/rch/cg7ry/0x4AAAAAAAc2BQjPEms9tKlM/auto/fbE/auto_expire/normal?lang=auto:0
[  367118ms] [WARNING] The powerPreference option is currently ignored when calling requestAdapter() on Windows. See https://crbug.com/369219127 @ https://challenges.cloudflare.com/cdn-cgi/challenge-platform/h/g/turnstile/f/av0/rch/cg7ry/0x4AAAAAAAc2BQjPEms9tKlM/auto/fbE/auto_expire/normal?lang=auto:0
[  367132ms] [WARNING] No available adapters. @ https://challenges.cloudflare.com/cdn-cgi/challenge-platform/h/g/turnstile/f/av0/rch/cg7ry/0x4AAAAAAAc2BQjPEms9tKlM/auto/fbE/auto_expire/normal?lang=auto:0
[   25513ms] [ERROR] Creating a TrustedTypePolicy named 'sanitizer' violates the following Content Security policy directive: "trusted-types nfFM8 default". The action has been blocked. @ chrome-extension://gjkaolmncjlagdhkamocpknlngfbfmnm/content_script.js:4931
[   25967ms] [ERROR] Blocked script execution in 'about:blank' because the document's frame is sandboxed and the 'allow-scripts' permission is not set. @ https://challenges.cloudflare.com/cdn-cgi/challenge-platform/h/g/turnstile/f/av0/rchImdUintTElE_YEl0XJX6A3wuih5h6umLMAZLOcSkAF0-1785746163-1.3.1.1-PyOWBAXQ9T.cC82iHOWeieY1MSbZe62Hp297ZLu.8b4/cg7ry/0x4AAAAAAAc2BQjPEms9tKlM/auto/fbE/crashed_retry/normal?lang=auto:0
[   25967ms] [ERROR] Blocked script execution in 'about:blank' because the document's frame is sandboxed and the 'allow-scripts' permission is not set. @ https://challenges.cloudflare.com/cdn-cgi/challenge-platform/h/g/turnstile/f/av0/rchImdUintTElE_YEl0XJX6A3wuih5h6umLMAZLOcSkAF0-1785746163-1.3.1.1-PyOWBAXQ9T.cC82iHOWeieY1MSbZe62Hp297ZLu.8b4/cg7ry/0x4AAAAAAAc2BQjPEms9tKlM/auto/fbE/crashed_retry/normal?lang=auto:0
[   25975ms] [ERROR] Blocked script execution in 'about:blank' because the document's frame is sandboxed and the 'allow-scripts' permission is not set. @ https://challenges.cloudflare.com/cdn-cgi/challenge-platform/h/g/turnstile/f/av0/rchImdUintTElE_YEl0XJX6A3wuih5h6umLMAZLOcSkAF0-1785746163-1.3.1.1-PyOWBAXQ9T.cC82iHOWeieY1MSbZe62Hp297ZLu.8b4/cg7ry/0x4AAAAAAAc2BQjPEms9tKlM/auto/fbE/crashed_retry/normal?lang=auto:0
[   38695ms] [ERROR] Blocked script execution in 'about:blank' because the document's frame is sandboxed and the 'allow-scripts' permission is not set. @ https://challenges.cloudflare.com/cdn-cgi/challenge-platform/h/g/turnstile/f/av0/rchImdUintTElE_YEl0XJX6A3wuih5h6umLMAZLOcSkAF0-1785746163-1.3.1.1-PyOWBAXQ9T.cC82iHOWeieY1MSbZe62Hp297ZLu.8b4/cg7ry/0x4AAAAAAAc2BQjPEms9tKlM/auto/fbE/crashed_retry/normal?lang=auto:0
[   38696ms] [ERROR] Blocked script execution in 'about:blank' because the document's frame is sandboxed and the 'allow-scripts' permission is not set. @ https://challenges.cloudflare.com/cdn-cgi/challenge-platform/h/g/turnstile/f/av0/rchImdUintTElE_YEl0XJX6A3wuih5h6umLMAZLOcSkAF0-1785746163-1.3.1.1-PyOWBAXQ9T.cC82iHOWeieY1MSbZe62Hp297ZLu.8b4/cg7ry/0x4AAAAAAAc2BQjPEms9tKlM/auto/fbE/crashed_retry/normal?lang=auto:0
[   38702ms] [ERROR] Blocked script execution in 'about:blank' because the document's frame is sandboxed and the 'allow-scripts' permission is not set. @ https://challenges.cloudflare.com/cdn-cgi/challenge-platform/h/g/turnstile/f/av0/rchImdUintTElE_YEl0XJX6A3wuih5h6umLMAZLOcSkAF0-1785746163-1.3.1.1-PyOWBAXQ9T.cC82iHOWeieY1MSbZe62Hp297ZLu.8b4/cg7ry/0x4AAAAAAAc2BQjPEms9tKlM/auto/fbE/crashed_retry/normal?lang=auto:0
[   39214ms] [WARNING] WebGL: INVALID_ENUM: getInternalformatParameter: invalid internalformat @ https://challenges.cloudflare.com/cdn-cgi/challenge-platform/h/g/turnstile/f/av0/rchImdUintTElE_YEl0XJX6A3wuih5h6umLMAZLOcSkAF0-1785746163-1.3.1.1-PyOWBAXQ9T.cC82iHOWeieY1MSbZe62Hp297ZLu.8b4/cg7ry/0x4AAAAAAAc2BQjPEms9tKlM/auto/fbE/crashed_retry/normal?lang=auto:0
[   39215ms] [WARNING] WebGL: INVALID_ENUM: getInternalformatParameter: invalid internalformat @ https://challenges.cloudflare.com/cdn-cgi/challenge-platform/h/g/turnstile/f/av0/rchImdUintTElE_YEl0XJX6A3wuih5h6umLMAZLOcSkAF0-1785746163-1.3.1.1-PyOWBAXQ9T.cC82iHOWeieY1MSbZe62Hp297ZLu.8b4/cg7ry/0x4AAAAAAAc2BQjPEms9tKlM/auto/fbE/crashed_retry/normal?lang=auto:0
[   39216ms] [WARNING] WebGL: INVALID_ENUM: getInternalformatParameter: invalid internalformat @ https://challenges.cloudflare.com/cdn-cgi/challenge-platform/h/g/turnstile/f/av0/rchImdUintTElE_YEl0XJX6A3wuih5h6umLMAZLOcSkAF0-1785746163-1.3.1.1-PyOWBAXQ9T.cC82iHOWeieY1MSbZe62Hp297ZLu.8b4/cg7ry/0x4AAAAAAAc2BQjPEms9tKlM/auto/fbE/crashed_retry/normal?lang=auto:0
[   39216ms] [WARNING] WebGL: INVALID_ENUM: getInternalformatParameter: invalid internalformat @ https://challenges.cloudflare.com/cdn-cgi/challenge-platform/h/g/turnstile/f/av0/rchImdUintTElE_YEl0XJX6A3wuih5h6umLMAZLOcSkAF0-1785746163-1.3.1.1-PyOWBAXQ9T.cC82iHOWeieY1MSbZe62Hp297ZLu.8b4/cg7ry/0x4AAAAAAAc2BQjPEms9tKlM/auto/fbE/crashed_retry/normal?lang=auto:0
[   39217ms] [WARNING] WebGL: INVALID_ENUM: getInternalformatParameter: invalid internalformat @ https://challenges.cloudflare.com/cdn-cgi/challenge-platform/h/g/turnstile/f/av0/rchImdUintTElE_YEl0XJX6A3wuih5h6umLMAZLOcSkAF0-1785746163-1.3.1.1-PyOWBAXQ9T.cC82iHOWeieY1MSbZe62Hp297ZLu.8b4/cg7ry/0x4AAAAAAAc2BQjPEms9tKlM/auto/fbE/crashed_retry/normal?lang=auto:0
[   39217ms] [WARNING] WebGL: INVALID_ENUM: getInternalformatParameter: invalid internalformat @ https://challenges.cloudflare.com/cdn-cgi/challenge-platform/h/g/turnstile/f/av0/rchImdUintTElE_YEl0XJX6A3wuih5h6umLMAZLOcSkAF0-1785746163-1.3.1.1-PyOWBAXQ9T.cC82iHOWeieY1MSbZe62Hp297ZLu.8b4/cg7ry/0x4AAAAAAAc2BQjPEms9tKlM/auto/fbE/crashed_retry/normal?lang=auto:0
[   39217ms] [WARNING] WebGL: INVALID_ENUM: getInternalformatParameter: invalid internalformat @ https://challenges.cloudflare.com/cdn-cgi/challenge-platform/h/g/turnstile/f/av0/rchImdUintTElE_YEl0XJX6A3wuih5h6umLMAZLOcSkAF0-1785746163-1.3.1.1-PyOWBAXQ9T.cC82iHOWeieY1MSbZe62Hp297ZLu.8b4/cg7ry/0x4AAAAAAAc2BQjPEms9tKlM/auto/fbE/crashed_retry/normal?lang=auto:0
[   39217ms] [WARNING] WebGL: INVALID_ENUM: getInternalformatParameter: invalid internalformat @ https://challenges.cloudflare.com/cdn-cgi/challenge-platform/h/g/turnstile/f/av0/rchImdUintTElE_YEl0XJX6A3wuih5h6umLMAZLOcSkAF0-1785746163-1.3.1.1-PyOWBAXQ9T.cC82iHOWeieY1MSbZe62Hp297ZLu.8b4/cg7ry/0x4AAAAAAAc2BQjPEms9tKlM/auto/fbE/crashed_retry/normal?lang=auto:0
[   39218ms] [WARNING] WebGL: INVALID_ENUM: getInternalformatParameter: invalid internalformat @ https://challenges.cloudflare.com/cdn-cgi/challenge-platform/h/g/turnstile/f/av0/rchImdUintTElE_YEl0XJX6A3wuih5h6umLMAZLOcSkAF0-1785746163-1.3.1.1-PyOWBAXQ9T.cC82iHOWeieY1MSbZe62Hp297ZLu.8b4/cg7ry/0x4AAAAAAAc2BQjPEms9tKlM/auto/fbE/crashed_retry/normal?lang=auto:0
[   39218ms] [WARNING] WebGL: INVALID_ENUM: getInternalformatParameter: invalid internalformat @ https://challenges.cloudflare.com/cdn-cgi/challenge-platform/h/g/turnstile/f/av0/rchImdUintTElE_YEl0XJX6A3wuih5h6umLMAZLOcSkAF0-1785746163-1.3.1.1-PyOWBAXQ9T.cC82iHOWeieY1MSbZe62Hp297ZLu.8b4/cg7ry/0x4AAAAAAAc2BQjPEms9tKlM/auto/fbE/crashed_retry/normal?lang=auto:0
[   39219ms] [WARNING] WebGL: INVALID_ENUM: getInternalformatParameter: invalid internalformat @ https://challenges.cloudflare.com/cdn-cgi/challenge-platform/h/g/turnstile/f/av0/rchImdUintTElE_YEl0XJX6A3wuih5h6umLMAZLOcSkAF0-1785746163-1.3.1.1-PyOWBAXQ9T.cC82iHOWeieY1MSbZe62Hp297ZLu.8b4/cg7ry/0x4AAAAAAAc2BQjPEms9tKlM/auto/fbE/crashed_retry/normal?lang=auto:0
[   39221ms] [WARNING] WebGL: INVALID_ENUM: getInternalformatParameter: invalid internalformat when EXT_color_buffer_[half_]float is not enabled @ https://challenges.cloudflare.com/cdn-cgi/challenge-platform/h/g/turnstile/f/av0/rchImdUintTElE_YEl0XJX6A3wuih5h6umLMAZLOcSkAF0-1785746163-1.3.1.1-PyOWBAXQ9T.cC82iHOWeieY1MSbZe62Hp297ZLu.8b4/cg7ry/0x4AAAAAAAc2BQjPEms9tKlM/auto/fbE/crashed_retry/normal?lang=auto:0
[   39221ms] [WARNING] WebGL: INVALID_ENUM: getInternalformatParameter: invalid internalformat when EXT_color_buffer_float is not enabled @ https://challenges.cloudflare.com/cdn-cgi/challenge-platform/h/g/turnstile/f/av0/rchImdUintTElE_YEl0XJX6A3wuih5h6umLMAZLOcSkAF0-1785746163-1.3.1.1-PyOWBAXQ9T.cC82iHOWeieY1MSbZe62Hp297ZLu.8b4/cg7ry/0x4AAAAAAAc2BQjPEms9tKlM/auto/fbE/crashed_retry/normal?lang=auto:0
[   39221ms] [WARNING] WebGL: INVALID_ENUM: getInternalformatParameter: invalid internalformat when EXT_color_buffer_float is not enabled @ https://challenges.cloudflare.com/cdn-cgi/challenge-platform/h/g/turnstile/f/av0/rchImdUintTElE_YEl0XJX6A3wuih5h6umLMAZLOcSkAF0-1785746163-1.3.1.1-PyOWBAXQ9T.cC82iHOWeieY1MSbZe62Hp297ZLu.8b4/cg7ry/0x4AAAAAAAc2BQjPEms9tKlM/auto/fbE/crashed_retry/normal?lang=auto:0
[   39221ms] [WARNING] WebGL: INVALID_ENUM: getInternalformatParameter: invalid internalformat @ https://challenges.cloudflare.com/cdn-cgi/challenge-platform/h/g/turnstile/f/av0/rchImdUintTElE_YEl0XJX6A3wuih5h6umLMAZLOcSkAF0-1785746163-1.3.1.1-PyOWBAXQ9T.cC82iHOWeieY1MSbZe62Hp297ZLu.8b4/cg7ry/0x4AAAAAAAc2BQjPEms9tKlM/auto/fbE/crashed_retry/normal?lang=auto:0
[   39222ms] [WARNING] WebGL: INVALID_ENUM: getInternalformatParameter: invalid internalformat when EXT_color_buffer_[half_]float is not enabled @ https://challenges.cloudflare.com/cdn-cgi/challenge-platform/h/g/turnstile/f/av0/rchImdUintTElE_YEl0XJX6A3wuih5h6umLMAZLOcSkAF0-1785746163-1.3.1.1-PyOWBAXQ9T.cC82iHOWeieY1MSbZe62Hp297ZLu.8b4/cg7ry/0x4AAAAAAAc2BQjPEms9tKlM/auto/fbE/crashed_retry/normal?lang=auto:0
[   39222ms] [WARNING] WebGL: INVALID_ENUM: getInternalformatParameter: invalid internalformat when EXT_color_buffer_float is not enabled @ https://challenges.cloudflare.com/cdn-cgi/challenge-platform/h/g/turnstile/f/av0/rchImdUintTElE_YEl0XJX6A3wuih5h6umLMAZLOcSkAF0-1785746163-1.3.1.1-PyOWBAXQ9T.cC82iHOWeieY1MSbZe62Hp297ZLu.8b4/cg7ry/0x4AAAAAAAc2BQjPEms9tKlM/auto/fbE/crashed_retry/normal?lang=auto:0
[   39222ms] [WARNING] WebGL: INVALID_ENUM: getInternalformatParameter: invalid internalformat when EXT_color_buffer_[half_]float is not enabled @ https://challenges.cloudflare.com/cdn-cgi/challenge-platform/h/g/turnstile/f/av0/rchImdUintTElE_YEl0XJX6A3wuih5h6umLMAZLOcSkAF0-1785746163-1.3.1.1-PyOWBAXQ9T.cC82iHOWeieY1MSbZe62Hp297ZLu.8b4/cg7ry/0x4AAAAAAAc2BQjPEms9tKlM/auto/fbE/crashed_retry/normal?lang=auto:0
[   39222ms] [WARNING] WebGL: INVALID_ENUM: getInternalformatParameter: invalid internalformat when EXT_color_buffer_float is not enabled @ https://challenges.cloudflare.com/cdn-cgi/challenge-platform/h/g/turnstile/f/av0/rchImdUintTElE_YEl0XJX6A3wuih5h6umLMAZLOcSkAF0-1785746163-1.3.1.1-PyOWBAXQ9T.cC82iHOWeieY1MSbZe62Hp297ZLu.8b4/cg7ry/0x4AAAAAAAc2BQjPEms9tKlM/auto/fbE/crashed_retry/normal?lang=auto:0
[   39432ms] [WARNING] The powerPreference option is currently ignored when calling requestAdapter() on Windows. See https://crbug.com/369219127 @ https://challenges.cloudflare.com/cdn-cgi/challenge-platform/h/g/turnstile/f/av0/rchImdUintTElE_YEl0XJX6A3wuih5h6umLMAZLOcSkAF0-1785746163-1.3.1.1-PyOWBAXQ9T.cC82iHOWeieY1MSbZe62Hp297ZLu.8b4/cg7ry/0x4AAAAAAAc2BQjPEms9tKlM/auto/fbE/crashed_retry/normal?lang=auto:0
[   39432ms] [WARNING] The powerPreference option is currently ignored when calling requestAdapter() on Windows. See https://crbug.com/369219127 @ https://challenges.cloudflare.com/cdn-cgi/challenge-platform/h/g/turnstile/f/av0/rchImdUintTElE_YEl0XJX6A3wuih5h6umLMAZLOcSkAF0-1785746163-1.3.1.1-PyOWBAXQ9T.cC82iHOWeieY1MSbZe62Hp297ZLu.8b4/cg7ry/0x4AAAAAAAc2BQjPEms9tKlM/auto/fbE/crashed_retry/normal?lang=auto:0
[   39439ms] [WARNING] No available adapters. @ https://challenges.cloudflare.com/cdn-cgi/challenge-platform/h/g/turnstile/f/av0/rchImdUintTElE_YEl0XJX6A3wuih5h6umLMAZLOcSkAF0-1785746163-1.3.1.1-PyOWBAXQ9T.cC82iHOWeieY1MSbZe62Hp297ZLu.8b4/cg7ry/0x4AAAAAAAc2BQjPEms9tKlM/auto/fbE/crashed_retry/normal?lang=auto:0
[   40164ms] [WARNING] OTS parsing error: Size of decompressed WOFF 2.0 is less than compressed size @ https://challenges.cloudflare.com/cdn-cgi/challenge-platform/h/g/turnstile/f/av0/rchImdUintTElE_YEl0XJX6A3wuih5h6umLMAZLOcSkAF0-1785746163-1.3.1.1-PyOWBAXQ9T.cC82iHOWeieY1MSbZe62Hp297ZLu.8b4/cg7ry/0x4AAAAAAAc2BQjPEms9tKlM/auto/fbE/crashed_retry/normal?lang=auto:0
[  333707ms] [ERROR] Creating a TrustedTypePolicy named 'sanitizer' violates the following Content Security policy directive: "trusted-types nfFM8 default". The action has been blocked. @ chrome-extension://gjkaolmncjlagdhkamocpknlngfbfmnm/content_script.js:4931
[  334193ms] [ERROR] Blocked script execution in 'about:blank' because the document's frame is sandboxed and the 'allow-scripts' permission is not set. @ https://challenges.cloudflare.com/cdn-cgi/challenge-platform/h/g/turnstile/f/av0/rch/cg7ry/0x4AAAAAAAc2BQjPEms9tKlM/auto/fbE/auto_expire/normal?lang=auto:0
[  334194ms] [ERROR] Blocked script execution in 'about:blank' because the document's frame is sandboxed and the 'allow-scripts' permission is not set. @ https://challenges.cloudflare.com/cdn-cgi/challenge-platform/h/g/turnstile/f/av0/rch/cg7ry/0x4AAAAAAAc2BQjPEms9tKlM/auto/fbE/auto_expire/normal?lang=auto:0
[  334199ms] [ERROR] Blocked script execution in 'about:blank' because the document's frame is sandboxed and the 'allow-scripts' permission is not set. @ https://challenges.cloudflare.com/cdn-cgi/challenge-platform/h/g/turnstile/f/av0/rch/cg7ry/0x4AAAAAAAc2BQjPEms9tKlM/auto/fbE/auto_expire/normal?lang=auto:0
[  365897ms] [WARNING] OTS parsing error: Size of decompressed WOFF 2.0 is less than compressed size @ https://challenges.cloudflare.com/cdn-cgi/challenge-platform/h/g/turnstile/f/av0/rch/cg7ry/0x4AAAAAAAc2BQjPEms9tKlM/auto/fbE/auto_expire/normal?lang=auto:0
[  366165ms] [ERROR] Blocked script execution in 'about:blank' because the document's frame is sandboxed and the 'allow-scripts' permission is not set. @ https://challenges.cloudflare.com/cdn-cgi/challenge-platform/h/g/turnstile/f/av0/rch/cg7ry/0x4AAAAAAAc2BQjPEms9tKlM/auto/fbE/auto_expire/normal?lang=auto:0
[  366167ms] [ERROR] Blocked script execution in 'about:blank' because the document's frame is sandboxed and the 'allow-scripts' permission is not set. @ https://challenges.cloudflare.com/cdn-cgi/challenge-platform/h/g/turnstile/f/av0/rch/cg7ry/0x4AAAAAAAc2BQjPEms9tKlM/auto/fbE/auto_expire/normal?lang=auto:0
[  366175ms] [ERROR] Blocked script execution in 'about:blank' because the document's frame is sandboxed and the 'allow-scripts' permission is not set. @ https://challenges.cloudflare.com/cdn-cgi/challenge-platform/h/g/turnstile/f/av0/rch/cg7ry/0x4AAAAAAAc2BQjPEms9tKlM/auto/fbE/auto_expire/normal?lang=auto:0
[  366775ms] [WARNING] WebGL: INVALID_ENUM: getInternalformatParameter: invalid internalformat @ https://challenges.cloudflare.com/cdn-cgi/challenge-platform/h/g/turnstile/f/av0/rch/cg7ry/0x4AAAAAAAc2BQjPEms9tKlM/auto/fbE/auto_expire/normal?lang=auto:0
[  366778ms] [WARNING] WebGL: INVALID_ENUM: getInternalformatParameter: invalid internalformat @ https://challenges.cloudflare.com/cdn-cgi/challenge-platform/h/g/turnstile/f/av0/rch/cg7ry/0x4AAAAAAAc2BQjPEms9tKlM/auto/fbE/auto_expire/normal?lang=auto:0
[  366779ms] [WARNING] WebGL: INVALID_ENUM: getInternalformatParameter: invalid internalformat @ https://challenges.cloudflare.com/cdn-cgi/challenge-platform/h/g/turnstile/f/av0/rch/cg7ry/0x4AAAAAAAc2BQjPEms9tKlM/auto/fbE/auto_expire/normal?lang=auto:0
[  366780ms] [WARNING] WebGL: INVALID_ENUM: getInternalformatParameter: invalid internalformat @ https://challenges.cloudflare.com/cdn-cgi/challenge-platform/h/g/turnstile/f/av0/rch/cg7ry/0x4AAAAAAAc2BQjPEms9tKlM/auto/fbE/auto_expire/normal?lang=auto:0
[  366780ms] [WARNING] WebGL: INVALID_ENUM: getInternalformatParameter: invalid internalformat @ https://challenges.cloudflare.com/cdn-cgi/challenge-platform/h/g/turnstile/f/av0/rch/cg7ry/0x4AAAAAAAc2BQjPEms9tKlM/auto/fbE/auto_expire/normal?lang=auto:0
[  366781ms] [WARNING] WebGL: INVALID_ENUM: getInternalformatParameter: invalid internalformat @ https://challenges.cloudflare.com/cdn-cgi/challenge-platform/h/g/turnstile/f/av0/rch/cg7ry/0x4AAAAAAAc2BQjPEms9tKlM/auto/fbE/auto_expire/normal?lang=auto:0
[  366781ms] [WARNING] WebGL: INVALID_ENUM: getInternalformatParameter: invalid internalformat @ https://challenges.cloudflare.com/cdn-cgi/challenge-platform/h/g/turnstile/f/av0/rch/cg7ry/0x4AAAAAAAc2BQjPEms9tKlM/auto/fbE/auto_expire/normal?lang=auto:0
[  366781ms] [WARNING] WebGL: INVALID_ENUM: getInternalformatParameter: invalid internalformat @ https://challenges.cloudflare.com/cdn-cgi/challenge-platform/h/g/turnstile/f/av0/rch/cg7ry/0x4AAAAAAAc2BQjPEms9tKlM/auto/fbE/auto_expire/normal?lang=auto:0
[  366782ms] [WARNING] WebGL: INVALID_ENUM: getInternalformatParameter: invalid internalformat @ https://challenges.cloudflare.com/cdn-cgi/challenge-platform/h/g/turnstile/f/av0/rch/cg7ry/0x4AAAAAAAc2BQjPEms9tKlM/auto/fbE/auto_expire/normal?lang=auto:0
[  366782ms] [WARNING] WebGL: INVALID_ENUM: getInternalformatParameter: invalid internalformat @ https://challenges.cloudflare.com/cdn-cgi/challenge-platform/h/g/turnstile/f/av0/rch/cg7ry/0x4AAAAAAAc2BQjPEms9tKlM/auto/fbE/auto_expire/normal?lang=auto:0
[  366784ms] [WARNING] WebGL: INVALID_ENUM: getInternalformatParameter: invalid internalformat @ https://challenges.cloudflare.com/cdn-cgi/challenge-platform/h/g/turnstile/f/av0/rch/cg7ry/0x4AAAAAAAc2BQjPEms9tKlM/auto/fbE/auto_expire/normal?lang=auto:0
[  366787ms] [WARNING] WebGL: INVALID_ENUM: getInternalformatParameter: invalid internalformat when EXT_color_buffer_[half_]float is not enabled @ https://challenges.cloudflare.com/cdn-cgi/challenge-platform/h/g/turnstile/f/av0/rch/cg7ry/0x4AAAAAAAc2BQjPEms9tKlM/auto/fbE/auto_expire/normal?lang=auto:0
[  366787ms] [WARNING] WebGL: INVALID_ENUM: getInternalformatParameter: invalid internalformat when EXT_color_buffer_float is not enabled @ https://challenges.cloudflare.com/cdn-cgi/challenge-platform/h/g/turnstile/f/av0/rch/cg7ry/0x4AAAAAAAc2BQjPEms9tKlM/auto/fbE/auto_expire/normal?lang=auto:0
[  366788ms] [WARNING] WebGL: INVALID_ENUM: getInternalformatParameter: invalid internalformat when EXT_color_buffer_float is not enabled @ https://challenges.cloudflare.com/cdn-cgi/challenge-platform/h/g/turnstile/f/av0/rch/cg7ry/0x4AAAAAAAc2BQjPEms9tKlM/auto/fbE/auto_expire/normal?lang=auto:0
[  366788ms] [WARNING] WebGL: INVALID_ENUM: getInternalformatParameter: invalid internalformat @ https://challenges.cloudflare.com/cdn-cgi/challenge-platform/h/g/turnstile/f/av0/rch/cg7ry/0x4AAAAAAAc2BQjPEms9tKlM/auto/fbE/auto_expire/normal?lang=auto:0
[  366789ms] [WARNING] WebGL: INVALID_ENUM: getInternalformatParameter: invalid internalformat when EXT_color_buffer_[half_]float is not enabled @ https://challenges.cloudflare.com/cdn-cgi/challenge-platform/h/g/turnstile/f/av0/rch/cg7ry/0x4AAAAAAAc2BQjPEms9tKlM/auto/fbE/auto_expire/normal?lang=auto:0
[  366789ms] [WARNING] WebGL: INVALID_ENUM: getInternalformatParameter: invalid internalformat when EXT_color_buffer_float is not enabled @ https://challenges.cloudflare.com/cdn-cgi/challenge-platform/h/g/turnstile/f/av0/rch/cg7ry/0x4AAAAAAAc2BQjPEms9tKlM/auto/fbE/auto_expire/normal?lang=auto:0
[  366789ms] [WARNING] WebGL: INVALID_ENUM: getInternalformatParameter: invalid internalformat when EXT_color_buffer_[half_]float is not enabled @ https://challenges.cloudflare.com/cdn-cgi/challenge-platform/h/g/turnstile/f/av0/rch/cg7ry/0x4AAAAAAAc2BQjPEms9tKlM/auto/fbE/auto_expire/normal?lang=auto:0
[  366789ms] [WARNING] WebGL: INVALID_ENUM: getInternalformatParameter: invalid internalformat when EXT_color_buffer_float is not enabled @ https://challenges.cloudflare.com/cdn-cgi/challenge-platform/h/g/turnstile/f/av0/rch/cg7ry/0x4AAAAAAAc2BQjPEms9tKlM/auto/fbE/auto_expire/normal?lang=auto:0
[  367117ms] [WARNING] The powerPreference option is currently ignored when calling requestAdapter() on Windows. See https://crbug.com/369219127 @ https://challenges.cloudflare.com/cdn-cgi/challenge-platform/h/g/turnstile/f/av0/rch/cg7ry/0x4AAAAAAAc2BQjPEms9tKlM/auto/fbE/auto_expire/normal?lang=auto:0
[  367118ms] [WARNING] The powerPreference option is currently ignored when calling requestAdapter() on Windows. See https://crbug.com/369219127 @ https://challenges.cloudflare.com/cdn-cgi/challenge-platform/h/g/turnstile/f/av0/rch/cg7ry/0x4AAAAAAAc2BQjPEms9tKlM/auto/fbE/auto_expire/normal?lang=auto:0
[  367132ms] [WARNING] No available adapters. @ https://challenges.cloudflare.com/cdn-cgi/challenge-platform/h/g/turnstile/f/av0/rch/cg7ry/0x4AAAAAAAc2BQjPEms9tKlM/auto/fbE/auto_expire/normal?lang=auto:0
[  661929ms] [ERROR] Creating a TrustedTypePolicy named 'sanitizer' violates the following Content Security policy directive: "trusted-types nfFM8 default". The action has been blocked. @ chrome-extension://gjkaolmncjlagdhkamocpknlngfbfmnm/content_script.js:4931
[  668951ms] [ERROR] Blocked script execution in 'about:blank' because the document's frame is sandboxed and the 'allow-scripts' permission is not set. @ https://challenges.cloudflare.com/cdn-cgi/challenge-platform/h/g/turnstile/f/av0/rch/cg7ry/0x4AAAAAAAc2BQjPEms9tKlM/auto/fbE/auto_expire/normal?lang=auto:0
[  668952ms] [ERROR] Blocked script execution in 'about:blank' because the document's frame is sandboxed and the 'allow-scripts' permission is not set. @ https://challenges.cloudflare.com/cdn-cgi/challenge-platform/h/g/turnstile/f/av0/rch/cg7ry/0x4AAAAAAAc2BQjPEms9tKlM/auto/fbE/auto_expire/normal?lang=auto:0
[  668971ms] [ERROR] Blocked script execution in 'about:blank' because the document's frame is sandboxed and the 'allow-scripts' permission is not set. @ https://challenges.cloudflare.com/cdn-cgi/challenge-platform/h/g/turnstile/f/av0/rch/cg7ry/0x4AAAAAAAc2BQjPEms9tKlM/auto/fbE/auto_expire/normal?lang=auto:0
[  707855ms] TurnstileError: [Cloudflare Turnstile] Error: 300010.
    at x (https://challenges.cloudflare.com/turnstile/v0/api.js?_upgrade=true&_cb=1785744303563:1:17607)
    at ye (https://challenges.cloudflare.com/turnstile/v0/api.js?_upgrade=true&_cb=1785744303563:1:66957)
    at Ve (https://challenges.cloudflare.com/turnstile/v0/api.js?_upgrade=true&_cb=1785744303563:1:72789)
[   25513ms] [ERROR] Creating a TrustedTypePolicy named 'sanitizer' violates the following Content Security policy directive: "trusted-types nfFM8 default". The action has been blocked. @ chrome-extension://gjkaolmncjlagdhkamocpknlngfbfmnm/content_script.js:4931
[   25967ms] [ERROR] Blocked script execution in 'about:blank' because the document's frame is sandboxed and the 'allow-scripts' permission is not set. @ https://challenges.cloudflare.com/cdn-cgi/challenge-platform/h/g/turnstile/f/av0/rchImdUintTElE_YEl0XJX6A3wuih5h6umLMAZLOcSkAF0-1785746163-1.3.1.1-PyOWBAXQ9T.cC82iHOWeieY1MSbZe62Hp297ZLu.8b4/cg7ry/0x4AAAAAAAc2BQjPEms9tKlM/auto/fbE/crashed_retry/normal?lang=auto:0
[   25967ms] [ERROR] Blocked script execution in 'about:blank' because the document's frame is sandboxed and the 'allow-scripts' permission is not set. @ https://challenges.cloudflare.com/cdn-cgi/challenge-platform/h/g/turnstile/f/av0/rchImdUintTElE_YEl0XJX6A3wuih5h6umLMAZLOcSkAF0-1785746163-1.3.1.1-PyOWBAXQ9T.cC82iHOWeieY1MSbZe62Hp297ZLu.8b4/cg7ry/0x4AAAAAAAc2BQjPEms9tKlM/auto/fbE/crashed_retry/normal?lang=auto:0
[   25975ms] [ERROR] Blocked script execution in 'about:blank' because the document's frame is sandboxed and the 'allow-scripts' permission is not set. @ https://challenges.cloudflare.com/cdn-cgi/challenge-platform/h/g/turnstile/f/av0/rchImdUintTElE_YEl0XJX6A3wuih5h6umLMAZLOcSkAF0-1785746163-1.3.1.1-PyOWBAXQ9T.cC82iHOWeieY1MSbZe62Hp297ZLu.8b4/cg7ry/0x4AAAAAAAc2BQjPEms9tKlM/auto/fbE/crashed_retry/normal?lang=auto:0
[   38695ms] [ERROR] Blocked script execution in 'about:blank' because the document's frame is sandboxed and the 'allow-scripts' permission is not set. @ https://challenges.cloudflare.com/cdn-cgi/challenge-platform/h/g/turnstile/f/av0/rchImdUintTElE_YEl0XJX6A3wuih5h6umLMAZLOcSkAF0-1785746163-1.3.1.1-PyOWBAXQ9T.cC82iHOWeieY1MSbZe62Hp297ZLu.8b4/cg7ry/0x4AAAAAAAc2BQjPEms9tKlM/auto/fbE/crashed_retry/normal?lang=auto:0
[   38696ms] [ERROR] Blocked script execution in 'about:blank' because the document's frame is sandboxed and the 'allow-scripts' permission is not set. @ https://challenges.cloudflare.com/cdn-cgi/challenge-platform/h/g/turnstile/f/av0/rchImdUintTElE_YEl0XJX6A3wuih5h6umLMAZLOcSkAF0-1785746163-1.3.1.1-PyOWBAXQ9T.cC82iHOWeieY1MSbZe62Hp297ZLu.8b4/cg7ry/0x4AAAAAAAc2BQjPEms9tKlM/auto/fbE/crashed_retry/normal?lang=auto:0
[   38702ms] [ERROR] Blocked script execution in 'about:blank' because the document's frame is sandboxed and the 'allow-scripts' permission is not set. @ https://challenges.cloudflare.com/cdn-cgi/challenge-platform/h/g/turnstile/f/av0/rchImdUintTElE_YEl0XJX6A3wuih5h6umLMAZLOcSkAF0-1785746163-1.3.1.1-PyOWBAXQ9T.cC82iHOWeieY1MSbZe62Hp297ZLu.8b4/cg7ry/0x4AAAAAAAc2BQjPEms9tKlM/auto/fbE/crashed_retry/normal?lang=auto:0
[   39214ms] [WARNING] WebGL: INVALID_ENUM: getInternalformatParameter: invalid internalformat @ https://challenges.cloudflare.com/cdn-cgi/challenge-platform/h/g/turnstile/f/av0/rchImdUintTElE_YEl0XJX6A3wuih5h6umLMAZLOcSkAF0-1785746163-1.3.1.1-PyOWBAXQ9T.cC82iHOWeieY1MSbZe62Hp297ZLu.8b4/cg7ry/0x4AAAAAAAc2BQjPEms9tKlM/auto/fbE/crashed_retry/normal?lang=auto:0
[   39215ms] [WARNING] WebGL: INVALID_ENUM: getInternalformatParameter: invalid internalformat @ https://challenges.cloudflare.com/cdn-cgi/challenge-platform/h/g/turnstile/f/av0/rchImdUintTElE_YEl0XJX6A3wuih5h6umLMAZLOcSkAF0-1785746163-1.3.1.1-PyOWBAXQ9T.cC82iHOWeieY1MSbZe62Hp297ZLu.8b4/cg7ry/0x4AAAAAAAc2BQjPEms9tKlM/auto/fbE/crashed_retry/normal?lang=auto:0
[   39216ms] [WARNING] WebGL: INVALID_ENUM: getInternalformatParameter: invalid internalformat @ https://challenges.cloudflare.com/cdn-cgi/challenge-platform/h/g/turnstile/f/av0/rchImdUintTElE_YEl0XJX6A3wuih5h6umLMAZLOcSkAF0-1785746163-1.3.1.1-PyOWBAXQ9T.cC82iHOWeieY1MSbZe62Hp297ZLu.8b4/cg7ry/0x4AAAAAAAc2BQjPEms9tKlM/auto/fbE/crashed_retry/normal?lang=auto:0
[   39216ms] [WARNING] WebGL: INVALID_ENUM: getInternalformatParameter: invalid internalformat @ https://challenges.cloudflare.com/cdn-cgi/challenge-platform/h/g/turnstile/f/av0/rchImdUintTElE_YEl0XJX6A3wuih5h6umLMAZLOcSkAF0-1785746163-1.3.1.1-PyOWBAXQ9T.cC82iHOWeieY1MSbZe62Hp297ZLu.8b4/cg7ry/0x4AAAAAAAc2BQjPEms9tKlM/auto/fbE/crashed_retry/normal?lang=auto:0
[   39217ms] [WARNING] WebGL: INVALID_ENUM: getInternalformatParameter: invalid internalformat @ https://challenges.cloudflare.com/cdn-cgi/challenge-platform/h/g/turnstile/f/av0/rchImdUintTElE_YEl0XJX6A3wuih5h6umLMAZLOcSkAF0-1785746163-1.3.1.1-PyOWBAXQ9T.cC82iHOWeieY1MSbZe62Hp297ZLu.8b4/cg7ry/0x4AAAAAAAc2BQjPEms9tKlM/auto/fbE/crashed_retry/normal?lang=auto:0
[   39217ms] [WARNING] WebGL: INVALID_ENUM: getInternalformatParameter: invalid internalformat @ https://challenges.cloudflare.com/cdn-cgi/challenge-platform/h/g/turnstile/f/av0/rchImdUintTElE_YEl0XJX6A3wuih5h6umLMAZLOcSkAF0-1785746163-1.3.1.1-PyOWBAXQ9T.cC82iHOWeieY1MSbZe62Hp297ZLu.8b4/cg7ry/0x4AAAAAAAc2BQjPEms9tKlM/auto/fbE/crashed_retry/normal?lang=auto:0
[   39217ms] [WARNING] WebGL: INVALID_ENUM: getInternalformatParameter: invalid internalformat @ https://challenges.cloudflare.com/cdn-cgi/challenge-platform/h/g/turnstile/f/av0/rchImdUintTElE_YEl0XJX6A3wuih5h6umLMAZLOcSkAF0-1785746163-1.3.1.1-PyOWBAXQ9T.cC82iHOWeieY1MSbZe62Hp297ZLu.8b4/cg7ry/0x4AAAAAAAc2BQjPEms9tKlM/auto/fbE/crashed_retry/normal?lang=auto:0
[   39217ms] [WARNING] WebGL: INVALID_ENUM: getInternalformatParameter: invalid internalformat @ https://challenges.cloudflare.com/cdn-cgi/challenge-platform/h/g/turnstile/f/av0/rchImdUintTElE_YEl0XJX6A3wuih5h6umLMAZLOcSkAF0-1785746163-1.3.1.1-PyOWBAXQ9T.cC82iHOWeieY1MSbZe62Hp297ZLu.8b4/cg7ry/0x4AAAAAAAc2BQjPEms9tKlM/auto/fbE/crashed_retry/normal?lang=auto:0
[   39218ms] [WARNING] WebGL: INVALID_ENUM: getInternalformatParameter: invalid internalformat @ https://challenges.cloudflare.com/cdn-cgi/challenge-platform/h/g/turnstile/f/av0/rchImdUintTElE_YEl0XJX6A3wuih5h6umLMAZLOcSkAF0-1785746163-1.3.1.1-PyOWBAXQ9T.cC82iHOWeieY1MSbZe62Hp297ZLu.8b4/cg7ry/0x4AAAAAAAc2BQjPEms9tKlM/auto/fbE/crashed_retry/normal?lang=auto:0
[   39218ms] [WARNING] WebGL: INVALID_ENUM: getInternalformatParameter: invalid internalformat @ https://challenges.cloudflare.com/cdn-cgi/challenge-platform/h/g/turnstile/f/av0/rchImdUintTElE_YEl0XJX6A3wuih5h6umLMAZLOcSkAF0-1785746163-1.3.1.1-PyOWBAXQ9T.cC82iHOWeieY1MSbZe62Hp297ZLu.8b4/cg7ry/0x4AAAAAAAc2BQjPEms9tKlM/auto/fbE/crashed_retry/normal?lang=auto:0
[   39219ms] [WARNING] WebGL: INVALID_ENUM: getInternalformatParameter: invalid internalformat @ https://challenges.cloudflare.com/cdn-cgi/challenge-platform/h/g/turnstile/f/av0/rchImdUintTElE_YEl0XJX6A3wuih5h6umLMAZLOcSkAF0-1785746163-1.3.1.1-PyOWBAXQ9T.cC82iHOWeieY1MSbZe62Hp297ZLu.8b4/cg7ry/0x4AAAAAAAc2BQjPEms9tKlM/auto/fbE/crashed_retry/normal?lang=auto:0
[   39221ms] [WARNING] WebGL: INVALID_ENUM: getInternalformatParameter: invalid internalformat when EXT_color_buffer_[half_]float is not enabled @ https://challenges.cloudflare.com/cdn-cgi/challenge-platform/h/g/turnstile/f/av0/rchImdUintTElE_YEl0XJX6A3wuih5h6umLMAZLOcSkAF0-1785746163-1.3.1.1-PyOWBAXQ9T.cC82iHOWeieY1MSbZe62Hp297ZLu.8b4/cg7ry/0x4AAAAAAAc2BQjPEms9tKlM/auto/fbE/crashed_retry/normal?lang=auto:0
[   39221ms] [WARNING] WebGL: INVALID_ENUM: getInternalformatParameter: invalid internalformat when EXT_color_buffer_float is not enabled @ https://challenges.cloudflare.com/cdn-cgi/challenge-platform/h/g/turnstile/f/av0/rchImdUintTElE_YEl0XJX6A3wuih5h6umLMAZLOcSkAF0-1785746163-1.3.1.1-PyOWBAXQ9T.cC82iHOWeieY1MSbZe62Hp297ZLu.8b4/cg7ry/0x4AAAAAAAc2BQjPEms9tKlM/auto/fbE/crashed_retry/normal?lang=auto:0
[   39221ms] [WARNING] WebGL: INVALID_ENUM: getInternalformatParameter: invalid internalformat when EXT_color_buffer_float is not enabled @ https://challenges.cloudflare.com/cdn-cgi/challenge-platform/h/g/turnstile/f/av0/rchImdUintTElE_YEl0XJX6A3wuih5h6umLMAZLOcSkAF0-1785746163-1.3.1.1-PyOWBAXQ9T.cC82iHOWeieY1MSbZe62Hp297ZLu.8b4/cg7ry/0x4AAAAAAAc2BQjPEms9tKlM/auto/fbE/crashed_retry/normal?lang=auto:0
[   39221ms] [WARNING] WebGL: INVALID_ENUM: getInternalformatParameter: invalid internalformat @ https://challenges.cloudflare.com/cdn-cgi/challenge-platform/h/g/turnstile/f/av0/rchImdUintTElE_YEl0XJX6A3wuih5h6umLMAZLOcSkAF0-1785746163-1.3.1.1-PyOWBAXQ9T.cC82iHOWeieY1MSbZe62Hp297ZLu.8b4/cg7ry/0x4AAAAAAAc2BQjPEms9tKlM/auto/fbE/crashed_retry/normal?lang=auto:0
[   39222ms] [WARNING] WebGL: INVALID_ENUM: getInternalformatParameter: invalid internalformat when EXT_color_buffer_[half_]float is not enabled @ https://challenges.cloudflare.com/cdn-cgi/challenge-platform/h/g/turnstile/f/av0/rchImdUintTElE_YEl0XJX6A3wuih5h6umLMAZLOcSkAF0-1785746163-1.3.1.1-PyOWBAXQ9T.cC82iHOWeieY1MSbZe62Hp297ZLu.8b4/cg7ry/0x4AAAAAAAc2BQjPEms9tKlM/auto/fbE/crashed_retry/normal?lang=auto:0
[   39222ms] [WARNING] WebGL: INVALID_ENUM: getInternalformatParameter: invalid internalformat when EXT_color_buffer_float is not enabled @ https://challenges.cloudflare.com/cdn-cgi/challenge-platform/h/g/turnstile/f/av0/rchImdUintTElE_YEl0XJX6A3wuih5h6umLMAZLOcSkAF0-1785746163-1.3.1.1-PyOWBAXQ9T.cC82iHOWeieY1MSbZe62Hp297ZLu.8b4/cg7ry/0x4AAAAAAAc2BQjPEms9tKlM/auto/fbE/crashed_retry/normal?lang=auto:0
[   39222ms] [WARNING] WebGL: INVALID_ENUM: getInternalformatParameter: invalid internalformat when EXT_color_buffer_[half_]float is not enabled @ https://challenges.cloudflare.com/cdn-cgi/challenge-platform/h/g/turnstile/f/av0/rchImdUintTElE_YEl0XJX6A3wuih5h6umLMAZLOcSkAF0-1785746163-1.3.1.1-PyOWBAXQ9T.cC82iHOWeieY1MSbZe62Hp297ZLu.8b4/cg7ry/0x4AAAAAAAc2BQjPEms9tKlM/auto/fbE/crashed_retry/normal?lang=auto:0
[   39222ms] [WARNING] WebGL: INVALID_ENUM: getInternalformatParameter: invalid internalformat when EXT_color_buffer_float is not enabled @ https://challenges.cloudflare.com/cdn-cgi/challenge-platform/h/g/turnstile/f/av0/rchImdUintTElE_YEl0XJX6A3wuih5h6umLMAZLOcSkAF0-1785746163-1.3.1.1-PyOWBAXQ9T.cC82iHOWeieY1MSbZe62Hp297ZLu.8b4/cg7ry/0x4AAAAAAAc2BQjPEms9tKlM/auto/fbE/crashed_retry/normal?lang=auto:0
[   39432ms] [WARNING] The powerPreference option is currently ignored when calling requestAdapter() on Windows. See https://crbug.com/369219127 @ https://challenges.cloudflare.com/cdn-cgi/challenge-platform/h/g/turnstile/f/av0/rchImdUintTElE_YEl0XJX6A3wuih5h6umLMAZLOcSkAF0-1785746163-1.3.1.1-PyOWBAXQ9T.cC82iHOWeieY1MSbZe62Hp297ZLu.8b4/cg7ry/0x4AAAAAAAc2BQjPEms9tKlM/auto/fbE/crashed_retry/normal?lang=auto:0
[   39432ms] [WARNING] The powerPreference option is currently ignored when calling requestAdapter() on Windows. See https://crbug.com/369219127 @ https://challenges.cloudflare.com/cdn-cgi/challenge-platform/h/g/turnstile/f/av0/rchImdUintTElE_YEl0XJX6A3wuih5h6umLMAZLOcSkAF0-1785746163-1.3.1.1-PyOWBAXQ9T.cC82iHOWeieY1MSbZe62Hp297ZLu.8b4/cg7ry/0x4AAAAAAAc2BQjPEms9tKlM/auto/fbE/crashed_retry/normal?lang=auto:0
[   39439ms] [WARNING] No available adapters. @ https://challenges.cloudflare.com/cdn-cgi/challenge-platform/h/g/turnstile/f/av0/rchImdUintTElE_YEl0XJX6A3wuih5h6umLMAZLOcSkAF0-1785746163-1.3.1.1-PyOWBAXQ9T.cC82iHOWeieY1MSbZe62Hp297ZLu.8b4/cg7ry/0x4AAAAAAAc2BQjPEms9tKlM/auto/fbE/crashed_retry/normal?lang=auto:0
[   40164ms] [WARNING] OTS parsing error: Size of decompressed WOFF 2.0 is less than compressed size @ https://challenges.cloudflare.com/cdn-cgi/challenge-platform/h/g/turnstile/f/av0/rchImdUintTElE_YEl0XJX6A3wuih5h6umLMAZLOcSkAF0-1785746163-1.3.1.1-PyOWBAXQ9T.cC82iHOWeieY1MSbZe62Hp297ZLu.8b4/cg7ry/0x4AAAAAAAc2BQjPEms9tKlM/auto/fbE/crashed_retry/normal?lang=auto:0
[  333707ms] [ERROR] Creating a TrustedTypePolicy named 'sanitizer' violates the following Content Security policy directive: "trusted-types nfFM8 default". The action has been blocked. @ chrome-extension://gjkaolmncjlagdhkamocpknlngfbfmnm/content_script.js:4931
[  334193ms] [ERROR] Blocked script execution in 'about:blank' because the document's frame is sandboxed and the 'allow-scripts' permission is not set. @ https://challenges.cloudflare.com/cdn-cgi/challenge-platform/h/g/turnstile/f/av0/rch/cg7ry/0x4AAAAAAAc2BQjPEms9tKlM/auto/fbE/auto_expire/normal?lang=auto:0
[  334194ms] [ERROR] Blocked script execution in 'about:blank' because the document's frame is sandboxed and the 'allow-scripts' permission is not set. @ https://challenges.cloudflare.com/cdn-cgi/challenge-platform/h/g/turnstile/f/av0/rch/cg7ry/0x4AAAAAAAc2BQjPEms9tKlM/auto/fbE/auto_expire/normal?lang=auto:0
[  334199ms] [ERROR] Blocked script execution in 'about:blank' because the document's frame is sandboxed and the 'allow-scripts' permission is not set. @ https://challenges.cloudflare.com/cdn-cgi/challenge-platform/h/g/turnstile/f/av0/rch/cg7ry/0x4AAAAAAAc2BQjPEms9tKlM/auto/fbE/auto_expire/normal?lang=auto:0
[  365897ms] [WARNING] OTS parsing error: Size of decompressed WOFF 2.0 is less than compressed size @ https://challenges.cloudflare.com/cdn-cgi/challenge-platform/h/g/turnstile/f/av0/rch/cg7ry/0x4AAAAAAAc2BQjPEms9tKlM/auto/fbE/auto_expire/normal?lang=auto:0
[  366165ms] [ERROR] Blocked script execution in 'about:blank' because the document's frame is sandboxed and the 'allow-scripts' permission is not set. @ https://challenges.cloudflare.com/cdn-cgi/challenge-platform/h/g/turnstile/f/av0/rch/cg7ry/0x4AAAAAAAc2BQjPEms9tKlM/auto/fbE/auto_expire/normal?lang=auto:0
[  366167ms] [ERROR] Blocked script execution in 'about:blank' because the document's frame is sandboxed and the 'allow-scripts' permission is not set. @ https://challenges.cloudflare.com/cdn-cgi/challenge-platform/h/g/turnstile/f/av0/rch/cg7ry/0x4AAAAAAAc2BQjPEms9tKlM/auto/fbE/auto_expire/normal?lang=auto:0
[  366175ms] [ERROR] Blocked script execution in 'about:blank' because the document's frame is sandboxed and the 'allow-scripts' permission is not set. @ https://challenges.cloudflare.com/cdn-cgi/challenge-platform/h/g/turnstile/f/av0/rch/cg7ry/0x4AAAAAAAc2BQjPEms9tKlM/auto/fbE/auto_expire/normal?lang=auto:0
[  366775ms] [WARNING] WebGL: INVALID_ENUM: getInternalformatParameter: invalid internalformat @ https://challenges.cloudflare.com/cdn-cgi/challenge-platform/h/g/turnstile/f/av0/rch/cg7ry/0x4AAAAAAAc2BQjPEms9tKlM/auto/fbE/auto_expire/normal?lang=auto:0
[  366778ms] [WARNING] WebGL: INVALID_ENUM: getInternalformatParameter: invalid internalformat @ https://challenges.cloudflare.com/cdn-cgi/challenge-platform/h/g/turnstile/f/av0/rch/cg7ry/0x4AAAAAAAc2BQjPEms9tKlM/auto/fbE/auto_expire/normal?lang=auto:0
[  366779ms] [WARNING] WebGL: INVALID_ENUM: getInternalformatParameter: invalid internalformat @ https://challenges.cloudflare.com/cdn-cgi/challenge-platform/h/g/turnstile/f/av0/rch/cg7ry/0x4AAAAAAAc2BQjPEms9tKlM/auto/fbE/auto_expire/normal?lang=auto:0
[  366780ms] [WARNING] WebGL: INVALID_ENUM: getInternalformatParameter: invalid internalformat @ https://challenges.cloudflare.com/cdn-cgi/challenge-platform/h/g/turnstile/f/av0/rch/cg7ry/0x4AAAAAAAc2BQjPEms9tKlM/auto/fbE/auto_expire/normal?lang=auto:0
[  366780ms] [WARNING] WebGL: INVALID_ENUM: getInternalformatParameter: invalid internalformat @ https://challenges.cloudflare.com/cdn-cgi/challenge-platform/h/g/turnstile/f/av0/rch/cg7ry/0x4AAAAAAAc2BQjPEms9tKlM/auto/fbE/auto_expire/normal?lang=auto:0
[  366781ms] [WARNING] WebGL: INVALID_ENUM: getInternalformatParameter: invalid internalformat @ https://challenges.cloudflare.com/cdn-cgi/challenge-platform/h/g/turnstile/f/av0/rch/cg7ry/0x4AAAAAAAc2BQjPEms9tKlM/auto/fbE/auto_expire/normal?lang=auto:0
[  366781ms] [WARNING] WebGL: INVALID_ENUM: getInternalformatParameter: invalid internalformat @ https://challenges.cloudflare.com/cdn-cgi/challenge-platform/h/g/turnstile/f/av0/rch/cg7ry/0x4AAAAAAAc2BQjPEms9tKlM/auto/fbE/auto_expire/normal?lang=auto:0
[  366781ms] [WARNING] WebGL: INVALID_ENUM: getInternalformatParameter: invalid internalformat @ https://challenges.cloudflare.com/cdn-cgi/challenge-platform/h/g/turnstile/f/av0/rch/cg7ry/0x4AAAAAAAc2BQjPEms9tKlM/auto/fbE/auto_expire/normal?lang=auto:0
[  366782ms] [WARNING] WebGL: INVALID_ENUM: getInternalformatParameter: invalid internalformat @ https://challenges.cloudflare.com/cdn-cgi/challenge-platform/h/g/turnstile/f/av0/rch/cg7ry/0x4AAAAAAAc2BQjPEms9tKlM/auto/fbE/auto_expire/normal?lang=auto:0
[  366782ms] [WARNING] WebGL: INVALID_ENUM: getInternalformatParameter: invalid internalformat @ https://challenges.cloudflare.com/cdn-cgi/challenge-platform/h/g/turnstile/f/av0/rch/cg7ry/0x4AAAAAAAc2BQjPEms9tKlM/auto/fbE/auto_expire/normal?lang=auto:0
[  366784ms] [WARNING] WebGL: INVALID_ENUM: getInternalformatParameter: invalid internalformat @ https://challenges.cloudflare.com/cdn-cgi/challenge-platform/h/g/turnstile/f/av0/rch/cg7ry/0x4AAAAAAAc2BQjPEms9tKlM/auto/fbE/auto_expire/normal?lang=auto:0
[  366787ms] [WARNING] WebGL: INVALID_ENUM: getInternalformatParameter: invalid internalformat when EXT_color_buffer_[half_]float is not enabled @ https://challenges.cloudflare.com/cdn-cgi/challenge-platform/h/g/turnstile/f/av0/rch/cg7ry/0x4AAAAAAAc2BQjPEms9tKlM/auto/fbE/auto_expire/normal?lang=auto:0
[  366787ms] [WARNING] WebGL: INVALID_ENUM: getInternalformatParameter: invalid internalformat when EXT_color_buffer_float is not enabled @ https://challenges.cloudflare.com/cdn-cgi/challenge-platform/h/g/turnstile/f/av0/rch/cg7ry/0x4AAAAAAAc2BQjPEms9tKlM/auto/fbE/auto_expire/normal?lang=auto:0
[  366788ms] [WARNING] WebGL: INVALID_ENUM: getInternalformatParameter: invalid internalformat when EXT_color_buffer_float is not enabled @ https://challenges.cloudflare.com/cdn-cgi/challenge-platform/h/g/turnstile/f/av0/rch/cg7ry/0x4AAAAAAAc2BQjPEms9tKlM/auto/fbE/auto_expire/normal?lang=auto:0
[  366788ms] [WARNING] WebGL: INVALID_ENUM: getInternalformatParameter: invalid internalformat @ https://challenges.cloudflare.com/cdn-cgi/challenge-platform/h/g/turnstile/f/av0/rch/cg7ry/0x4AAAAAAAc2BQjPEms9tKlM/auto/fbE/auto_expire/normal?lang=auto:0
[  366789ms] [WARNING] WebGL: INVALID_ENUM: getInternalformatParameter: invalid internalformat when EXT_color_buffer_[half_]float is not enabled @ https://challenges.cloudflare.com/cdn-cgi/challenge-platform/h/g/turnstile/f/av0/rch/cg7ry/0x4AAAAAAAc2BQjPEms9tKlM/auto/fbE/auto_expire/normal?lang=auto:0
[  366789ms] [WARNING] WebGL: INVALID_ENUM: getInternalformatParameter: invalid internalformat when EXT_color_buffer_float is not enabled @ https://challenges.cloudflare.com/cdn-cgi/challenge-platform/h/g/turnstile/f/av0/rch/cg7ry/0x4AAAAAAAc2BQjPEms9tKlM/auto/fbE/auto_expire/normal?lang=auto:0
[  366789ms] [WARNING] WebGL: INVALID_ENUM: getInternalformatParameter: invalid internalformat when EXT_color_buffer_[half_]float is not enabled @ https://challenges.cloudflare.com/cdn-cgi/challenge-platform/h/g/turnstile/f/av0/rch/cg7ry/0x4AAAAAAAc2BQjPEms9tKlM/auto/fbE/auto_expire/normal?lang=auto:0
[  366789ms] [WARNING] WebGL: INVALID_ENUM: getInternalformatParameter: invalid internalformat when EXT_color_buffer_float is not enabled @ https://challenges.cloudflare.com/cdn-cgi/challenge-platform/h/g/turnstile/f/av0/rch/cg7ry/0x4AAAAAAAc2BQjPEms9tKlM/auto/fbE/auto_expire/normal?lang=auto:0
[  367117ms] [WARNING] The powerPreference option is currently ignored when calling requestAdapter() on Windows. See https://crbug.com/369219127 @ https://challenges.cloudflare.com/cdn-cgi/challenge-platform/h/g/turnstile/f/av0/rch/cg7ry/0x4AAAAAAAc2BQjPEms9tKlM/auto/fbE/auto_expire/normal?lang=auto:0
[  367118ms] [WARNING] The powerPreference option is currently ignored when calling requestAdapter() on Windows. See https://crbug.com/369219127 @ https://challenges.cloudflare.com/cdn-cgi/challenge-platform/h/g/turnstile/f/av0/rch/cg7ry/0x4AAAAAAAc2BQjPEms9tKlM/auto/fbE/auto_expire/normal?lang=auto:0
[  367132ms] [WARNING] No available adapters. @ https://challenges.cloudflare.com/cdn-cgi/challenge-platform/h/g/turnstile/f/av0/rch/cg7ry/0x4AAAAAAAc2BQjPEms9tKlM/auto/fbE/auto_expire/normal?lang=auto:0
[  661929ms] [ERROR] Creating a TrustedTypePolicy named 'sanitizer' violates the following Content Security policy directive: "trusted-types nfFM8 default". The action has been blocked. @ chrome-extension://gjkaolmncjlagdhkamocpknlngfbfmnm/content_script.js:4931
[  668951ms] [ERROR] Blocked script execution in 'about:blank' because the document's frame is sandboxed and the 'allow-scripts' permission is not set. @ https://challenges.cloudflare.com/cdn-cgi/challenge-platform/h/g/turnstile/f/av0/rch/cg7ry/0x4AAAAAAAc2BQjPEms9tKlM/auto/fbE/auto_expire/normal?lang=auto:0
[  668952ms] [ERROR] Blocked script execution in 'about:blank' because the document's frame is sandboxed and the 'allow-scripts' permission is not set. @ https://challenges.cloudflare.com/cdn-cgi/challenge-platform/h/g/turnstile/f/av0/rch/cg7ry/0x4AAAAAAAc2BQjPEms9tKlM/auto/fbE/auto_expire/normal?lang=auto:0
[  668971ms] [ERROR] Blocked script execution in 'about:blank' because the document's frame is sandboxed and the 'allow-scripts' permission is not set. @ https://challenges.cloudflare.com/cdn-cgi/challenge-platform/h/g/turnstile/f/av0/rch/cg7ry/0x4AAAAAAAc2BQjPEms9tKlM/auto/fbE/auto_expire/normal?lang=auto:0
[  719990ms] [ERROR] Creating a TrustedTypePolicy named 'sanitizer' violates the following Content Security policy directive: "trusted-types nfFM8 default". The action has been blocked. @ chrome-extension://gjkaolmncjlagdhkamocpknlngfbfmnm/content_script.js:4931
[  721045ms] [ERROR] Blocked script execution in 'about:blank' because the document's frame is sandboxed and the 'allow-scripts' permission is not set. @ https://challenges.cloudflare.com/cdn-cgi/challenge-platform/h/g/turnstile/f/av0/rchbol8i0NlaV3I2DkS29AOSXpa_rxAA9813ZnYwsGvvhQ-1785747165-1.3.1.1-p4oGIEAlapsqKR0hAnF9SXaGAmdYQM7TY..WEKdZbac/cg7ry/0x4AAAAAAAc2BQjPEms9tKlM/auto/fbE/failure_retry/normal?lang=auto:0
[  721045ms] [ERROR] Blocked script execution in 'about:blank' because the document's frame is sandboxed and the 'allow-scripts' permission is not set. @ https://challenges.cloudflare.com/cdn-cgi/challenge-platform/h/g/turnstile/f/av0/rchbol8i0NlaV3I2DkS29AOSXpa_rxAA9813ZnYwsGvvhQ-1785747165-1.3.1.1-p4oGIEAlapsqKR0hAnF9SXaGAmdYQM7TY..WEKdZbac/cg7ry/0x4AAAAAAAc2BQjPEms9tKlM/auto/fbE/failure_retry/normal?lang=auto:0
[  721047ms] [ERROR] Blocked script execution in 'about:blank' because the document's frame is sandboxed and the 'allow-scripts' permission is not set. @ https://challenges.cloudflare.com/cdn-cgi/challenge-platform/h/g/turnstile/f/av0/rchbol8i0NlaV3I2DkS29AOSXpa_rxAA9813ZnYwsGvvhQ-1785747165-1.3.1.1-p4oGIEAlapsqKR0hAnF9SXaGAmdYQM7TY..WEKdZbac/cg7ry/0x4AAAAAAAc2BQjPEms9tKlM/auto/fbE/failure_retry/normal?lang=auto:0
[  735850ms] [ERROR] Blocked script execution in 'about:blank' because the document's frame is sandboxed and the 'allow-scripts' permission is not set. @ https://challenges.cloudflare.com/cdn-cgi/challenge-platform/h/g/turnstile/f/av0/rchbol8i0NlaV3I2DkS29AOSXpa_rxAA9813ZnYwsGvvhQ-1785747165-1.3.1.1-p4oGIEAlapsqKR0hAnF9SXaGAmdYQM7TY..WEKdZbac/cg7ry/0x4AAAAAAAc2BQjPEms9tKlM/auto/fbE/failure_retry/normal?lang=auto:0
[  735851ms] [ERROR] Blocked script execution in 'about:blank' because the document's frame is sandboxed and the 'allow-scripts' permission is not set. @ https://challenges.cloudflare.com/cdn-cgi/challenge-platform/h/g/turnstile/f/av0/rchbol8i0NlaV3I2DkS29AOSXpa_rxAA9813ZnYwsGvvhQ-1785747165-1.3.1.1-p4oGIEAlapsqKR0hAnF9SXaGAmdYQM7TY..WEKdZbac/cg7ry/0x4AAAAAAAc2BQjPEms9tKlM/auto/fbE/failure_retry/normal?lang=auto:0
[  735856ms] [ERROR] Blocked script execution in 'about:blank' because the document's frame is sandboxed and the 'allow-scripts' permission is not set. @ https://challenges.cloudflare.com/cdn-cgi/challenge-platform/h/g/turnstile/f/av0/rchbol8i0NlaV3I2DkS29AOSXpa_rxAA9813ZnYwsGvvhQ-1785747165-1.3.1.1-p4oGIEAlapsqKR0hAnF9SXaGAmdYQM7TY..WEKdZbac/cg7ry/0x4AAAAAAAc2BQjPEms9tKlM/auto/fbE/failure_retry/normal?lang=auto:0
[  735857ms] [LOG] /.*.*=.*/ @ https://challenges.cloudflare.com/cdn-cgi/challenge-platform/h/g/turnstile/f/av0/rchbol8i0NlaV3I2DkS29AOSXpa_rxAA9813ZnYwsGvvhQ-1785747165-1.3.1.1-p4oGIEAlapsqKR0hAnF9SXaGAmdYQM7TY..WEKdZbac/cg7ry/0x4AAAAAAAc2BQjPEms9tKlM/auto/fbE/failure_retry/normal?lang=auto:0
[  735859ms] [LOG] /.*.*=.*/ @ https://challenges.cloudflare.com/cdn-cgi/challenge-platform/h/g/turnstile/f/av0/rchbol8i0NlaV3I2DkS29AOSXpa_rxAA9813ZnYwsGvvhQ-1785747165-1.3.1.1-p4oGIEAlapsqKR0hAnF9SXaGAmdYQM7TY..WEKdZbac/cg7ry/0x4AAAAAAAc2BQjPEms9tKlM/auto/fbE/failure_retry/normal?lang=auto:0
[  735859ms] [LOG] function () { [native code] } @ https://challenges.cloudflare.com/cdn-cgi/challenge-platform/h/g/turnstile/f/av0/rchbol8i0NlaV3I2DkS29AOSXpa_rxAA9813ZnYwsGvvhQ-1785747165-1.3.1.1-p4oGIEAlapsqKR0hAnF9SXaGAmdYQM7TY..WEKdZbac/cg7ry/0x4AAAAAAAc2BQjPEms9tKlM/auto/fbE/failure_retry/normal?lang=auto:0
[  735860ms] [LOG] function () { [native code] } @ https://challenges.cloudflare.com/cdn-cgi/challenge-platform/h/g/turnstile/f/av0/rchbol8i0NlaV3I2DkS29AOSXpa_rxAA9813ZnYwsGvvhQ-1785747165-1.3.1.1-p4oGIEAlapsqKR0hAnF9SXaGAmdYQM7TY..WEKdZbac/cg7ry/0x4AAAAAAAc2BQjPEms9tKlM/auto/fbE/failure_retry/normal?lang=auto:0
[  735861ms] [LOG] JSHandle@node @ https://challenges.cloudflare.com/cdn-cgi/challenge-platform/h/g/turnstile/f/av0/rchbol8i0NlaV3I2DkS29AOSXpa_rxAA9813ZnYwsGvvhQ-1785747165-1.3.1.1-p4oGIEAlapsqKR0hAnF9SXaGAmdYQM7TY..WEKdZbac/cg7ry/0x4AAAAAAAc2BQjPEms9tKlM/auto/fbE/failure_retry/normal?lang=auto:0
[  735861ms] [LOG] JSHandle@node @ https://challenges.cloudflare.com/cdn-cgi/challenge-platform/h/g/turnstile/f/av0/rchbol8i0NlaV3I2DkS29AOSXpa_rxAA9813ZnYwsGvvhQ-1785747165-1.3.1.1-p4oGIEAlapsqKR0hAnF9SXaGAmdYQM7TY..WEKdZbac/cg7ry/0x4AAAAAAAc2BQjPEms9tKlM/auto/fbE/failure_retry/normal?lang=auto:0
[  735865ms] [COUNT]  : 1 @ https://challenges.cloudflare.com/cdn-cgi/challenge-platform/h/g/turnstile/f/av0/rchbol8i0NlaV3I2DkS29AOSXpa_rxAA9813ZnYwsGvvhQ-1785747165-1.3.1.1-p4oGIEAlapsqKR0hAnF9SXaGAmdYQM7TY..WEKdZbac/cg7ry/0x4AAAAAAAc2BQjPEms9tKlM/auto/fbE/failure_retry/normal?lang=auto:0
[  735866ms] [COUNT]  : 1 @ https://challenges.cloudflare.com/cdn-cgi/challenge-platform/h/g/turnstile/f/av0/rchbol8i0NlaV3I2DkS29AOSXpa_rxAA9813ZnYwsGvvhQ-1785747165-1.3.1.1-p4oGIEAlapsqKR0hAnF9SXaGAmdYQM7TY..WEKdZbac/cg7ry/0x4AAAAAAAc2BQjPEms9tKlM/auto/fbE/failure_retry/normal?lang=auto:0
[  735869ms] [DIR]  Error @ https://challenges.cloudflare.com/cdn-cgi/challenge-platform/h/g/turnstile/f/av0/rchbol8i0NlaV3I2DkS29AOSXpa_rxAA9813ZnYwsGvvhQ-1785747165-1.3.1.1-p4oGIEAlapsqKR0hAnF9SXaGAmdYQM7TY..WEKdZbac/cg7ry/0x4AAAAAAAc2BQjPEms9tKlM/auto/fbE/failure_retry/normal?lang=auto:0
[  735869ms] [DIR]  Error @ https://challenges.cloudflare.com/cdn-cgi/challenge-platform/h/g/turnstile/f/av0/rchbol8i0NlaV3I2DkS29AOSXpa_rxAA9813ZnYwsGvvhQ-1785747165-1.3.1.1-p4oGIEAlapsqKR0hAnF9SXaGAmdYQM7TY..WEKdZbac/cg7ry/0x4AAAAAAAc2BQjPEms9tKlM/auto/fbE/failure_retry/normal?lang=auto:0
[  735871ms] [DIRXML] %c%d font-size:0;color:transparent Error @ https://challenges.cloudflare.com/cdn-cgi/challenge-platform/h/g/turnstile/f/av0/rchbol8i0NlaV3I2DkS29AOSXpa_rxAA9813ZnYwsGvvhQ-1785747165-1.3.1.1-p4oGIEAlapsqKR0hAnF9SXaGAmdYQM7TY..WEKdZbac/cg7ry/0x4AAAAAAAc2BQjPEms9tKlM/auto/fbE/failure_retry/normal?lang=auto:0
[  735871ms] [DIRXML] %c%d font-size:0;color:transparent Error @ https://challenges.cloudflare.com/cdn-cgi/challenge-platform/h/g/turnstile/f/av0/rchbol8i0NlaV3I2DkS29AOSXpa_rxAA9813ZnYwsGvvhQ-1785747165-1.3.1.1-p4oGIEAlapsqKR0hAnF9SXaGAmdYQM7TY..WEKdZbac/cg7ry/0x4AAAAAAAc2BQjPEms9tKlM/auto/fbE/failure_retry/normal?lang=auto:0
[  735873ms] [ERROR] %c%d font-size:0;color:transparent NaN @ https://challenges.cloudflare.com/cdn-cgi/challenge-platform/h/g/turnstile/f/av0/rchbol8i0NlaV3I2DkS29AOSXpa_rxAA9813ZnYwsGvvhQ-1785747165-1.3.1.1-p4oGIEAlapsqKR0hAnF9SXaGAmdYQM7TY..WEKdZbac/cg7ry/0x4AAAAAAAc2BQjPEms9tKlM/auto/fbE/failure_retry/normal?lang=auto:0
[  735873ms] [ERROR] %c%d font-size:0;color:transparent NaN @ https://challenges.cloudflare.com/cdn-cgi/challenge-platform/h/g/turnstile/f/av0/rchbol8i0NlaV3I2DkS29AOSXpa_rxAA9813ZnYwsGvvhQ-1785747165-1.3.1.1-p4oGIEAlapsqKR0hAnF9SXaGAmdYQM7TY..WEKdZbac/cg7ry/0x4AAAAAAAc2BQjPEms9tKlM/auto/fbE/failure_retry/normal?lang=auto:0
[  735875ms] [INFO] %c%d font-size:0;color:transparent NaN @ https://challenges.cloudflare.com/cdn-cgi/challenge-platform/h/g/turnstile/f/av0/rchbol8i0NlaV3I2DkS29AOSXpa_rxAA9813ZnYwsGvvhQ-1785747165-1.3.1.1-p4oGIEAlapsqKR0hAnF9SXaGAmdYQM7TY..WEKdZbac/cg7ry/0x4AAAAAAAc2BQjPEms9tKlM/auto/fbE/failure_retry/normal?lang=auto:0
[  735875ms] [INFO] %c%d font-size:0;color:transparent NaN @ https://challenges.cloudflare.com/cdn-cgi/challenge-platform/h/g/turnstile/f/av0/rchbol8i0NlaV3I2DkS29AOSXpa_rxAA9813ZnYwsGvvhQ-1785747165-1.3.1.1-p4oGIEAlapsqKR0hAnF9SXaGAmdYQM7TY..WEKdZbac/cg7ry/0x4AAAAAAAc2BQjPEms9tKlM/auto/fbE/failure_retry/normal?lang=auto:0
[  735876ms] [LOG] %c%d font-size:0;color:transparent NaN @ https://challenges.cloudflare.com/cdn-cgi/challenge-platform/h/g/turnstile/f/av0/rchbol8i0NlaV3I2DkS29AOSXpa_rxAA9813ZnYwsGvvhQ-1785747165-1.3.1.1-p4oGIEAlapsqKR0hAnF9SXaGAmdYQM7TY..WEKdZbac/cg7ry/0x4AAAAAAAc2BQjPEms9tKlM/auto/fbE/failure_retry/normal?lang=auto:0
[  735877ms] [LOG] %c%d font-size:0;color:transparent NaN @ https://challenges.cloudflare.com/cdn-cgi/challenge-platform/h/g/turnstile/f/av0/rchbol8i0NlaV3I2DkS29AOSXpa_rxAA9813ZnYwsGvvhQ-1785747165-1.3.1.1-p4oGIEAlapsqKR0hAnF9SXaGAmdYQM7TY..WEKdZbac/cg7ry/0x4AAAAAAAc2BQjPEms9tKlM/auto/fbE/failure_retry/normal?lang=auto:0
[  735878ms] [TABLE] %c%d font-size:0;color:transparent Error @ https://challenges.cloudflare.com/cdn-cgi/challenge-platform/h/g/turnstile/f/av0/rchbol8i0NlaV3I2DkS29AOSXpa_rxAA9813ZnYwsGvvhQ-1785747165-1.3.1.1-p4oGIEAlapsqKR0hAnF9SXaGAmdYQM7TY..WEKdZbac/cg7ry/0x4AAAAAAAc2BQjPEms9tKlM/auto/fbE/failure_retry/normal?lang=auto:0
[  735878ms] [TABLE] %c%d font-size:0;color:transparent Error @ https://challenges.cloudflare.com/cdn-cgi/challenge-platform/h/g/turnstile/f/av0/rchbol8i0NlaV3I2DkS29AOSXpa_rxAA9813ZnYwsGvvhQ-1785747165-1.3.1.1-p4oGIEAlapsqKR0hAnF9SXaGAmdYQM7TY..WEKdZbac/cg7ry/0x4AAAAAAAc2BQjPEms9tKlM/auto/fbE/failure_retry/normal?lang=auto:0
[  735882ms] [WARNING] %c%d font-size:0;color:transparent NaN @ https://challenges.cloudflare.com/cdn-cgi/challenge-platform/h/g/turnstile/f/av0/rchbol8i0NlaV3I2DkS29AOSXpa_rxAA9813ZnYwsGvvhQ-1785747165-1.3.1.1-p4oGIEAlapsqKR0hAnF9SXaGAmdYQM7TY..WEKdZbac/cg7ry/0x4AAAAAAAc2BQjPEms9tKlM/auto/fbE/failure_retry/normal?lang=auto:0
[  735882ms] [WARNING] %c%d font-size:0;color:transparent NaN @ https://challenges.cloudflare.com/cdn-cgi/challenge-platform/h/g/turnstile/f/av0/rchbol8i0NlaV3I2DkS29AOSXpa_rxAA9813ZnYwsGvvhQ-1785747165-1.3.1.1-p4oGIEAlapsqKR0hAnF9SXaGAmdYQM7TY..WEKdZbac/cg7ry/0x4AAAAAAAc2BQjPEms9tKlM/auto/fbE/failure_retry/normal?lang=auto:0
[  736525ms] [WARNING] WebGL: INVALID_ENUM: getInternalformatParameter: invalid internalformat @ https://challenges.cloudflare.com/cdn-cgi/challenge-platform/h/g/turnstile/f/av0/rchbol8i0NlaV3I2DkS29AOSXpa_rxAA9813ZnYwsGvvhQ-1785747165-1.3.1.1-p4oGIEAlapsqKR0hAnF9SXaGAmdYQM7TY..WEKdZbac/cg7ry/0x4AAAAAAAc2BQjPEms9tKlM/auto/fbE/failure_retry/normal?lang=auto:0
[  736526ms] [WARNING] WebGL: INVALID_ENUM: getInternalformatParameter: invalid internalformat @ https://challenges.cloudflare.com/cdn-cgi/challenge-platform/h/g/turnstile/f/av0/rchbol8i0NlaV3I2DkS29AOSXpa_rxAA9813ZnYwsGvvhQ-1785747165-1.3.1.1-p4oGIEAlapsqKR0hAnF9SXaGAmdYQM7TY..WEKdZbac/cg7ry/0x4AAAAAAAc2BQjPEms9tKlM/auto/fbE/failure_retry/normal?lang=auto:0
[  736528ms] [WARNING] WebGL: INVALID_ENUM: getInternalformatParameter: invalid internalformat @ https://challenges.cloudflare.com/cdn-cgi/challenge-platform/h/g/turnstile/f/av0/rchbol8i0NlaV3I2DkS29AOSXpa_rxAA9813ZnYwsGvvhQ-1785747165-1.3.1.1-p4oGIEAlapsqKR0hAnF9SXaGAmdYQM7TY..WEKdZbac/cg7ry/0x4AAAAAAAc2BQjPEms9tKlM/auto/fbE/failure_retry/normal?lang=auto:0
[  736528ms] [WARNING] WebGL: INVALID_ENUM: getInternalformatParameter: invalid internalformat @ https://challenges.cloudflare.com/cdn-cgi/challenge-platform/h/g/turnstile/f/av0/rchbol8i0NlaV3I2DkS29AOSXpa_rxAA9813ZnYwsGvvhQ-1785747165-1.3.1.1-p4oGIEAlapsqKR0hAnF9SXaGAmdYQM7TY..WEKdZbac/cg7ry/0x4AAAAAAAc2BQjPEms9tKlM/auto/fbE/failure_retry/normal?lang=auto:0
[  736528ms] [WARNING] WebGL: INVALID_ENUM: getInternalformatParameter: invalid internalformat @ https://challenges.cloudflare.com/cdn-cgi/challenge-platform/h/g/turnstile/f/av0/rchbol8i0NlaV3I2DkS29AOSXpa_rxAA9813ZnYwsGvvhQ-1785747165-1.3.1.1-p4oGIEAlapsqKR0hAnF9SXaGAmdYQM7TY..WEKdZbac/cg7ry/0x4AAAAAAAc2BQjPEms9tKlM/auto/fbE/failure_retry/normal?lang=auto:0
[  736528ms] [WARNING] WebGL: INVALID_ENUM: getInternalformatParameter: invalid internalformat @ https://challenges.cloudflare.com/cdn-cgi/challenge-platform/h/g/turnstile/f/av0/rchbol8i0NlaV3I2DkS29AOSXpa_rxAA9813ZnYwsGvvhQ-1785747165-1.3.1.1-p4oGIEAlapsqKR0hAnF9SXaGAmdYQM7TY..WEKdZbac/cg7ry/0x4AAAAAAAc2BQjPEms9tKlM/auto/fbE/failure_retry/normal?lang=auto:0
[  736529ms] [WARNING] WebGL: INVALID_ENUM: getInternalformatParameter: invalid internalformat @ https://challenges.cloudflare.com/cdn-cgi/challenge-platform/h/g/turnstile/f/av0/rchbol8i0NlaV3I2DkS29AOSXpa_rxAA9813ZnYwsGvvhQ-1785747165-1.3.1.1-p4oGIEAlapsqKR0hAnF9SXaGAmdYQM7TY..WEKdZbac/cg7ry/0x4AAAAAAAc2BQjPEms9tKlM/auto/fbE/failure_retry/normal?lang=auto:0
[  736529ms] [WARNING] WebGL: INVALID_ENUM: getInternalformatParameter: invalid internalformat @ https://challenges.cloudflare.com/cdn-cgi/challenge-platform/h/g/turnstile/f/av0/rchbol8i0NlaV3I2DkS29AOSXpa_rxAA9813ZnYwsGvvhQ-1785747165-1.3.1.1-p4oGIEAlapsqKR0hAnF9SXaGAmdYQM7TY..WEKdZbac/cg7ry/0x4AAAAAAAc2BQjPEms9tKlM/auto/fbE/failure_retry/normal?lang=auto:0
[  736529ms] [WARNING] WebGL: INVALID_ENUM: getInternalformatParameter: invalid internalformat @ https://challenges.cloudflare.com/cdn-cgi/challenge-platform/h/g/turnstile/f/av0/rchbol8i0NlaV3I2DkS29AOSXpa_rxAA9813ZnYwsGvvhQ-1785747165-1.3.1.1-p4oGIEAlapsqKR0hAnF9SXaGAmdYQM7TY..WEKdZbac/cg7ry/0x4AAAAAAAc2BQjPEms9tKlM/auto/fbE/failure_retry/normal?lang=auto:0
[  736529ms] [WARNING] WebGL: INVALID_ENUM: getInternalformatParameter: invalid internalformat @ https://challenges.cloudflare.com/cdn-cgi/challenge-platform/h/g/turnstile/f/av0/rchbol8i0NlaV3I2DkS29AOSXpa_rxAA9813ZnYwsGvvhQ-1785747165-1.3.1.1-p4oGIEAlapsqKR0hAnF9SXaGAmdYQM7TY..WEKdZbac/cg7ry/0x4AAAAAAAc2BQjPEms9tKlM/auto/fbE/failure_retry/normal?lang=auto:0
[  736530ms] [WARNING] WebGL: INVALID_ENUM: getInternalformatParameter: invalid internalformat @ https://challenges.cloudflare.com/cdn-cgi/challenge-platform/h/g/turnstile/f/av0/rchbol8i0NlaV3I2DkS29AOSXpa_rxAA9813ZnYwsGvvhQ-1785747165-1.3.1.1-p4oGIEAlapsqKR0hAnF9SXaGAmdYQM7TY..WEKdZbac/cg7ry/0x4AAAAAAAc2BQjPEms9tKlM/auto/fbE/failure_retry/normal?lang=auto:0
[  736533ms] [WARNING] WebGL: INVALID_ENUM: getInternalformatParameter: invalid internalformat when EXT_color_buffer_[half_]float is not enabled @ https://challenges.cloudflare.com/cdn-cgi/challenge-platform/h/g/turnstile/f/av0/rchbol8i0NlaV3I2DkS29AOSXpa_rxAA9813ZnYwsGvvhQ-1785747165-1.3.1.1-p4oGIEAlapsqKR0hAnF9SXaGAmdYQM7TY..WEKdZbac/cg7ry/0x4AAAAAAAc2BQjPEms9tKlM/auto/fbE/failure_retry/normal?lang=auto:0
[  736533ms] [WARNING] WebGL: INVALID_ENUM: getInternalformatParameter: invalid internalformat when EXT_color_buffer_float is not enabled @ https://challenges.cloudflare.com/cdn-cgi/challenge-platform/h/g/turnstile/f/av0/rchbol8i0NlaV3I2DkS29AOSXpa_rxAA9813ZnYwsGvvhQ-1785747165-1.3.1.1-p4oGIEAlapsqKR0hAnF9SXaGAmdYQM7TY..WEKdZbac/cg7ry/0x4AAAAAAAc2BQjPEms9tKlM/auto/fbE/failure_retry/normal?lang=auto:0
[  736533ms] [WARNING] WebGL: INVALID_ENUM: getInternalformatParameter: invalid internalformat when EXT_color_buffer_float is not enabled @ https://challenges.cloudflare.com/cdn-cgi/challenge-platform/h/g/turnstile/f/av0/rchbol8i0NlaV3I2DkS29AOSXpa_rxAA9813ZnYwsGvvhQ-1785747165-1.3.1.1-p4oGIEAlapsqKR0hAnF9SXaGAmdYQM7TY..WEKdZbac/cg7ry/0x4AAAAAAAc2BQjPEms9tKlM/auto/fbE/failure_retry/normal?lang=auto:0
[  736533ms] [WARNING] WebGL: INVALID_ENUM: getInternalformatParameter: invalid internalformat @ https://challenges.cloudflare.com/cdn-cgi/challenge-platform/h/g/turnstile/f/av0/rchbol8i0NlaV3I2DkS29AOSXpa_rxAA9813ZnYwsGvvhQ-1785747165-1.3.1.1-p4oGIEAlapsqKR0hAnF9SXaGAmdYQM7TY..WEKdZbac/cg7ry/0x4AAAAAAAc2BQjPEms9tKlM/auto/fbE/failure_retry/normal?lang=auto:0
[  736533ms] [WARNING] WebGL: INVALID_ENUM: getInternalformatParameter: invalid internalformat when EXT_color_buffer_[half_]float is not enabled @ https://challenges.cloudflare.com/cdn-cgi/challenge-platform/h/g/turnstile/f/av0/rchbol8i0NlaV3I2DkS29AOSXpa_rxAA9813ZnYwsGvvhQ-1785747165-1.3.1.1-p4oGIEAlapsqKR0hAnF9SXaGAmdYQM7TY..WEKdZbac/cg7ry/0x4AAAAAAAc2BQjPEms9tKlM/auto/fbE/failure_retry/normal?lang=auto:0
[  736534ms] [WARNING] WebGL: INVALID_ENUM: getInternalformatParameter: invalid internalformat when EXT_color_buffer_float is not enabled @ https://challenges.cloudflare.com/cdn-cgi/challenge-platform/h/g/turnstile/f/av0/rchbol8i0NlaV3I2DkS29AOSXpa_rxAA9813ZnYwsGvvhQ-1785747165-1.3.1.1-p4oGIEAlapsqKR0hAnF9SXaGAmdYQM7TY..WEKdZbac/cg7ry/0x4AAAAAAAc2BQjPEms9tKlM/auto/fbE/failure_retry/normal?lang=auto:0
[  736535ms] [WARNING] WebGL: INVALID_ENUM: getInternalformatParameter: invalid internalformat when EXT_color_buffer_[half_]float is not enabled @ https://challenges.cloudflare.com/cdn-cgi/challenge-platform/h/g/turnstile/f/av0/rchbol8i0NlaV3I2DkS29AOSXpa_rxAA9813ZnYwsGvvhQ-1785747165-1.3.1.1-p4oGIEAlapsqKR0hAnF9SXaGAmdYQM7TY..WEKdZbac/cg7ry/0x4AAAAAAAc2BQjPEms9tKlM/auto/fbE/failure_retry/normal?lang=auto:0
[  736535ms] [WARNING] WebGL: INVALID_ENUM: getInternalformatParameter: invalid internalformat when EXT_color_buffer_float is not enabled @ https://challenges.cloudflare.com/cdn-cgi/challenge-platform/h/g/turnstile/f/av0/rchbol8i0NlaV3I2DkS29AOSXpa_rxAA9813ZnYwsGvvhQ-1785747165-1.3.1.1-p4oGIEAlapsqKR0hAnF9SXaGAmdYQM7TY..WEKdZbac/cg7ry/0x4AAAAAAAc2BQjPEms9tKlM/auto/fbE/failure_retry/normal?lang=auto:0
[  736727ms] [WARNING] OTS parsing error: Size of decompressed WOFF 2.0 is less than compressed size @ https://challenges.cloudflare.com/cdn-cgi/challenge-platform/h/g/turnstile/f/av0/rchbol8i0NlaV3I2DkS29AOSXpa_rxAA9813ZnYwsGvvhQ-1785747165-1.3.1.1-p4oGIEAlapsqKR0hAnF9SXaGAmdYQM7TY..WEKdZbac/cg7ry/0x4AAAAAAAc2BQjPEms9tKlM/auto/fbE/failure_retry/normal?lang=auto:0
[  736744ms] [WARNING] The powerPreference option is currently ignored when calling requestAdapter() on Windows. See https://crbug.com/369219127 @ https://challenges.cloudflare.com/cdn-cgi/challenge-platform/h/g/turnstile/f/av0/rchbol8i0NlaV3I2DkS29AOSXpa_rxAA9813ZnYwsGvvhQ-1785747165-1.3.1.1-p4oGIEAlapsqKR0hAnF9SXaGAmdYQM7TY..WEKdZbac/cg7ry/0x4AAAAAAAc2BQjPEms9tKlM/auto/fbE/failure_retry/normal?lang=auto:0
[  736745ms] [WARNING] The powerPreference option is currently ignored when calling requestAdapter() on Windows. See https://crbug.com/369219127 @ https://challenges.cloudflare.com/cdn-cgi/challenge-platform/h/g/turnstile/f/av0/rchbol8i0NlaV3I2DkS29AOSXpa_rxAA9813ZnYwsGvvhQ-1785747165-1.3.1.1-p4oGIEAlapsqKR0hAnF9SXaGAmdYQM7TY..WEKdZbac/cg7ry/0x4AAAAAAAc2BQjPEms9tKlM/auto/fbE/failure_retry/normal?lang=auto:0
[  736758ms] [WARNING] No available adapters. @ https://challenges.cloudflare.com/cdn-cgi/challenge-platform/h/g/turnstile/f/av0/rchbol8i0NlaV3I2DkS29AOSXpa_rxAA9813ZnYwsGvvhQ-1785747165-1.3.1.1-p4oGIEAlapsqKR0hAnF9SXaGAmdYQM7TY..WEKdZbac/cg7ry/0x4AAAAAAAc2BQjPEms9tKlM/auto/fbE/failure_retry/normal?lang=auto:0
[   25513ms] [ERROR] Creating a TrustedTypePolicy named 'sanitizer' violates the following Content Security policy directive: "trusted-types nfFM8 default". The action has been blocked. @ chrome-extension://gjkaolmncjlagdhkamocpknlngfbfmnm/content_script.js:4931
[   25967ms] [ERROR] Blocked script execution in 'about:blank' because the document's frame is sandboxed and the 'allow-scripts' permission is not set. @ https://challenges.cloudflare.com/cdn-cgi/challenge-platform/h/g/turnstile/f/av0/rchImdUintTElE_YEl0XJX6A3wuih5h6umLMAZLOcSkAF0-1785746163-1.3.1.1-PyOWBAXQ9T.cC82iHOWeieY1MSbZe62Hp297ZLu.8b4/cg7ry/0x4AAAAAAAc2BQjPEms9tKlM/auto/fbE/crashed_retry/normal?lang=auto:0
[   25967ms] [ERROR] Blocked script execution in 'about:blank' because the document's frame is sandboxed and the 'allow-scripts' permission is not set. @ https://challenges.cloudflare.com/cdn-cgi/challenge-platform/h/g/turnstile/f/av0/rchImdUintTElE_YEl0XJX6A3wuih5h6umLMAZLOcSkAF0-1785746163-1.3.1.1-PyOWBAXQ9T.cC82iHOWeieY1MSbZe62Hp297ZLu.8b4/cg7ry/0x4AAAAAAAc2BQjPEms9tKlM/auto/fbE/crashed_retry/normal?lang=auto:0
[   25975ms] [ERROR] Blocked script execution in 'about:blank' because the document's frame is sandboxed and the 'allow-scripts' permission is not set. @ https://challenges.cloudflare.com/cdn-cgi/challenge-platform/h/g/turnstile/f/av0/rchImdUintTElE_YEl0XJX6A3wuih5h6umLMAZLOcSkAF0-1785746163-1.3.1.1-PyOWBAXQ9T.cC82iHOWeieY1MSbZe62Hp297ZLu.8b4/cg7ry/0x4AAAAAAAc2BQjPEms9tKlM/auto/fbE/crashed_retry/normal?lang=auto:0
[   38695ms] [ERROR] Blocked script execution in 'about:blank' because the document's frame is sandboxed and the 'allow-scripts' permission is not set. @ https://challenges.cloudflare.com/cdn-cgi/challenge-platform/h/g/turnstile/f/av0/rchImdUintTElE_YEl0XJX6A3wuih5h6umLMAZLOcSkAF0-1785746163-1.3.1.1-PyOWBAXQ9T.cC82iHOWeieY1MSbZe62Hp297ZLu.8b4/cg7ry/0x4AAAAAAAc2BQjPEms9tKlM/auto/fbE/crashed_retry/normal?lang=auto:0
[   38696ms] [ERROR] Blocked script execution in 'about:blank' because the document's frame is sandboxed and the 'allow-scripts' permission is not set. @ https://challenges.cloudflare.com/cdn-cgi/challenge-platform/h/g/turnstile/f/av0/rchImdUintTElE_YEl0XJX6A3wuih5h6umLMAZLOcSkAF0-1785746163-1.3.1.1-PyOWBAXQ9T.cC82iHOWeieY1MSbZe62Hp297ZLu.8b4/cg7ry/0x4AAAAAAAc2BQjPEms9tKlM/auto/fbE/crashed_retry/normal?lang=auto:0
[   38702ms] [ERROR] Blocked script execution in 'about:blank' because the document's frame is sandboxed and the 'allow-scripts' permission is not set. @ https://challenges.cloudflare.com/cdn-cgi/challenge-platform/h/g/turnstile/f/av0/rchImdUintTElE_YEl0XJX6A3wuih5h6umLMAZLOcSkAF0-1785746163-1.3.1.1-PyOWBAXQ9T.cC82iHOWeieY1MSbZe62Hp297ZLu.8b4/cg7ry/0x4AAAAAAAc2BQjPEms9tKlM/auto/fbE/crashed_retry/normal?lang=auto:0
[   39214ms] [WARNING] WebGL: INVALID_ENUM: getInternalformatParameter: invalid internalformat @ https://challenges.cloudflare.com/cdn-cgi/challenge-platform/h/g/turnstile/f/av0/rchImdUintTElE_YEl0XJX6A3wuih5h6umLMAZLOcSkAF0-1785746163-1.3.1.1-PyOWBAXQ9T.cC82iHOWeieY1MSbZe62Hp297ZLu.8b4/cg7ry/0x4AAAAAAAc2BQjPEms9tKlM/auto/fbE/crashed_retry/normal?lang=auto:0
[   39215ms] [WARNING] WebGL: INVALID_ENUM: getInternalformatParameter: invalid internalformat @ https://challenges.cloudflare.com/cdn-cgi/challenge-platform/h/g/turnstile/f/av0/rchImdUintTElE_YEl0XJX6A3wuih5h6umLMAZLOcSkAF0-1785746163-1.3.1.1-PyOWBAXQ9T.cC82iHOWeieY1MSbZe62Hp297ZLu.8b4/cg7ry/0x4AAAAAAAc2BQjPEms9tKlM/auto/fbE/crashed_retry/normal?lang=auto:0
[   39216ms] [WARNING] WebGL: INVALID_ENUM: getInternalformatParameter: invalid internalformat @ https://challenges.cloudflare.com/cdn-cgi/challenge-platform/h/g/turnstile/f/av0/rchImdUintTElE_YEl0XJX6A3wuih5h6umLMAZLOcSkAF0-1785746163-1.3.1.1-PyOWBAXQ9T.cC82iHOWeieY1MSbZe62Hp297ZLu.8b4/cg7ry/0x4AAAAAAAc2BQjPEms9tKlM/auto/fbE/crashed_retry/normal?lang=auto:0
[   39216ms] [WARNING] WebGL: INVALID_ENUM: getInternalformatParameter: invalid internalformat @ https://challenges.cloudflare.com/cdn-cgi/challenge-platform/h/g/turnstile/f/av0/rchImdUintTElE_YEl0XJX6A3wuih5h6umLMAZLOcSkAF0-1785746163-1.3.1.1-PyOWBAXQ9T.cC82iHOWeieY1MSbZe62Hp297ZLu.8b4/cg7ry/0x4AAAAAAAc2BQjPEms9tKlM/auto/fbE/crashed_retry/normal?lang=auto:0
[   39217ms] [WARNING] WebGL: INVALID_ENUM: getInternalformatParameter: invalid internalformat @ https://challenges.cloudflare.com/cdn-cgi/challenge-platform/h/g/turnstile/f/av0/rchImdUintTElE_YEl0XJX6A3wuih5h6umLMAZLOcSkAF0-1785746163-1.3.1.1-PyOWBAXQ9T.cC82iHOWeieY1MSbZe62Hp297ZLu.8b4/cg7ry/0x4AAAAAAAc2BQjPEms9tKlM/auto/fbE/crashed_retry/normal?lang=auto:0
[   39217ms] [WARNING] WebGL: INVALID_ENUM: getInternalformatParameter: invalid internalformat @ https://challenges.cloudflare.com/cdn-cgi/challenge-platform/h/g/turnstile/f/av0/rchImdUintTElE_YEl0XJX6A3wuih5h6umLMAZLOcSkAF0-1785746163-1.3.1.1-PyOWBAXQ9T.cC82iHOWeieY1MSbZe62Hp297ZLu.8b4/cg7ry/0x4AAAAAAAc2BQjPEms9tKlM/auto/fbE/crashed_retry/normal?lang=auto:0
[   39217ms] [WARNING] WebGL: INVALID_ENUM: getInternalformatParameter: invalid internalformat @ https://challenges.cloudflare.com/cdn-cgi/challenge-platform/h/g/turnstile/f/av0/rchImdUintTElE_YEl0XJX6A3wuih5h6umLMAZLOcSkAF0-1785746163-1.3.1.1-PyOWBAXQ9T.cC82iHOWeieY1MSbZe62Hp297ZLu.8b4/cg7ry/0x4AAAAAAAc2BQjPEms9tKlM/auto/fbE/crashed_retry/normal?lang=auto:0
[   39217ms] [WARNING] WebGL: INVALID_ENUM: getInternalformatParameter: invalid internalformat @ https://challenges.cloudflare.com/cdn-cgi/challenge-platform/h/g/turnstile/f/av0/rchImdUintTElE_YEl0XJX6A3wuih5h6umLMAZLOcSkAF0-1785746163-1.3.1.1-PyOWBAXQ9T.cC82iHOWeieY1MSbZe62Hp297ZLu.8b4/cg7ry/0x4AAAAAAAc2BQjPEms9tKlM/auto/fbE/crashed_retry/normal?lang=auto:0
[   39218ms] [WARNING] WebGL: INVALID_ENUM: getInternalformatParameter: invalid internalformat @ https://challenges.cloudflare.com/cdn-cgi/challenge-platform/h/g/turnstile/f/av0/rchImdUintTElE_YEl0XJX6A3wuih5h6umLMAZLOcSkAF0-1785746163-1.3.1.1-PyOWBAXQ9T.cC82iHOWeieY1MSbZe62Hp297ZLu.8b4/cg7ry/0x4AAAAAAAc2BQjPEms9tKlM/auto/fbE/crashed_retry/normal?lang=auto:0
[   39218ms] [WARNING] WebGL: INVALID_ENUM: getInternalformatParameter: invalid internalformat @ https://challenges.cloudflare.com/cdn-cgi/challenge-platform/h/g/turnstile/f/av0/rchImdUintTElE_YEl0XJX6A3wuih5h6umLMAZLOcSkAF0-1785746163-1.3.1.1-PyOWBAXQ9T.cC82iHOWeieY1MSbZe62Hp297ZLu.8b4/cg7ry/0x4AAAAAAAc2BQjPEms9tKlM/auto/fbE/crashed_retry/normal?lang=auto:0
[   39219ms] [WARNING] WebGL: INVALID_ENUM: getInternalformatParameter: invalid internalformat @ https://challenges.cloudflare.com/cdn-cgi/challenge-platform/h/g/turnstile/f/av0/rchImdUintTElE_YEl0XJX6A3wuih5h6umLMAZLOcSkAF0-1785746163-1.3.1.1-PyOWBAXQ9T.cC82iHOWeieY1MSbZe62Hp297ZLu.8b4/cg7ry/0x4AAAAAAAc2BQjPEms9tKlM/auto/fbE/crashed_retry/normal?lang=auto:0
[   39221ms] [WARNING] WebGL: INVALID_ENUM: getInternalformatParameter: invalid internalformat when EXT_color_buffer_[half_]float is not enabled @ https://challenges.cloudflare.com/cdn-cgi/challenge-platform/h/g/turnstile/f/av0/rchImdUintTElE_YEl0XJX6A3wuih5h6umLMAZLOcSkAF0-1785746163-1.3.1.1-PyOWBAXQ9T.cC82iHOWeieY1MSbZe62Hp297ZLu.8b4/cg7ry/0x4AAAAAAAc2BQjPEms9tKlM/auto/fbE/crashed_retry/normal?lang=auto:0
[   39221ms] [WARNING] WebGL: INVALID_ENUM: getInternalformatParameter: invalid internalformat when EXT_color_buffer_float is not enabled @ https://challenges.cloudflare.com/cdn-cgi/challenge-platform/h/g/turnstile/f/av0/rchImdUintTElE_YEl0XJX6A3wuih5h6umLMAZLOcSkAF0-1785746163-1.3.1.1-PyOWBAXQ9T.cC82iHOWeieY1MSbZe62Hp297ZLu.8b4/cg7ry/0x4AAAAAAAc2BQjPEms9tKlM/auto/fbE/crashed_retry/normal?lang=auto:0
[   39221ms] [WARNING] WebGL: INVALID_ENUM: getInternalformatParameter: invalid internalformat when EXT_color_buffer_float is not enabled @ https://challenges.cloudflare.com/cdn-cgi/challenge-platform/h/g/turnstile/f/av0/rchImdUintTElE_YEl0XJX6A3wuih5h6umLMAZLOcSkAF0-1785746163-1.3.1.1-PyOWBAXQ9T.cC82iHOWeieY1MSbZe62Hp297ZLu.8b4/cg7ry/0x4AAAAAAAc2BQjPEms9tKlM/auto/fbE/crashed_retry/normal?lang=auto:0
[   39221ms] [WARNING] WebGL: INVALID_ENUM: getInternalformatParameter: invalid internalformat @ https://challenges.cloudflare.com/cdn-cgi/challenge-platform/h/g/turnstile/f/av0/rchImdUintTElE_YEl0XJX6A3wuih5h6umLMAZLOcSkAF0-1785746163-1.3.1.1-PyOWBAXQ9T.cC82iHOWeieY1MSbZe62Hp297ZLu.8b4/cg7ry/0x4AAAAAAAc2BQjPEms9tKlM/auto/fbE/crashed_retry/normal?lang=auto:0
[   39222ms] [WARNING] WebGL: INVALID_ENUM: getInternalformatParameter: invalid internalformat when EXT_color_buffer_[half_]float is not enabled @ https://challenges.cloudflare.com/cdn-cgi/challenge-platform/h/g/turnstile/f/av0/rchImdUintTElE_YEl0XJX6A3wuih5h6umLMAZLOcSkAF0-1785746163-1.3.1.1-PyOWBAXQ9T.cC82iHOWeieY1MSbZe62Hp297ZLu.8b4/cg7ry/0x4AAAAAAAc2BQjPEms9tKlM/auto/fbE/crashed_retry/normal?lang=auto:0
[   39222ms] [WARNING] WebGL: INVALID_ENUM: getInternalformatParameter: invalid internalformat when EXT_color_buffer_float is not enabled @ https://challenges.cloudflare.com/cdn-cgi/challenge-platform/h/g/turnstile/f/av0/rchImdUintTElE_YEl0XJX6A3wuih5h6umLMAZLOcSkAF0-1785746163-1.3.1.1-PyOWBAXQ9T.cC82iHOWeieY1MSbZe62Hp297ZLu.8b4/cg7ry/0x4AAAAAAAc2BQjPEms9tKlM/auto/fbE/crashed_retry/normal?lang=auto:0
[   39222ms] [WARNING] WebGL: INVALID_ENUM: getInternalformatParameter: invalid internalformat when EXT_color_buffer_[half_]float is not enabled @ https://challenges.cloudflare.com/cdn-cgi/challenge-platform/h/g/turnstile/f/av0/rchImdUintTElE_YEl0XJX6A3wuih5h6umLMAZLOcSkAF0-1785746163-1.3.1.1-PyOWBAXQ9T.cC82iHOWeieY1MSbZe62Hp297ZLu.8b4/cg7ry/0x4AAAAAAAc2BQjPEms9tKlM/auto/fbE/crashed_retry/normal?lang=auto:0
[   39222ms] [WARNING] WebGL: INVALID_ENUM: getInternalformatParameter: invalid internalformat when EXT_color_buffer_float is not enabled @ https://challenges.cloudflare.com/cdn-cgi/challenge-platform/h/g/turnstile/f/av0/rchImdUintTElE_YEl0XJX6A3wuih5h6umLMAZLOcSkAF0-1785746163-1.3.1.1-PyOWBAXQ9T.cC82iHOWeieY1MSbZe62Hp297ZLu.8b4/cg7ry/0x4AAAAAAAc2BQjPEms9tKlM/auto/fbE/crashed_retry/normal?lang=auto:0
[   39432ms] [WARNING] The powerPreference option is currently ignored when calling requestAdapter() on Windows. See https://crbug.com/369219127 @ https://challenges.cloudflare.com/cdn-cgi/challenge-platform/h/g/turnstile/f/av0/rchImdUintTElE_YEl0XJX6A3wuih5h6umLMAZLOcSkAF0-1785746163-1.3.1.1-PyOWBAXQ9T.cC82iHOWeieY1MSbZe62Hp297ZLu.8b4/cg7ry/0x4AAAAAAAc2BQjPEms9tKlM/auto/fbE/crashed_retry/normal?lang=auto:0
[   39432ms] [WARNING] The powerPreference option is currently ignored when calling requestAdapter() on Windows. See https://crbug.com/369219127 @ https://challenges.cloudflare.com/cdn-cgi/challenge-platform/h/g/turnstile/f/av0/rchImdUintTElE_YEl0XJX6A3wuih5h6umLMAZLOcSkAF0-1785746163-1.3.1.1-PyOWBAXQ9T.cC82iHOWeieY1MSbZe62Hp297ZLu.8b4/cg7ry/0x4AAAAAAAc2BQjPEms9tKlM/auto/fbE/crashed_retry/normal?lang=auto:0
[   39439ms] [WARNING] No available adapters. @ https://challenges.cloudflare.com/cdn-cgi/challenge-platform/h/g/turnstile/f/av0/rchImdUintTElE_YEl0XJX6A3wuih5h6umLMAZLOcSkAF0-1785746163-1.3.1.1-PyOWBAXQ9T.cC82iHOWeieY1MSbZe62Hp297ZLu.8b4/cg7ry/0x4AAAAAAAc2BQjPEms9tKlM/auto/fbE/crashed_retry/normal?lang=auto:0
[   40164ms] [WARNING] OTS parsing error: Size of decompressed WOFF 2.0 is less than compressed size @ https://challenges.cloudflare.com/cdn-cgi/challenge-platform/h/g/turnstile/f/av0/rchImdUintTElE_YEl0XJX6A3wuih5h6umLMAZLOcSkAF0-1785746163-1.3.1.1-PyOWBAXQ9T.cC82iHOWeieY1MSbZe62Hp297ZLu.8b4/cg7ry/0x4AAAAAAAc2BQjPEms9tKlM/auto/fbE/crashed_retry/normal?lang=auto:0
[  333707ms] [ERROR] Creating a TrustedTypePolicy named 'sanitizer' violates the following Content Security policy directive: "trusted-types nfFM8 default". The action has been blocked. @ chrome-extension://gjkaolmncjlagdhkamocpknlngfbfmnm/content_script.js:4931
[  334193ms] [ERROR] Blocked script execution in 'about:blank' because the document's frame is sandboxed and the 'allow-scripts' permission is not set. @ https://challenges.cloudflare.com/cdn-cgi/challenge-platform/h/g/turnstile/f/av0/rch/cg7ry/0x4AAAAAAAc2BQjPEms9tKlM/auto/fbE/auto_expire/normal?lang=auto:0
[  334194ms] [ERROR] Blocked script execution in 'about:blank' because the document's frame is sandboxed and the 'allow-scripts' permission is not set. @ https://challenges.cloudflare.com/cdn-cgi/challenge-platform/h/g/turnstile/f/av0/rch/cg7ry/0x4AAAAAAAc2BQjPEms9tKlM/auto/fbE/auto_expire/normal?lang=auto:0
[  334199ms] [ERROR] Blocked script execution in 'about:blank' because the document's frame is sandboxed and the 'allow-scripts' permission is not set. @ https://challenges.cloudflare.com/cdn-cgi/challenge-platform/h/g/turnstile/f/av0/rch/cg7ry/0x4AAAAAAAc2BQjPEms9tKlM/auto/fbE/auto_expire/normal?lang=auto:0
[  365897ms] [WARNING] OTS parsing error: Size of decompressed WOFF 2.0 is less than compressed size @ https://challenges.cloudflare.com/cdn-cgi/challenge-platform/h/g/turnstile/f/av0/rch/cg7ry/0x4AAAAAAAc2BQjPEms9tKlM/auto/fbE/auto_expire/normal?lang=auto:0
[  366165ms] [ERROR] Blocked script execution in 'about:blank' because the document's frame is sandboxed and the 'allow-scripts' permission is not set. @ https://challenges.cloudflare.com/cdn-cgi/challenge-platform/h/g/turnstile/f/av0/rch/cg7ry/0x4AAAAAAAc2BQjPEms9tKlM/auto/fbE/auto_expire/normal?lang=auto:0
[  366167ms] [ERROR] Blocked script execution in 'about:blank' because the document's frame is sandboxed and the 'allow-scripts' permission is not set. @ https://challenges.cloudflare.com/cdn-cgi/challenge-platform/h/g/turnstile/f/av0/rch/cg7ry/0x4AAAAAAAc2BQjPEms9tKlM/auto/fbE/auto_expire/normal?lang=auto:0
[  366175ms] [ERROR] Blocked script execution in 'about:blank' because the document's frame is sandboxed and the 'allow-scripts' permission is not set. @ https://challenges.cloudflare.com/cdn-cgi/challenge-platform/h/g/turnstile/f/av0/rch/cg7ry/0x4AAAAAAAc2BQjPEms9tKlM/auto/fbE/auto_expire/normal?lang=auto:0
[  366775ms] [WARNING] WebGL: INVALID_ENUM: getInternalformatParameter: invalid internalformat @ https://challenges.cloudflare.com/cdn-cgi/challenge-platform/h/g/turnstile/f/av0/rch/cg7ry/0x4AAAAAAAc2BQjPEms9tKlM/auto/fbE/auto_expire/normal?lang=auto:0
[  366778ms] [WARNING] WebGL: INVALID_ENUM: getInternalformatParameter: invalid internalformat @ https://challenges.cloudflare.com/cdn-cgi/challenge-platform/h/g/turnstile/f/av0/rch/cg7ry/0x4AAAAAAAc2BQjPEms9tKlM/auto/fbE/auto_expire/normal?lang=auto:0
[  366779ms] [WARNING] WebGL: INVALID_ENUM: getInternalformatParameter: invalid internalformat @ https://challenges.cloudflare.com/cdn-cgi/challenge-platform/h/g/turnstile/f/av0/rch/cg7ry/0x4AAAAAAAc2BQjPEms9tKlM/auto/fbE/auto_expire/normal?lang=auto:0
[  366780ms] [WARNING] WebGL: INVALID_ENUM: getInternalformatParameter: invalid internalformat @ https://challenges.cloudflare.com/cdn-cgi/challenge-platform/h/g/turnstile/f/av0/rch/cg7ry/0x4AAAAAAAc2BQjPEms9tKlM/auto/fbE/auto_expire/normal?lang=auto:0
[  366780ms] [WARNING] WebGL: INVALID_ENUM: getInternalformatParameter: invalid internalformat @ https://challenges.cloudflare.com/cdn-cgi/challenge-platform/h/g/turnstile/f/av0/rch/cg7ry/0x4AAAAAAAc2BQjPEms9tKlM/auto/fbE/auto_expire/normal?lang=auto:0
[  366781ms] [WARNING] WebGL: INVALID_ENUM: getInternalformatParameter: invalid internalformat @ https://challenges.cloudflare.com/cdn-cgi/challenge-platform/h/g/turnstile/f/av0/rch/cg7ry/0x4AAAAAAAc2BQjPEms9tKlM/auto/fbE/auto_expire/normal?lang=auto:0
[  366781ms] [WARNING] WebGL: INVALID_ENUM: getInternalformatParameter: invalid internalformat @ https://challenges.cloudflare.com/cdn-cgi/challenge-platform/h/g/turnstile/f/av0/rch/cg7ry/0x4AAAAAAAc2BQjPEms9tKlM/auto/fbE/auto_expire/normal?lang=auto:0
[  366781ms] [WARNING] WebGL: INVALID_ENUM: getInternalformatParameter: invalid internalformat @ https://challenges.cloudflare.com/cdn-cgi/challenge-platform/h/g/turnstile/f/av0/rch/cg7ry/0x4AAAAAAAc2BQjPEms9tKlM/auto/fbE/auto_expire/normal?lang=auto:0
[  366782ms] [WARNING] WebGL: INVALID_ENUM: getInternalformatParameter: invalid internalformat @ https://challenges.cloudflare.com/cdn-cgi/challenge-platform/h/g/turnstile/f/av0/rch/cg7ry/0x4AAAAAAAc2BQjPEms9tKlM/auto/fbE/auto_expire/normal?lang=auto:0
[  366782ms] [WARNING] WebGL: INVALID_ENUM: getInternalformatParameter: invalid internalformat @ https://challenges.cloudflare.com/cdn-cgi/challenge-platform/h/g/turnstile/f/av0/rch/cg7ry/0x4AAAAAAAc2BQjPEms9tKlM/auto/fbE/auto_expire/normal?lang=auto:0
[  366784ms] [WARNING] WebGL: INVALID_ENUM: getInternalformatParameter: invalid internalformat @ https://challenges.cloudflare.com/cdn-cgi/challenge-platform/h/g/turnstile/f/av0/rch/cg7ry/0x4AAAAAAAc2BQjPEms9tKlM/auto/fbE/auto_expire/normal?lang=auto:0
[  366787ms] [WARNING] WebGL: INVALID_ENUM: getInternalformatParameter: invalid internalformat when EXT_color_buffer_[half_]float is not enabled @ https://challenges.cloudflare.com/cdn-cgi/challenge-platform/h/g/turnstile/f/av0/rch/cg7ry/0x4AAAAAAAc2BQjPEms9tKlM/auto/fbE/auto_expire/normal?lang=auto:0
[  366787ms] [WARNING] WebGL: INVALID_ENUM: getInternalformatParameter: invalid internalformat when EXT_color_buffer_float is not enabled @ https://challenges.cloudflare.com/cdn-cgi/challenge-platform/h/g/turnstile/f/av0/rch/cg7ry/0x4AAAAAAAc2BQjPEms9tKlM/auto/fbE/auto_expire/normal?lang=auto:0
[  366788ms] [WARNING] WebGL: INVALID_ENUM: getInternalformatParameter: invalid internalformat when EXT_color_buffer_float is not enabled @ https://challenges.cloudflare.com/cdn-cgi/challenge-platform/h/g/turnstile/f/av0/rch/cg7ry/0x4AAAAAAAc2BQjPEms9tKlM/auto/fbE/auto_expire/normal?lang=auto:0
[  366788ms] [WARNING] WebGL: INVALID_ENUM: getInternalformatParameter: invalid internalformat @ https://challenges.cloudflare.com/cdn-cgi/challenge-platform/h/g/turnstile/f/av0/rch/cg7ry/0x4AAAAAAAc2BQjPEms9tKlM/auto/fbE/auto_expire/normal?lang=auto:0
[  366789ms] [WARNING] WebGL: INVALID_ENUM: getInternalformatParameter: invalid internalformat when EXT_color_buffer_[half_]float is not enabled @ https://challenges.cloudflare.com/cdn-cgi/challenge-platform/h/g/turnstile/f/av0/rch/cg7ry/0x4AAAAAAAc2BQjPEms9tKlM/auto/fbE/auto_expire/normal?lang=auto:0
[  366789ms] [WARNING] WebGL: INVALID_ENUM: getInternalformatParameter: invalid internalformat when EXT_color_buffer_float is not enabled @ https://challenges.cloudflare.com/cdn-cgi/challenge-platform/h/g/turnstile/f/av0/rch/cg7ry/0x4AAAAAAAc2BQjPEms9tKlM/auto/fbE/auto_expire/normal?lang=auto:0
[  366789ms] [WARNING] WebGL: INVALID_ENUM: getInternalformatParameter: invalid internalformat when EXT_color_buffer_[half_]float is not enabled @ https://challenges.cloudflare.com/cdn-cgi/challenge-platform/h/g/turnstile/f/av0/rch/cg7ry/0x4AAAAAAAc2BQjPEms9tKlM/auto/fbE/auto_expire/normal?lang=auto:0
[  366789ms] [WARNING] WebGL: INVALID_ENUM: getInternalformatParameter: invalid internalformat when EXT_color_buffer_float is not enabled @ https://challenges.cloudflare.com/cdn-cgi/challenge-platform/h/g/turnstile/f/av0/rch/cg7ry/0x4AAAAAAAc2BQjPEms9tKlM/auto/fbE/auto_expire/normal?lang=auto:0
[  367117ms] [WARNING] The powerPreference option is currently ignored when calling requestAdapter() on Windows. See https://crbug.com/369219127 @ https://challenges.cloudflare.com/cdn-cgi/challenge-platform/h/g/turnstile/f/av0/rch/cg7ry/0x4AAAAAAAc2BQjPEms9tKlM/auto/fbE/auto_expire/normal?lang=auto:0
[  367118ms] [WARNING] The powerPreference option is currently ignored when calling requestAdapter() on Windows. See https://crbug.com/369219127 @ https://challenges.cloudflare.com/cdn-cgi/challenge-platform/h/g/turnstile/f/av0/rch/cg7ry/0x4AAAAAAAc2BQjPEms9tKlM/auto/fbE/auto_expire/normal?lang=auto:0
[  367132ms] [WARNING] No available adapters. @ https://challenges.cloudflare.com/cdn-cgi/challenge-platform/h/g/turnstile/f/av0/rch/cg7ry/0x4AAAAAAAc2BQjPEms9tKlM/auto/fbE/auto_expire/normal?lang=auto:0
[  661929ms] [ERROR] Creating a TrustedTypePolicy named 'sanitizer' violates the following Content Security policy directive: "trusted-types nfFM8 default". The action has been blocked. @ chrome-extension://gjkaolmncjlagdhkamocpknlngfbfmnm/content_script.js:4931
[  668951ms] [ERROR] Blocked script execution in 'about:blank' because the document's frame is sandboxed and the 'allow-scripts' permission is not set. @ https://challenges.cloudflare.com/cdn-cgi/challenge-platform/h/g/turnstile/f/av0/rch/cg7ry/0x4AAAAAAAc2BQjPEms9tKlM/auto/fbE/auto_expire/normal?lang=auto:0
[  668952ms] [ERROR] Blocked script execution in 'about:blank' because the document's frame is sandboxed and the 'allow-scripts' permission is not set. @ https://challenges.cloudflare.com/cdn-cgi/challenge-platform/h/g/turnstile/f/av0/rch/cg7ry/0x4AAAAAAAc2BQjPEms9tKlM/auto/fbE/auto_expire/normal?lang=auto:0
[  668971ms] [ERROR] Blocked script execution in 'about:blank' because the document's frame is sandboxed and the 'allow-scripts' permission is not set. @ https://challenges.cloudflare.com/cdn-cgi/challenge-platform/h/g/turnstile/f/av0/rch/cg7ry/0x4AAAAAAAc2BQjPEms9tKlM/auto/fbE/auto_expire/normal?lang=auto:0
[  719990ms] [ERROR] Creating a TrustedTypePolicy named 'sanitizer' violates the following Content Security policy directive: "trusted-types nfFM8 default". The action has been blocked. @ chrome-extension://gjkaolmncjlagdhkamocpknlngfbfmnm/content_script.js:4931
[  721045ms] [ERROR] Blocked script execution in 'about:blank' because the document's frame is sandboxed and the 'allow-scripts' permission is not set. @ https://challenges.cloudflare.com/cdn-cgi/challenge-platform/h/g/turnstile/f/av0/rchbol8i0NlaV3I2DkS29AOSXpa_rxAA9813ZnYwsGvvhQ-1785747165-1.3.1.1-p4oGIEAlapsqKR0hAnF9SXaGAmdYQM7TY..WEKdZbac/cg7ry/0x4AAAAAAAc2BQjPEms9tKlM/auto/fbE/failure_retry/normal?lang=auto:0
[  721045ms] [ERROR] Blocked script execution in 'about:blank' because the document's frame is sandboxed and the 'allow-scripts' permission is not set. @ https://challenges.cloudflare.com/cdn-cgi/challenge-platform/h/g/turnstile/f/av0/rchbol8i0NlaV3I2DkS29AOSXpa_rxAA9813ZnYwsGvvhQ-1785747165-1.3.1.1-p4oGIEAlapsqKR0hAnF9SXaGAmdYQM7TY..WEKdZbac/cg7ry/0x4AAAAAAAc2BQjPEms9tKlM/auto/fbE/failure_retry/normal?lang=auto:0
[  721047ms] [ERROR] Blocked script execution in 'about:blank' because the document's frame is sandboxed and the 'allow-scripts' permission is not set. @ https://challenges.cloudflare.com/cdn-cgi/challenge-platform/h/g/turnstile/f/av0/rchbol8i0NlaV3I2DkS29AOSXpa_rxAA9813ZnYwsGvvhQ-1785747165-1.3.1.1-p4oGIEAlapsqKR0hAnF9SXaGAmdYQM7TY..WEKdZbac/cg7ry/0x4AAAAAAAc2BQjPEms9tKlM/auto/fbE/failure_retry/normal?lang=auto:0
[  735850ms] [ERROR] Blocked script execution in 'about:blank' because the document's frame is sandboxed and the 'allow-scripts' permission is not set. @ https://challenges.cloudflare.com/cdn-cgi/challenge-platform/h/g/turnstile/f/av0/rchbol8i0NlaV3I2DkS29AOSXpa_rxAA9813ZnYwsGvvhQ-1785747165-1.3.1.1-p4oGIEAlapsqKR0hAnF9SXaGAmdYQM7TY..WEKdZbac/cg7ry/0x4AAAAAAAc2BQjPEms9tKlM/auto/fbE/failure_retry/normal?lang=auto:0
[  735851ms] [ERROR] Blocked script execution in 'about:blank' because the document's frame is sandboxed and the 'allow-scripts' permission is not set. @ https://challenges.cloudflare.com/cdn-cgi/challenge-platform/h/g/turnstile/f/av0/rchbol8i0NlaV3I2DkS29AOSXpa_rxAA9813ZnYwsGvvhQ-1785747165-1.3.1.1-p4oGIEAlapsqKR0hAnF9SXaGAmdYQM7TY..WEKdZbac/cg7ry/0x4AAAAAAAc2BQjPEms9tKlM/auto/fbE/failure_retry/normal?lang=auto:0
[  735856ms] [ERROR] Blocked script execution in 'about:blank' because the document's frame is sandboxed and the 'allow-scripts' permission is not set. @ https://challenges.cloudflare.com/cdn-cgi/challenge-platform/h/g/turnstile/f/av0/rchbol8i0NlaV3I2DkS29AOSXpa_rxAA9813ZnYwsGvvhQ-1785747165-1.3.1.1-p4oGIEAlapsqKR0hAnF9SXaGAmdYQM7TY..WEKdZbac/cg7ry/0x4AAAAAAAc2BQjPEms9tKlM/auto/fbE/failure_retry/normal?lang=auto:0
[  736525ms] [WARNING] WebGL: INVALID_ENUM: getInternalformatParameter: invalid internalformat @ https://challenges.cloudflare.com/cdn-cgi/challenge-platform/h/g/turnstile/f/av0/rchbol8i0NlaV3I2DkS29AOSXpa_rxAA9813ZnYwsGvvhQ-1785747165-1.3.1.1-p4oGIEAlapsqKR0hAnF9SXaGAmdYQM7TY..WEKdZbac/cg7ry/0x4AAAAAAAc2BQjPEms9tKlM/auto/fbE/failure_retry/normal?lang=auto:0
[  736526ms] [WARNING] WebGL: INVALID_ENUM: getInternalformatParameter: invalid internalformat @ https://challenges.cloudflare.com/cdn-cgi/challenge-platform/h/g/turnstile/f/av0/rchbol8i0NlaV3I2DkS29AOSXpa_rxAA9813ZnYwsGvvhQ-1785747165-1.3.1.1-p4oGIEAlapsqKR0hAnF9SXaGAmdYQM7TY..WEKdZbac/cg7ry/0x4AAAAAAAc2BQjPEms9tKlM/auto/fbE/failure_retry/normal?lang=auto:0
[  736528ms] [WARNING] WebGL: INVALID_ENUM: getInternalformatParameter: invalid internalformat @ https://challenges.cloudflare.com/cdn-cgi/challenge-platform/h/g/turnstile/f/av0/rchbol8i0NlaV3I2DkS29AOSXpa_rxAA9813ZnYwsGvvhQ-1785747165-1.3.1.1-p4oGIEAlapsqKR0hAnF9SXaGAmdYQM7TY..WEKdZbac/cg7ry/0x4AAAAAAAc2BQjPEms9tKlM/auto/fbE/failure_retry/normal?lang=auto:0
[  736528ms] [WARNING] WebGL: INVALID_ENUM: getInternalformatParameter: invalid internalformat @ https://challenges.cloudflare.com/cdn-cgi/challenge-platform/h/g/turnstile/f/av0/rchbol8i0NlaV3I2DkS29AOSXpa_rxAA9813ZnYwsGvvhQ-1785747165-1.3.1.1-p4oGIEAlapsqKR0hAnF9SXaGAmdYQM7TY..WEKdZbac/cg7ry/0x4AAAAAAAc2BQjPEms9tKlM/auto/fbE/failure_retry/normal?lang=auto:0
[  736528ms] [WARNING] WebGL: INVALID_ENUM: getInternalformatParameter: invalid internalformat @ https://challenges.cloudflare.com/cdn-cgi/challenge-platform/h/g/turnstile/f/av0/rchbol8i0NlaV3I2DkS29AOSXpa_rxAA9813ZnYwsGvvhQ-1785747165-1.3.1.1-p4oGIEAlapsqKR0hAnF9SXaGAmdYQM7TY..WEKdZbac/cg7ry/0x4AAAAAAAc2BQjPEms9tKlM/auto/fbE/failure_retry/normal?lang=auto:0
[  736528ms] [WARNING] WebGL: INVALID_ENUM: getInternalformatParameter: invalid internalformat @ https://challenges.cloudflare.com/cdn-cgi/challenge-platform/h/g/turnstile/f/av0/rchbol8i0NlaV3I2DkS29AOSXpa_rxAA9813ZnYwsGvvhQ-1785747165-1.3.1.1-p4oGIEAlapsqKR0hAnF9SXaGAmdYQM7TY..WEKdZbac/cg7ry/0x4AAAAAAAc2BQjPEms9tKlM/auto/fbE/failure_retry/normal?lang=auto:0
[  736529ms] [WARNING] WebGL: INVALID_ENUM: getInternalformatParameter: invalid internalformat @ https://challenges.cloudflare.com/cdn-cgi/challenge-platform/h/g/turnstile/f/av0/rchbol8i0NlaV3I2DkS29AOSXpa_rxAA9813ZnYwsGvvhQ-1785747165-1.3.1.1-p4oGIEAlapsqKR0hAnF9SXaGAmdYQM7TY..WEKdZbac/cg7ry/0x4AAAAAAAc2BQjPEms9tKlM/auto/fbE/failure_retry/normal?lang=auto:0
[  736529ms] [WARNING] WebGL: INVALID_ENUM: getInternalformatParameter: invalid internalformat @ https://challenges.cloudflare.com/cdn-cgi/challenge-platform/h/g/turnstile/f/av0/rchbol8i0NlaV3I2DkS29AOSXpa_rxAA9813ZnYwsGvvhQ-1785747165-1.3.1.1-p4oGIEAlapsqKR0hAnF9SXaGAmdYQM7TY..WEKdZbac/cg7ry/0x4AAAAAAAc2BQjPEms9tKlM/auto/fbE/failure_retry/normal?lang=auto:0
[  736529ms] [WARNING] WebGL: INVALID_ENUM: getInternalformatParameter: invalid internalformat @ https://challenges.cloudflare.com/cdn-cgi/challenge-platform/h/g/turnstile/f/av0/rchbol8i0NlaV3I2DkS29AOSXpa_rxAA9813ZnYwsGvvhQ-1785747165-1.3.1.1-p4oGIEAlapsqKR0hAnF9SXaGAmdYQM7TY..WEKdZbac/cg7ry/0x4AAAAAAAc2BQjPEms9tKlM/auto/fbE/failure_retry/normal?lang=auto:0
[  736529ms] [WARNING] WebGL: INVALID_ENUM: getInternalformatParameter: invalid internalformat @ https://challenges.cloudflare.com/cdn-cgi/challenge-platform/h/g/turnstile/f/av0/rchbol8i0NlaV3I2DkS29AOSXpa_rxAA9813ZnYwsGvvhQ-1785747165-1.3.1.1-p4oGIEAlapsqKR0hAnF9SXaGAmdYQM7TY..WEKdZbac/cg7ry/0x4AAAAAAAc2BQjPEms9tKlM/auto/fbE/failure_retry/normal?lang=auto:0
[  736530ms] [WARNING] WebGL: INVALID_ENUM: getInternalformatParameter: invalid internalformat @ https://challenges.cloudflare.com/cdn-cgi/challenge-platform/h/g/turnstile/f/av0/rchbol8i0NlaV3I2DkS29AOSXpa_rxAA9813ZnYwsGvvhQ-1785747165-1.3.1.1-p4oGIEAlapsqKR0hAnF9SXaGAmdYQM7TY..WEKdZbac/cg7ry/0x4AAAAAAAc2BQjPEms9tKlM/auto/fbE/failure_retry/normal?lang=auto:0
[  736533ms] [WARNING] WebGL: INVALID_ENUM: getInternalformatParameter: invalid internalformat when EXT_color_buffer_[half_]float is not enabled @ https://challenges.cloudflare.com/cdn-cgi/challenge-platform/h/g/turnstile/f/av0/rchbol8i0NlaV3I2DkS29AOSXpa_rxAA9813ZnYwsGvvhQ-1785747165-1.3.1.1-p4oGIEAlapsqKR0hAnF9SXaGAmdYQM7TY..WEKdZbac/cg7ry/0x4AAAAAAAc2BQjPEms9tKlM/auto/fbE/failure_retry/normal?lang=auto:0
[  736533ms] [WARNING] WebGL: INVALID_ENUM: getInternalformatParameter: invalid internalformat when EXT_color_buffer_float is not enabled @ https://challenges.cloudflare.com/cdn-cgi/challenge-platform/h/g/turnstile/f/av0/rchbol8i0NlaV3I2DkS29AOSXpa_rxAA9813ZnYwsGvvhQ-1785747165-1.3.1.1-p4oGIEAlapsqKR0hAnF9SXaGAmdYQM7TY..WEKdZbac/cg7ry/0x4AAAAAAAc2BQjPEms9tKlM/auto/fbE/failure_retry/normal?lang=auto:0
[  736533ms] [WARNING] WebGL: INVALID_ENUM: getInternalformatParameter: invalid internalformat when EXT_color_buffer_float is not enabled @ https://challenges.cloudflare.com/cdn-cgi/challenge-platform/h/g/turnstile/f/av0/rchbol8i0NlaV3I2DkS29AOSXpa_rxAA9813ZnYwsGvvhQ-1785747165-1.3.1.1-p4oGIEAlapsqKR0hAnF9SXaGAmdYQM7TY..WEKdZbac/cg7ry/0x4AAAAAAAc2BQjPEms9tKlM/auto/fbE/failure_retry/normal?lang=auto:0
[  736533ms] [WARNING] WebGL: INVALID_ENUM: getInternalformatParameter: invalid internalformat @ https://challenges.cloudflare.com/cdn-cgi/challenge-platform/h/g/turnstile/f/av0/rchbol8i0NlaV3I2DkS29AOSXpa_rxAA9813ZnYwsGvvhQ-1785747165-1.3.1.1-p4oGIEAlapsqKR0hAnF9SXaGAmdYQM7TY..WEKdZbac/cg7ry/0x4AAAAAAAc2BQjPEms9tKlM/auto/fbE/failure_retry/normal?lang=auto:0
[  736533ms] [WARNING] WebGL: INVALID_ENUM: getInternalformatParameter: invalid internalformat when EXT_color_buffer_[half_]float is not enabled @ https://challenges.cloudflare.com/cdn-cgi/challenge-platform/h/g/turnstile/f/av0/rchbol8i0NlaV3I2DkS29AOSXpa_rxAA9813ZnYwsGvvhQ-1785747165-1.3.1.1-p4oGIEAlapsqKR0hAnF9SXaGAmdYQM7TY..WEKdZbac/cg7ry/0x4AAAAAAAc2BQjPEms9tKlM/auto/fbE/failure_retry/normal?lang=auto:0
[  736534ms] [WARNING] WebGL: INVALID_ENUM: getInternalformatParameter: invalid internalformat when EXT_color_buffer_float is not enabled @ https://challenges.cloudflare.com/cdn-cgi/challenge-platform/h/g/turnstile/f/av0/rchbol8i0NlaV3I2DkS29AOSXpa_rxAA9813ZnYwsGvvhQ-1785747165-1.3.1.1-p4oGIEAlapsqKR0hAnF9SXaGAmdYQM7TY..WEKdZbac/cg7ry/0x4AAAAAAAc2BQjPEms9tKlM/auto/fbE/failure_retry/normal?lang=auto:0
[  736535ms] [WARNING] WebGL: INVALID_ENUM: getInternalformatParameter: invalid internalformat when EXT_color_buffer_[half_]float is not enabled @ https://challenges.cloudflare.com/cdn-cgi/challenge-platform/h/g/turnstile/f/av0/rchbol8i0NlaV3I2DkS29AOSXpa_rxAA9813ZnYwsGvvhQ-1785747165-1.3.1.1-p4oGIEAlapsqKR0hAnF9SXaGAmdYQM7TY..WEKdZbac/cg7ry/0x4AAAAAAAc2BQjPEms9tKlM/auto/fbE/failure_retry/normal?lang=auto:0
[  736535ms] [WARNING] WebGL: INVALID_ENUM: getInternalformatParameter: invalid internalformat when EXT_color_buffer_float is not enabled @ https://challenges.cloudflare.com/cdn-cgi/challenge-platform/h/g/turnstile/f/av0/rchbol8i0NlaV3I2DkS29AOSXpa_rxAA9813ZnYwsGvvhQ-1785747165-1.3.1.1-p4oGIEAlapsqKR0hAnF9SXaGAmdYQM7TY..WEKdZbac/cg7ry/0x4AAAAAAAc2BQjPEms9tKlM/auto/fbE/failure_retry/normal?lang=auto:0
[  736727ms] [WARNING] OTS parsing error: Size of decompressed WOFF 2.0 is less than compressed size @ https://challenges.cloudflare.com/cdn-cgi/challenge-platform/h/g/turnstile/f/av0/rchbol8i0NlaV3I2DkS29AOSXpa_rxAA9813ZnYwsGvvhQ-1785747165-1.3.1.1-p4oGIEAlapsqKR0hAnF9SXaGAmdYQM7TY..WEKdZbac/cg7ry/0x4AAAAAAAc2BQjPEms9tKlM/auto/fbE/failure_retry/normal?lang=auto:0
[  736744ms] [WARNING] The powerPreference option is currently ignored when calling requestAdapter() on Windows. See https://crbug.com/369219127 @ https://challenges.cloudflare.com/cdn-cgi/challenge-platform/h/g/turnstile/f/av0/rchbol8i0NlaV3I2DkS29AOSXpa_rxAA9813ZnYwsGvvhQ-1785747165-1.3.1.1-p4oGIEAlapsqKR0hAnF9SXaGAmdYQM7TY..WEKdZbac/cg7ry/0x4AAAAAAAc2BQjPEms9tKlM/auto/fbE/failure_retry/normal?lang=auto:0
[  736745ms] [WARNING] The powerPreference option is currently ignored when calling requestAdapter() on Windows. See https://crbug.com/369219127 @ https://challenges.cloudflare.com/cdn-cgi/challenge-platform/h/g/turnstile/f/av0/rchbol8i0NlaV3I2DkS29AOSXpa_rxAA9813ZnYwsGvvhQ-1785747165-1.3.1.1-p4oGIEAlapsqKR0hAnF9SXaGAmdYQM7TY..WEKdZbac/cg7ry/0x4AAAAAAAc2BQjPEms9tKlM/auto/fbE/failure_retry/normal?lang=auto:0
[  736758ms] [WARNING] No available adapters. @ https://challenges.cloudflare.com/cdn-cgi/challenge-platform/h/g/turnstile/f/av0/rchbol8i0NlaV3I2DkS29AOSXpa_rxAA9813ZnYwsGvvhQ-1785747165-1.3.1.1-p4oGIEAlapsqKR0hAnF9SXaGAmdYQM7TY..WEKdZbac/cg7ry/0x4AAAAAAAc2BQjPEms9tKlM/auto/fbE/failure_retry/normal?lang=auto:0
[ 1029843ms] [ERROR] Creating a TrustedTypePolicy named 'sanitizer' violates the following Content Security policy directive: "trusted-types nfFM8 default". The action has been blocked. @ chrome-extension://gjkaolmncjlagdhkamocpknlngfbfmnm/content_script.js:4931
[ 1030081ms] [ERROR] Blocked script execution in 'about:blank' because the document's frame is sandboxed and the 'allow-scripts' permission is not set. @ https://challenges.cloudflare.com/cdn-cgi/challenge-platform/h/g/turnstile/f/av0/rch/cg7ry/0x4AAAAAAAc2BQjPEms9tKlM/auto/fbE/auto_expire/normal?lang=auto:0
[ 1030081ms] [ERROR] Blocked script execution in 'about:blank' because the document's frame is sandboxed and the 'allow-scripts' permission is not set. @ https://challenges.cloudflare.com/cdn-cgi/challenge-platform/h/g/turnstile/f/av0/rch/cg7ry/0x4AAAAAAAc2BQjPEms9tKlM/auto/fbE/auto_expire/normal?lang=auto:0
[ 1030083ms] [ERROR] Blocked script execution in 'about:blank' because the document's frame is sandboxed and the 'allow-scripts' permission is not set. @ https://challenges.cloudflare.com/cdn-cgi/challenge-platform/h/g/turnstile/f/av0/rch/cg7ry/0x4AAAAAAAc2BQjPEms9tKlM/auto/fbE/auto_expire/normal?lang=auto:0
[ 1033753ms] [ERROR] Blocked script execution in 'about:blank' because the document's frame is sandboxed and the 'allow-scripts' permission is not set. @ https://challenges.cloudflare.com/cdn-cgi/challenge-platform/h/g/turnstile/f/av0/rch/cg7ry/0x4AAAAAAAc2BQjPEms9tKlM/auto/fbE/auto_expire/normal?lang=auto:0
[ 1033754ms] [ERROR] Blocked script execution in 'about:blank' because the document's frame is sandboxed and the 'allow-scripts' permission is not set. @ https://challenges.cloudflare.com/cdn-cgi/challenge-platform/h/g/turnstile/f/av0/rch/cg7ry/0x4AAAAAAAc2BQjPEms9tKlM/auto/fbE/auto_expire/normal?lang=auto:0
[ 1033760ms] [ERROR] Blocked script execution in 'about:blank' because the document's frame is sandboxed and the 'allow-scripts' permission is not set. @ https://challenges.cloudflare.com/cdn-cgi/challenge-platform/h/g/turnstile/f/av0/rch/cg7ry/0x4AAAAAAAc2BQjPEms9tKlM/auto/fbE/auto_expire/normal?lang=auto:0
[ 1033764ms] [LOG] /.*.*=.*/ @ https://challenges.cloudflare.com/cdn-cgi/challenge-platform/h/g/turnstile/f/av0/rch/cg7ry/0x4AAAAAAAc2BQjPEms9tKlM/auto/fbE/auto_expire/normal?lang=auto:0
[ 1033765ms] [LOG] /.*.*=.*/ @ https://challenges.cloudflare.com/cdn-cgi/challenge-platform/h/g/turnstile/f/av0/rch/cg7ry/0x4AAAAAAAc2BQjPEms9tKlM/auto/fbE/auto_expire/normal?lang=auto:0
[ 1033766ms] [LOG] function () { [native code] } @ https://challenges.cloudflare.com/cdn-cgi/challenge-platform/h/g/turnstile/f/av0/rch/cg7ry/0x4AAAAAAAc2BQjPEms9tKlM/auto/fbE/auto_expire/normal?lang=auto:0
[ 1033766ms] [LOG] function () { [native code] } @ https://challenges.cloudflare.com/cdn-cgi/challenge-platform/h/g/turnstile/f/av0/rch/cg7ry/0x4AAAAAAAc2BQjPEms9tKlM/auto/fbE/auto_expire/normal?lang=auto:0
[ 1033768ms] [LOG] JSHandle@node @ https://challenges.cloudflare.com/cdn-cgi/challenge-platform/h/g/turnstile/f/av0/rch/cg7ry/0x4AAAAAAAc2BQjPEms9tKlM/auto/fbE/auto_expire/normal?lang=auto:0
[ 1033769ms] [LOG] JSHandle@node @ https://challenges.cloudflare.com/cdn-cgi/challenge-platform/h/g/turnstile/f/av0/rch/cg7ry/0x4AAAAAAAc2BQjPEms9tKlM/auto/fbE/auto_expire/normal?lang=auto:0
[ 1033774ms] [COUNT]  : 1 @ https://challenges.cloudflare.com/cdn-cgi/challenge-platform/h/g/turnstile/f/av0/rch/cg7ry/0x4AAAAAAAc2BQjPEms9tKlM/auto/fbE/auto_expire/normal?lang=auto:0
[ 1033774ms] [COUNT]  : 1 @ https://challenges.cloudflare.com/cdn-cgi/challenge-platform/h/g/turnstile/f/av0/rch/cg7ry/0x4AAAAAAAc2BQjPEms9tKlM/auto/fbE/auto_expire/normal?lang=auto:0
[ 1033779ms] [DIR]  Error @ https://challenges.cloudflare.com/cdn-cgi/challenge-platform/h/g/turnstile/f/av0/rch/cg7ry/0x4AAAAAAAc2BQjPEms9tKlM/auto/fbE/auto_expire/normal?lang=auto:0
[ 1033780ms] [DIR]  Error @ https://challenges.cloudflare.com/cdn-cgi/challenge-platform/h/g/turnstile/f/av0/rch/cg7ry/0x4AAAAAAAc2BQjPEms9tKlM/auto/fbE/auto_expire/normal?lang=auto:0
[ 1033781ms] [DIRXML] %c%d font-size:0;color:transparent Error @ https://challenges.cloudflare.com/cdn-cgi/challenge-platform/h/g/turnstile/f/av0/rch/cg7ry/0x4AAAAAAAc2BQjPEms9tKlM/auto/fbE/auto_expire/normal?lang=auto:0
[ 1033782ms] [DIRXML] %c%d font-size:0;color:transparent Error @ https://challenges.cloudflare.com/cdn-cgi/challenge-platform/h/g/turnstile/f/av0/rch/cg7ry/0x4AAAAAAAc2BQjPEms9tKlM/auto/fbE/auto_expire/normal?lang=auto:0
[ 1033784ms] [ERROR] %c%d font-size:0;color:transparent NaN @ https://challenges.cloudflare.com/cdn-cgi/challenge-platform/h/g/turnstile/f/av0/rch/cg7ry/0x4AAAAAAAc2BQjPEms9tKlM/auto/fbE/auto_expire/normal?lang=auto:0
[ 1033785ms] [ERROR] %c%d font-size:0;color:transparent NaN @ https://challenges.cloudflare.com/cdn-cgi/challenge-platform/h/g/turnstile/f/av0/rch/cg7ry/0x4AAAAAAAc2BQjPEms9tKlM/auto/fbE/auto_expire/normal?lang=auto:0
[ 1033787ms] [INFO] %c%d font-size:0;color:transparent NaN @ https://challenges.cloudflare.com/cdn-cgi/challenge-platform/h/g/turnstile/f/av0/rch/cg7ry/0x4AAAAAAAc2BQjPEms9tKlM/auto/fbE/auto_expire/normal?lang=auto:0
[ 1033787ms] [INFO] %c%d font-size:0;color:transparent NaN @ https://challenges.cloudflare.com/cdn-cgi/challenge-platform/h/g/turnstile/f/av0/rch/cg7ry/0x4AAAAAAAc2BQjPEms9tKlM/auto/fbE/auto_expire/normal?lang=auto:0
[ 1033789ms] [LOG] %c%d font-size:0;color:transparent NaN @ https://challenges.cloudflare.com/cdn-cgi/challenge-platform/h/g/turnstile/f/av0/rch/cg7ry/0x4AAAAAAAc2BQjPEms9tKlM/auto/fbE/auto_expire/normal?lang=auto:0
[ 1033797ms] [LOG] %c%d font-size:0;color:transparent NaN @ https://challenges.cloudflare.com/cdn-cgi/challenge-platform/h/g/turnstile/f/av0/rch/cg7ry/0x4AAAAAAAc2BQjPEms9tKlM/auto/fbE/auto_expire/normal?lang=auto:0
[ 1033799ms] [TABLE] %c%d font-size:0;color:transparent Error @ https://challenges.cloudflare.com/cdn-cgi/challenge-platform/h/g/turnstile/f/av0/rch/cg7ry/0x4AAAAAAAc2BQjPEms9tKlM/auto/fbE/auto_expire/normal?lang=auto:0
[ 1033800ms] [TABLE] %c%d font-size:0;color:transparent Error @ https://challenges.cloudflare.com/cdn-cgi/challenge-platform/h/g/turnstile/f/av0/rch/cg7ry/0x4AAAAAAAc2BQjPEms9tKlM/auto/fbE/auto_expire/normal?lang=auto:0
[ 1033805ms] [WARNING] %c%d font-size:0;color:transparent NaN @ https://challenges.cloudflare.com/cdn-cgi/challenge-platform/h/g/turnstile/f/av0/rch/cg7ry/0x4AAAAAAAc2BQjPEms9tKlM/auto/fbE/auto_expire/normal?lang=auto:0
[ 1033806ms] [WARNING] %c%d font-size:0;color:transparent NaN @ https://challenges.cloudflare.com/cdn-cgi/challenge-platform/h/g/turnstile/f/av0/rch/cg7ry/0x4AAAAAAAc2BQjPEms9tKlM/auto/fbE/auto_expire/normal?lang=auto:0
[ 1035711ms] [WARNING] WebGL: INVALID_ENUM: getInternalformatParameter: invalid internalformat @ https://challenges.cloudflare.com/cdn-cgi/challenge-platform/h/g/turnstile/f/av0/rch/cg7ry/0x4AAAAAAAc2BQjPEms9tKlM/auto/fbE/auto_expire/normal?lang=auto:0
[ 1035712ms] [WARNING] WebGL: INVALID_ENUM: getInternalformatParameter: invalid internalformat @ https://challenges.cloudflare.com/cdn-cgi/challenge-platform/h/g/turnstile/f/av0/rch/cg7ry/0x4AAAAAAAc2BQjPEms9tKlM/auto/fbE/auto_expire/normal?lang=auto:0
[ 1035713ms] [WARNING] WebGL: INVALID_ENUM: getInternalformatParameter: invalid internalformat @ https://challenges.cloudflare.com/cdn-cgi/challenge-platform/h/g/turnstile/f/av0/rch/cg7ry/0x4AAAAAAAc2BQjPEms9tKlM/auto/fbE/auto_expire/normal?lang=auto:0
[ 1035714ms] [WARNING] WebGL: INVALID_ENUM: getInternalformatParameter: invalid internalformat @ https://challenges.cloudflare.com/cdn-cgi/challenge-platform/h/g/turnstile/f/av0/rch/cg7ry/0x4AAAAAAAc2BQjPEms9tKlM/auto/fbE/auto_expire/normal?lang=auto:0
[ 1035714ms] [WARNING] WebGL: INVALID_ENUM: getInternalformatParameter: invalid internalformat @ https://challenges.cloudflare.com/cdn-cgi/challenge-platform/h/g/turnstile/f/av0/rch/cg7ry/0x4AAAAAAAc2BQjPEms9tKlM/auto/fbE/auto_expire/normal?lang=auto:0
[ 1035714ms] [WARNING] WebGL: INVALID_ENUM: getInternalformatParameter: invalid internalformat @ https://challenges.cloudflare.com/cdn-cgi/challenge-platform/h/g/turnstile/f/av0/rch/cg7ry/0x4AAAAAAAc2BQjPEms9tKlM/auto/fbE/auto_expire/normal?lang=auto:0
[ 1035714ms] [WARNING] WebGL: INVALID_ENUM: getInternalformatParameter: invalid internalformat @ https://challenges.cloudflare.com/cdn-cgi/challenge-platform/h/g/turnstile/f/av0/rch/cg7ry/0x4AAAAAAAc2BQjPEms9tKlM/auto/fbE/auto_expire/normal?lang=auto:0
[ 1035714ms] [WARNING] WebGL: INVALID_ENUM: getInternalformatParameter: invalid internalformat @ https://challenges.cloudflare.com/cdn-cgi/challenge-platform/h/g/turnstile/f/av0/rch/cg7ry/0x4AAAAAAAc2BQjPEms9tKlM/auto/fbE/auto_expire/normal?lang=auto:0
[ 1035714ms] [WARNING] WebGL: INVALID_ENUM: getInternalformatParameter: invalid internalformat @ https://challenges.cloudflare.com/cdn-cgi/challenge-platform/h/g/turnstile/f/av0/rch/cg7ry/0x4AAAAAAAc2BQjPEms9tKlM/auto/fbE/auto_expire/normal?lang=auto:0
[ 1035715ms] [WARNING] WebGL: INVALID_ENUM: getInternalformatParameter: invalid internalformat @ https://challenges.cloudflare.com/cdn-cgi/challenge-platform/h/g/turnstile/f/av0/rch/cg7ry/0x4AAAAAAAc2BQjPEms9tKlM/auto/fbE/auto_expire/normal?lang=auto:0
[ 1035715ms] [WARNING] WebGL: INVALID_ENUM: getInternalformatParameter: invalid internalformat @ https://challenges.cloudflare.com/cdn-cgi/challenge-platform/h/g/turnstile/f/av0/rch/cg7ry/0x4AAAAAAAc2BQjPEms9tKlM/auto/fbE/auto_expire/normal?lang=auto:0
[ 1035719ms] [WARNING] WebGL: INVALID_ENUM: getInternalformatParameter: invalid internalformat when EXT_color_buffer_[half_]float is not enabled @ https://challenges.cloudflare.com/cdn-cgi/challenge-platform/h/g/turnstile/f/av0/rch/cg7ry/0x4AAAAAAAc2BQjPEms9tKlM/auto/fbE/auto_expire/normal?lang=auto:0
[ 1035719ms] [WARNING] WebGL: INVALID_ENUM: getInternalformatParameter: invalid internalformat when EXT_color_buffer_float is not enabled @ https://challenges.cloudflare.com/cdn-cgi/challenge-platform/h/g/turnstile/f/av0/rch/cg7ry/0x4AAAAAAAc2BQjPEms9tKlM/auto/fbE/auto_expire/normal?lang=auto:0
[ 1035719ms] [WARNING] WebGL: INVALID_ENUM: getInternalformatParameter: invalid internalformat when EXT_color_buffer_float is not enabled @ https://challenges.cloudflare.com/cdn-cgi/challenge-platform/h/g/turnstile/f/av0/rch/cg7ry/0x4AAAAAAAc2BQjPEms9tKlM/auto/fbE/auto_expire/normal?lang=auto:0
[ 1035719ms] [WARNING] WebGL: INVALID_ENUM: getInternalformatParameter: invalid internalformat @ https://challenges.cloudflare.com/cdn-cgi/challenge-platform/h/g/turnstile/f/av0/rch/cg7ry/0x4AAAAAAAc2BQjPEms9tKlM/auto/fbE/auto_expire/normal?lang=auto:0
[ 1035720ms] [WARNING] WebGL: INVALID_ENUM: getInternalformatParameter: invalid internalformat when EXT_color_buffer_[half_]float is not enabled @ https://challenges.cloudflare.com/cdn-cgi/challenge-platform/h/g/turnstile/f/av0/rch/cg7ry/0x4AAAAAAAc2BQjPEms9tKlM/auto/fbE/auto_expire/normal?lang=auto:0
[ 1035720ms] [WARNING] WebGL: INVALID_ENUM: getInternalformatParameter: invalid internalformat when EXT_color_buffer_float is not enabled @ https://challenges.cloudflare.com/cdn-cgi/challenge-platform/h/g/turnstile/f/av0/rch/cg7ry/0x4AAAAAAAc2BQjPEms9tKlM/auto/fbE/auto_expire/normal?lang=auto:0
[ 1035720ms] [WARNING] WebGL: INVALID_ENUM: getInternalformatParameter: invalid internalformat when EXT_color_buffer_[half_]float is not enabled @ https://challenges.cloudflare.com/cdn-cgi/challenge-platform/h/g/turnstile/f/av0/rch/cg7ry/0x4AAAAAAAc2BQjPEms9tKlM/auto/fbE/auto_expire/normal?lang=auto:0
[ 1035720ms] [WARNING] WebGL: INVALID_ENUM: getInternalformatParameter: invalid internalformat when EXT_color_buffer_float is not enabled @ https://challenges.cloudflare.com/cdn-cgi/challenge-platform/h/g/turnstile/f/av0/rch/cg7ry/0x4AAAAAAAc2BQjPEms9tKlM/auto/fbE/auto_expire/normal?lang=auto:0
[ 1035825ms] [WARNING] OTS parsing error: Size of decompressed WOFF 2.0 is less than compressed size @ https://challenges.cloudflare.com/cdn-cgi/challenge-platform/h/g/turnstile/f/av0/rch/cg7ry/0x4AAAAAAAc2BQjPEms9tKlM/auto/fbE/auto_expire/normal?lang=auto:0
[ 1035861ms] [WARNING] The powerPreference option is currently ignored when calling requestAdapter() on Windows. See https://crbug.com/369219127 @ https://challenges.cloudflare.com/cdn-cgi/challenge-platform/h/g/turnstile/f/av0/rch/cg7ry/0x4AAAAAAAc2BQjPEms9tKlM/auto/fbE/auto_expire/normal?lang=auto:0
[ 1035862ms] [WARNING] The powerPreference option is currently ignored when calling requestAdapter() on Windows. See https://crbug.com/369219127 @ https://challenges.cloudflare.com/cdn-cgi/challenge-platform/h/g/turnstile/f/av0/rch/cg7ry/0x4AAAAAAAc2BQjPEms9tKlM/auto/fbE/auto_expire/normal?lang=auto:0
[ 1035872ms] [WARNING] No available adapters. @ https://challenges.cloudflare.com/cdn-cgi/challenge-platform/h/g/turnstile/f/av0/rch/cg7ry/0x4AAAAAAAc2BQjPEms9tKlM/auto/fbE/auto_expire/normal?lang=auto:0
