[-35071349ms] [ERROR] Failed to load resource: net::ERR_BLOCKED_BY_CLIENT @ https://static.cloudflareinsights.com/beacon.min.js/v4513226cdae34746b4dedf0b4dfa099e1781791509496:0
[-35070987ms] [INFO] This page uses Chrome's Built-In AI features (LanguageDetector)! We're always improving our models; please submit your feedback here: https://issues.chromium.org/issues/new?component=1583316 @ chrome-extension://gjkaolmncjlagdhkamocpknlngfbfmnm/content_script.js:4893
[-17718729ms] [WARNING] Failed to execute 'postMessage' on 'DOMWindow': The target origin provided ('https://challenges.cloudflare.com') does not match the recipient window's origin ('https://linux.do'). @ https://challenges.cloudflare.com/turnstile/v0/api.js?_upgrade=true&_cb=1785729899774:0
[-12582246ms] [WARNING] Failed to execute 'postMessage' on 'DOMWindow': The target origin provided ('https://challenges.cloudflare.com') does not match the recipient window's origin ('https://linux.do'). @ https://challenges.cloudflare.com/turnstile/v0/api.js?_upgrade=true&_cb=1785737101771:0
[-12288847ms] [WARNING] Failed to execute 'postMessage' on 'DOMWindow': The target origin provided ('https://challenges.cloudflare.com') does not match the recipient window's origin ('https://linux.do'). @ https://challenges.cloudflare.com/turnstile/v0/api.js?_upgrade=true&_cb=1785737101771:0
[-11921262ms] [ERROR] Failed to load resource: the server responded with a status of 429 () @ https://linux.do/topics/timings:0
[-11902245ms] [ERROR] Failed to load resource: the server responded with a status of 429 () @ https://linux.do/topics/timings:0
[-11883075ms] [ERROR] Failed to load resource: the server responded with a status of 429 () @ https://linux.do/topics/timings:0
[-11877051ms] [ERROR] Failed to load resource: the server responded with a status of 429 () @ https://linux.do/topics/timings:0
[-11428641ms] [ERROR] Failed to load resource: the server responded with a status of 429 () @ https://linux.do/topics/timings:0
[-11422525ms] [ERROR] Failed to load resource: the server responded with a status of 429 () @ https://linux.do/topics/timings:0
[-11410347ms] [ERROR] Failed to load resource: the server responded with a status of 429 () @ https://linux.do/topics/timings:0
[-11378800ms] [ERROR] Failed to load resource: the server responded with a status of 429 () @ https://linux.do/topics/timings:0
[-11370067ms] [ERROR] Failed to load resource: the server responded with a status of 429 () @ https://linux.do/t/2696673/posts.json?post_ids%5B%5D=21142738&include_suggested=false:0
[-11361738ms] [ERROR] Failed to load resource: the server responded with a status of 429 () @ https://linux.do/t/2696673/posts.json?post_ids%5B%5D=21142738&include_suggested=false:0
[-11114000ms] [WARNING] Failed to execute 'postMessage' on 'DOMWindow': The target origin provided ('https://challenges.cloudflare.com') does not match the recipient window's origin ('https://linux.do'). @ https://challenges.cloudflare.com/turnstile/v0/api.js?_upgrade=true&_cb=1785737101771:0
[-6915740ms] [WARNING] Failed to execute 'postMessage' on 'DOMWindow': The target origin provided ('https://challenges.cloudflare.com') does not match the recipient window's origin ('https://linux.do'). @ https://challenges.cloudflare.com/turnstile/v0/api.js?_upgrade=true&_cb=1785740702769:0
[-6328038ms] [WARNING] Failed to execute 'postMessage' on 'DOMWindow': The target origin provided ('https://challenges.cloudflare.com') does not match the recipient window's origin ('https://linux.do'). @ https://challenges.cloudflare.com/turnstile/v0/api.js?_upgrade=true&_cb=1785740702769:0
[-4627012ms] [WARNING] Failed to execute 'postMessage' on 'DOMWindow': The target origin provided ('https://challenges.cloudflare.com') does not match the recipient window's origin ('https://linux.do'). @ https://challenges.cloudflare.com/turnstile/v0/api.js?_upgrade=true&_cb=1785744303563:0
[-4567019ms] [WARNING] Failed to execute 'postMessage' on 'DOMWindow': The target origin provided ('https://challenges.cloudflare.com') does not match the recipient window's origin ('https://linux.do'). @ https://challenges.cloudflare.com/turnstile/v0/api.js?_upgrade=true&_cb=1785744303563:0
[-4507013ms] [WARNING] Failed to execute 'postMessage' on 'DOMWindow': The target origin provided ('https://challenges.cloudflare.com') does not match the recipient window's origin ('https://linux.do'). @ https://challenges.cloudflare.com/turnstile/v0/api.js?_upgrade=true&_cb=1785744303563:0
[-4446807ms] [WARNING] Failed to execute 'postMessage' on 'DOMWindow': The target origin provided ('https://challenges.cloudflare.com') does not match the recipient window's origin ('https://linux.do'). @ https://challenges.cloudflare.com/turnstile/v0/api.js?_upgrade=true&_cb=1785744303563:0
[-4446010ms] [WARNING] Failed to execute 'postMessage' on 'DOMWindow': The target origin provided ('https://challenges.cloudflare.com') does not match the recipient window's origin ('https://linux.do'). @ https://challenges.cloudflare.com/turnstile/v0/api.js?_upgrade=true&_cb=1785744303563:0
[-4445030ms] [WARNING] Failed to execute 'postMessage' on 'DOMWindow': The target origin provided ('https://challenges.cloudflare.com') does not match the recipient window's origin ('https://linux.do'). @ https://challenges.cloudflare.com/turnstile/v0/api.js?_upgrade=true&_cb=1785744303563:0
[-4443954ms] [WARNING] Failed to execute 'postMessage' on 'DOMWindow': The target origin provided ('https://challenges.cloudflare.com') does not match the recipient window's origin ('https://linux.do'). @ https://challenges.cloudflare.com/turnstile/v0/api.js?_upgrade=true&_cb=1785744303563:0
[-4440697ms] [WARNING] Failed to execute 'postMessage' on 'DOMWindow': The target origin provided ('https://challenges.cloudflare.com') does not match the recipient window's origin ('https://linux.do'). @ https://challenges.cloudflare.com/turnstile/v0/api.js?_upgrade=true&_cb=1785744303563:0
[-4439991ms] [WARNING] Failed to execute 'postMessage' on 'DOMWindow': The target origin provided ('https://challenges.cloudflare.com') does not match the recipient window's origin ('https://linux.do'). @ https://challenges.cloudflare.com/turnstile/v0/api.js?_upgrade=true&_cb=1785744303563:0
[-4437463ms] [WARNING] Failed to execute 'postMessage' on 'DOMWindow': The target origin provided ('https://challenges.cloudflare.com') does not match the recipient window's origin ('https://linux.do'). @ https://challenges.cloudflare.com/turnstile/v0/api.js?_upgrade=true&_cb=1785744303563:0
[-4437291ms] [WARNING] Failed to execute 'postMessage' on 'DOMWindow': The target origin provided ('https://challenges.cloudflare.com') does not match the recipient window's origin ('https://linux.do'). @ https://challenges.cloudflare.com/turnstile/v0/api.js?_upgrade=true&_cb=1785744303563:0
[-4436418ms] [WARNING] Failed to execute 'postMessage' on 'DOMWindow': The target origin provided ('https://challenges.cloudflare.com') does not match the recipient window's origin ('https://linux.do'). @ https://challenges.cloudflare.com/turnstile/v0/api.js?_upgrade=true&_cb=1785744303563:0
[-4403128ms] [WARNING] Failed to execute 'postMessage' on 'DOMWindow': The target origin provided ('https://challenges.cloudflare.com') does not match the recipient window's origin ('https://linux.do'). @ https://challenges.cloudflare.com/turnstile/v0/api.js?_upgrade=true&_cb=1785744303563:0
[-4337300ms] [WARNING] Failed to execute 'postMessage' on 'DOMWindow': The target origin provided ('https://challenges.cloudflare.com') does not match the recipient window's origin ('https://linux.do'). @ https://challenges.cloudflare.com/turnstile/v0/api.js?_upgrade=true&_cb=1785744303563:0
[-4336530ms] [WARNING] Failed to execute 'postMessage' on 'DOMWindow': The target origin provided ('https://challenges.cloudflare.com') does not match the recipient window's origin ('https://linux.do'). @ https://challenges.cloudflare.com/turnstile/v0/api.js?_upgrade=true&_cb=1785744303563:0
[-4335642ms] [WARNING] Failed to execute 'postMessage' on 'DOMWindow': The target origin provided ('https://challenges.cloudflare.com') does not match the recipient window's origin ('https://linux.do'). @ https://challenges.cloudflare.com/turnstile/v0/api.js?_upgrade=true&_cb=1785744303563:0
[-4334685ms] [WARNING] Failed to execute 'postMessage' on 'DOMWindow': The target origin provided ('https://challenges.cloudflare.com') does not match the recipient window's origin ('https://linux.do'). @ https://challenges.cloudflare.com/turnstile/v0/api.js?_upgrade=true&_cb=1785744303563:0
[-4333762ms] [WARNING] Failed to execute 'postMessage' on 'DOMWindow': The target origin provided ('https://challenges.cloudflare.com') does not match the recipient window's origin ('https://linux.do'). @ https://challenges.cloudflare.com/turnstile/v0/api.js?_upgrade=true&_cb=1785744303563:0
[-4332941ms] [WARNING] Failed to execute 'postMessage' on 'DOMWindow': The target origin provided ('https://challenges.cloudflare.com') does not match the recipient window's origin ('https://linux.do'). @ https://challenges.cloudflare.com/turnstile/v0/api.js?_upgrade=true&_cb=1785744303563:0
[-4332042ms] [WARNING] Failed to execute 'postMessage' on 'DOMWindow': The target origin provided ('https://challenges.cloudflare.com') does not match the recipient window's origin ('https://linux.do'). @ https://challenges.cloudflare.com/turnstile/v0/api.js?_upgrade=true&_cb=1785744303563:0
[-4331140ms] [WARNING] Failed to execute 'postMessage' on 'DOMWindow': The target origin provided ('https://challenges.cloudflare.com') does not match the recipient window's origin ('https://linux.do'). @ https://challenges.cloudflare.com/turnstile/v0/api.js?_upgrade=true&_cb=1785744303563:0
[-4330048ms] [WARNING] Failed to execute 'postMessage' on 'DOMWindow': The target origin provided ('https://challenges.cloudflare.com') does not match the recipient window's origin ('https://linux.do'). @ https://challenges.cloudflare.com/turnstile/v0/api.js?_upgrade=true&_cb=1785744303563:0
[-4329037ms] [WARNING] Failed to execute 'postMessage' on 'DOMWindow': The target origin provided ('https://challenges.cloudflare.com') does not match the recipient window's origin ('https://linux.do'). @ https://challenges.cloudflare.com/turnstile/v0/api.js?_upgrade=true&_cb=1785744303563:0
[-4328036ms] [WARNING] Failed to execute 'postMessage' on 'DOMWindow': The target origin provided ('https://challenges.cloudflare.com') does not match the recipient window's origin ('https://linux.do'). @ https://challenges.cloudflare.com/turnstile/v0/api.js?_upgrade=true&_cb=1785744303563:0
[-4327034ms] [WARNING] Failed to execute 'postMessage' on 'DOMWindow': The target origin provided ('https://challenges.cloudflare.com') does not match the recipient window's origin ('https://linux.do'). @ https://challenges.cloudflare.com/turnstile/v0/api.js?_upgrade=true&_cb=1785744303563:0
[-4326027ms] [WARNING] Failed to execute 'postMessage' on 'DOMWindow': The target origin provided ('https://challenges.cloudflare.com') does not match the recipient window's origin ('https://linux.do'). @ https://challenges.cloudflare.com/turnstile/v0/api.js?_upgrade=true&_cb=1785744303563:0
[-4325036ms] [WARNING] Failed to execute 'postMessage' on 'DOMWindow': The target origin provided ('https://challenges.cloudflare.com') does not match the recipient window's origin ('https://linux.do'). @ https://challenges.cloudflare.com/turnstile/v0/api.js?_upgrade=true&_cb=1785744303563:0
[-4324039ms] [WARNING] Failed to execute 'postMessage' on 'DOMWindow': The target origin provided ('https://challenges.cloudflare.com') does not match the recipient window's origin ('https://linux.do'). @ https://challenges.cloudflare.com/turnstile/v0/api.js?_upgrade=true&_cb=1785744303563:0
[-4323037ms] [WARNING] Failed to execute 'postMessage' on 'DOMWindow': The target origin provided ('https://challenges.cloudflare.com') does not match the recipient window's origin ('https://linux.do'). @ https://challenges.cloudflare.com/turnstile/v0/api.js?_upgrade=true&_cb=1785744303563:0
[-4322013ms] [WARNING] Failed to execute 'postMessage' on 'DOMWindow': The target origin provided ('https://challenges.cloudflare.com') does not match the recipient window's origin ('https://linux.do'). @ https://challenges.cloudflare.com/turnstile/v0/api.js?_upgrade=true&_cb=1785744303563:0
[-4321032ms] [WARNING] Failed to execute 'postMessage' on 'DOMWindow': The target origin provided ('https://challenges.cloudflare.com') does not match the recipient window's origin ('https://linux.do'). @ https://challenges.cloudflare.com/turnstile/v0/api.js?_upgrade=true&_cb=1785744303563:0
[-4320023ms] [WARNING] Failed to execute 'postMessage' on 'DOMWindow': The target origin provided ('https://challenges.cloudflare.com') does not match the recipient window's origin ('https://linux.do'). @ https://challenges.cloudflare.com/turnstile/v0/api.js?_upgrade=true&_cb=1785744303563:0
[-4319044ms] [WARNING] Failed to execute 'postMessage' on 'DOMWindow': The target origin provided ('https://challenges.cloudflare.com') does not match the recipient window's origin ('https://linux.do'). @ https://challenges.cloudflare.com/turnstile/v0/api.js?_upgrade=true&_cb=1785744303563:0
[-4318038ms] [WARNING] Failed to execute 'postMessage' on 'DOMWindow': The target origin provided ('https://challenges.cloudflare.com') does not match the recipient window's origin ('https://linux.do'). @ https://challenges.cloudflare.com/turnstile/v0/api.js?_upgrade=true&_cb=1785744303563:0
[-4317026ms] [WARNING] Failed to execute 'postMessage' on 'DOMWindow': The target origin provided ('https://challenges.cloudflare.com') does not match the recipient window's origin ('https://linux.do'). @ https://challenges.cloudflare.com/turnstile/v0/api.js?_upgrade=true&_cb=1785744303563:0
[-4316030ms] [WARNING] Failed to execute 'postMessage' on 'DOMWindow': The target origin provided ('https://challenges.cloudflare.com') does not match the recipient window's origin ('https://linux.do'). @ https://challenges.cloudflare.com/turnstile/v0/api.js?_upgrade=true&_cb=1785744303563:0
[-4315041ms] [WARNING] Failed to execute 'postMessage' on 'DOMWindow': The target origin provided ('https://challenges.cloudflare.com') does not match the recipient window's origin ('https://linux.do'). @ https://challenges.cloudflare.com/turnstile/v0/api.js?_upgrade=true&_cb=1785744303563:0
[-4314034ms] [WARNING] Failed to execute 'postMessage' on 'DOMWindow': The target origin provided ('https://challenges.cloudflare.com') does not match the recipient window's origin ('https://linux.do'). @ https://challenges.cloudflare.com/turnstile/v0/api.js?_upgrade=true&_cb=1785744303563:0
[-4313040ms] [WARNING] Failed to execute 'postMessage' on 'DOMWindow': The target origin provided ('https://challenges.cloudflare.com') does not match the recipient window's origin ('https://linux.do'). @ https://challenges.cloudflare.com/turnstile/v0/api.js?_upgrade=true&_cb=1785744303563:0
[-4312031ms] [WARNING] Failed to execute 'postMessage' on 'DOMWindow': The target origin provided ('https://challenges.cloudflare.com') does not match the recipient window's origin ('https://linux.do'). @ https://challenges.cloudflare.com/turnstile/v0/api.js?_upgrade=true&_cb=1785744303563:0
[-4311031ms] [WARNING] Failed to execute 'postMessage' on 'DOMWindow': The target origin provided ('https://challenges.cloudflare.com') does not match the recipient window's origin ('https://linux.do'). @ https://challenges.cloudflare.com/turnstile/v0/api.js?_upgrade=true&_cb=1785744303563:0
[-4310040ms] [WARNING] Failed to execute 'postMessage' on 'DOMWindow': The target origin provided ('https://challenges.cloudflare.com') does not match the recipient window's origin ('https://linux.do'). @ https://challenges.cloudflare.com/turnstile/v0/api.js?_upgrade=true&_cb=1785744303563:0
[-4309032ms] [WARNING] Failed to execute 'postMessage' on 'DOMWindow': The target origin provided ('https://challenges.cloudflare.com') does not match the recipient window's origin ('https://linux.do'). @ https://challenges.cloudflare.com/turnstile/v0/api.js?_upgrade=true&_cb=1785744303563:0
[-4308040ms] [WARNING] Failed to execute 'postMessage' on 'DOMWindow': The target origin provided ('https://challenges.cloudflare.com') does not match the recipient window's origin ('https://linux.do'). @ https://challenges.cloudflare.com/turnstile/v0/api.js?_upgrade=true&_cb=1785744303563:0
[-4307039ms] [WARNING] Failed to execute 'postMessage' on 'DOMWindow': The target origin provided ('https://challenges.cloudflare.com') does not match the recipient window's origin ('https://linux.do'). @ https://challenges.cloudflare.com/turnstile/v0/api.js?_upgrade=true&_cb=1785744303563:0
[-4306032ms] [WARNING] Failed to execute 'postMessage' on 'DOMWindow': The target origin provided ('https://challenges.cloudflare.com') does not match the recipient window's origin ('https://linux.do'). @ https://challenges.cloudflare.com/turnstile/v0/api.js?_upgrade=true&_cb=1785744303563:0
[-4305043ms] [WARNING] Failed to execute 'postMessage' on 'DOMWindow': The target origin provided ('https://challenges.cloudflare.com') does not match the recipient window's origin ('https://linux.do'). @ https://challenges.cloudflare.com/turnstile/v0/api.js?_upgrade=true&_cb=1785744303563:0
[-4304041ms] [WARNING] Failed to execute 'postMessage' on 'DOMWindow': The target origin provided ('https://challenges.cloudflare.com') does not match the recipient window's origin ('https://linux.do'). @ https://challenges.cloudflare.com/turnstile/v0/api.js?_upgrade=true&_cb=1785744303563:0
[-4303039ms] [WARNING] Failed to execute 'postMessage' on 'DOMWindow': The target origin provided ('https://challenges.cloudflare.com') does not match the recipient window's origin ('https://linux.do'). @ https://challenges.cloudflare.com/turnstile/v0/api.js?_upgrade=true&_cb=1785744303563:0
[-4302032ms] [WARNING] Failed to execute 'postMessage' on 'DOMWindow': The target origin provided ('https://challenges.cloudflare.com') does not match the recipient window's origin ('https://linux.do'). @ https://challenges.cloudflare.com/turnstile/v0/api.js?_upgrade=true&_cb=1785744303563:0
[-4301038ms] [WARNING] Failed to execute 'postMessage' on 'DOMWindow': The target origin provided ('https://challenges.cloudflare.com') does not match the recipient window's origin ('https://linux.do'). @ https://challenges.cloudflare.com/turnstile/v0/api.js?_upgrade=true&_cb=1785744303563:0
[-4300022ms] [WARNING] Failed to execute 'postMessage' on 'DOMWindow': The target origin provided ('https://challenges.cloudflare.com') does not match the recipient window's origin ('https://linux.do'). @ https://challenges.cloudflare.com/turnstile/v0/api.js?_upgrade=true&_cb=1785744303563:0
[-4299036ms] [WARNING] Failed to execute 'postMessage' on 'DOMWindow': The target origin provided ('https://challenges.cloudflare.com') does not match the recipient window's origin ('https://linux.do'). @ https://challenges.cloudflare.com/turnstile/v0/api.js?_upgrade=true&_cb=1785744303563:0
[-4298033ms] [WARNING] Failed to execute 'postMessage' on 'DOMWindow': The target origin provided ('https://challenges.cloudflare.com') does not match the recipient window's origin ('https://linux.do'). @ https://challenges.cloudflare.com/turnstile/v0/api.js?_upgrade=true&_cb=1785744303563:0
[-4297034ms] [WARNING] Failed to execute 'postMessage' on 'DOMWindow': The target origin provided ('https://challenges.cloudflare.com') does not match the recipient window's origin ('https://linux.do'). @ https://challenges.cloudflare.com/turnstile/v0/api.js?_upgrade=true&_cb=1785744303563:0
[-4296043ms] [WARNING] Failed to execute 'postMessage' on 'DOMWindow': The target origin provided ('https://challenges.cloudflare.com') does not match the recipient window's origin ('https://linux.do'). @ https://challenges.cloudflare.com/turnstile/v0/api.js?_upgrade=true&_cb=1785744303563:0
[-4295040ms] [WARNING] Failed to execute 'postMessage' on 'DOMWindow': The target origin provided ('https://challenges.cloudflare.com') does not match the recipient window's origin ('https://linux.do'). @ https://challenges.cloudflare.com/turnstile/v0/api.js?_upgrade=true&_cb=1785744303563:0
[-4294026ms] [WARNING] Failed to execute 'postMessage' on 'DOMWindow': The target origin provided ('https://challenges.cloudflare.com') does not match the recipient window's origin ('https://linux.do'). @ https://challenges.cloudflare.com/turnstile/v0/api.js?_upgrade=true&_cb=1785744303563:0
[-4293033ms] [WARNING] Failed to execute 'postMessage' on 'DOMWindow': The target origin provided ('https://challenges.cloudflare.com') does not match the recipient window's origin ('https://linux.do'). @ https://challenges.cloudflare.com/turnstile/v0/api.js?_upgrade=true&_cb=1785744303563:0
[-4292033ms] [WARNING] Failed to execute 'postMessage' on 'DOMWindow': The target origin provided ('https://challenges.cloudflare.com') does not match the recipient window's origin ('https://linux.do'). @ https://challenges.cloudflare.com/turnstile/v0/api.js?_upgrade=true&_cb=1785744303563:0
[-4291037ms] [WARNING] Failed to execute 'postMessage' on 'DOMWindow': The target origin provided ('https://challenges.cloudflare.com') does not match the recipient window's origin ('https://linux.do'). @ https://challenges.cloudflare.com/turnstile/v0/api.js?_upgrade=true&_cb=1785744303563:0
[-4290012ms] [WARNING] Failed to execute 'postMessage' on 'DOMWindow': The target origin provided ('https://challenges.cloudflare.com') does not match the recipient window's origin ('https://linux.do'). @ https://challenges.cloudflare.com/turnstile/v0/api.js?_upgrade=true&_cb=1785744303563:0
[-4289030ms] [WARNING] Failed to execute 'postMessage' on 'DOMWindow': The target origin provided ('https://challenges.cloudflare.com') does not match the recipient window's origin ('https://linux.do'). @ https://challenges.cloudflare.com/turnstile/v0/api.js?_upgrade=true&_cb=1785744303563:0
[-4287973ms] [WARNING] Failed to execute 'postMessage' on 'DOMWindow': The target origin provided ('https://challenges.cloudflare.com') does not match the recipient window's origin ('https://linux.do'). @ https://challenges.cloudflare.com/turnstile/v0/api.js?_upgrade=true&_cb=1785744303563:0
[-4287044ms] [WARNING] Failed to execute 'postMessage' on 'DOMWindow': The target origin provided ('https://challenges.cloudflare.com') does not match the recipient window's origin ('https://linux.do'). @ https://challenges.cloudflare.com/turnstile/v0/api.js?_upgrade=true&_cb=1785744303563:0
[-4285942ms] [WARNING] Failed to execute 'postMessage' on 'DOMWindow': The target origin provided ('https://challenges.cloudflare.com') does not match the recipient window's origin ('https://linux.do'). @ https://challenges.cloudflare.com/turnstile/v0/api.js?_upgrade=true&_cb=1785744303563:0
[-4284657ms] [WARNING] Failed to execute 'postMessage' on 'DOMWindow': The target origin provided ('https://challenges.cloudflare.com') does not match the recipient window's origin ('https://linux.do'). @ https://challenges.cloudflare.com/turnstile/v0/api.js?_upgrade=true&_cb=1785744303563:0
[-4284016ms] [WARNING] Failed to execute 'postMessage' on 'DOMWindow': The target origin provided ('https://challenges.cloudflare.com') does not match the recipient window's origin ('https://linux.do'). @ https://challenges.cloudflare.com/turnstile/v0/api.js?_upgrade=true&_cb=1785744303563:0
[-4283030ms] [WARNING] Failed to execute 'postMessage' on 'DOMWindow': The target origin provided ('https://challenges.cloudflare.com') does not match the recipient window's origin ('https://linux.do'). @ https://challenges.cloudflare.com/turnstile/v0/api.js?_upgrade=true&_cb=1785744303563:0
[-4281999ms] [WARNING] Failed to execute 'postMessage' on 'DOMWindow': The target origin provided ('https://challenges.cloudflare.com') does not match the recipient window's origin ('https://linux.do'). @ https://challenges.cloudflare.com/turnstile/v0/api.js?_upgrade=true&_cb=1785744303563:0
[-4281040ms] [WARNING] Failed to execute 'postMessage' on 'DOMWindow': The target origin provided ('https://challenges.cloudflare.com') does not match the recipient window's origin ('https://linux.do'). @ https://challenges.cloudflare.com/turnstile/v0/api.js?_upgrade=true&_cb=1785744303563:0
[-4280033ms] [WARNING] Failed to execute 'postMessage' on 'DOMWindow': The target origin provided ('https://challenges.cloudflare.com') does not match the recipient window's origin ('https://linux.do'). @ https://challenges.cloudflare.com/turnstile/v0/api.js?_upgrade=true&_cb=1785744303563:0
[-4279031ms] [WARNING] Failed to execute 'postMessage' on 'DOMWindow': The target origin provided ('https://challenges.cloudflare.com') does not match the recipient window's origin ('https://linux.do'). @ https://challenges.cloudflare.com/turnstile/v0/api.js?_upgrade=true&_cb=1785744303563:0
[-4278040ms] [WARNING] Failed to execute 'postMessage' on 'DOMWindow': The target origin provided ('https://challenges.cloudflare.com') does not match the recipient window's origin ('https://linux.do'). @ https://challenges.cloudflare.com/turnstile/v0/api.js?_upgrade=true&_cb=1785744303563:0
[-4277037ms] [WARNING] Failed to execute 'postMessage' on 'DOMWindow': The target origin provided ('https://challenges.cloudflare.com') does not match the recipient window's origin ('https://linux.do'). @ https://challenges.cloudflare.com/turnstile/v0/api.js?_upgrade=true&_cb=1785744303563:0
[-4275969ms] [WARNING] Failed to execute 'postMessage' on 'DOMWindow': The target origin provided ('https://challenges.cloudflare.com') does not match the recipient window's origin ('https://linux.do'). @ https://challenges.cloudflare.com/turnstile/v0/api.js?_upgrade=true&_cb=1785744303563:0
[-4275034ms] [WARNING] Failed to execute 'postMessage' on 'DOMWindow': The target origin provided ('https://challenges.cloudflare.com') does not match the recipient window's origin ('https://linux.do'). @ https://challenges.cloudflare.com/turnstile/v0/api.js?_upgrade=true&_cb=1785744303563:0
[-4274041ms] [WARNING] Failed to execute 'postMessage' on 'DOMWindow': The target origin provided ('https://challenges.cloudflare.com') does not match the recipient window's origin ('https://linux.do'). @ https://challenges.cloudflare.com/turnstile/v0/api.js?_upgrade=true&_cb=1785744303563:0
[-4273028ms] [WARNING] Failed to execute 'postMessage' on 'DOMWindow': The target origin provided ('https://challenges.cloudflare.com') does not match the recipient window's origin ('https://linux.do'). @ https://challenges.cloudflare.com/turnstile/v0/api.js?_upgrade=true&_cb=1785744303563:0
[-4272035ms] [WARNING] Failed to execute 'postMessage' on 'DOMWindow': The target origin provided ('https://challenges.cloudflare.com') does not match the recipient window's origin ('https://linux.do'). @ https://challenges.cloudflare.com/turnstile/v0/api.js?_upgrade=true&_cb=1785744303563:0
[-4271035ms] [WARNING] Failed to execute 'postMessage' on 'DOMWindow': The target origin provided ('https://challenges.cloudflare.com') does not match the recipient window's origin ('https://linux.do'). @ https://challenges.cloudflare.com/turnstile/v0/api.js?_upgrade=true&_cb=1785744303563:0
[-4270042ms] [WARNING] Failed to execute 'postMessage' on 'DOMWindow': The target origin provided ('https://challenges.cloudflare.com') does not match the recipient window's origin ('https://linux.do'). @ https://challenges.cloudflare.com/turnstile/v0/api.js?_upgrade=true&_cb=1785744303563:0
[-4269041ms] [WARNING] Failed to execute 'postMessage' on 'DOMWindow': The target origin provided ('https://challenges.cloudflare.com') does not match the recipient window's origin ('https://linux.do'). @ https://challenges.cloudflare.com/turnstile/v0/api.js?_upgrade=true&_cb=1785744303563:0
[-4268034ms] [WARNING] Failed to execute 'postMessage' on 'DOMWindow': The target origin provided ('https://challenges.cloudflare.com') does not match the recipient window's origin ('https://linux.do'). @ https://challenges.cloudflare.com/turnstile/v0/api.js?_upgrade=true&_cb=1785744303563:0
[-4267037ms] [WARNING] Failed to execute 'postMessage' on 'DOMWindow': The target origin provided ('https://challenges.cloudflare.com') does not match the recipient window's origin ('https://linux.do'). @ https://challenges.cloudflare.com/turnstile/v0/api.js?_upgrade=true&_cb=1785744303563:0
[-4266027ms] [WARNING] Failed to execute 'postMessage' on 'DOMWindow': The target origin provided ('https://challenges.cloudflare.com') does not match the recipient window's origin ('https://linux.do'). @ https://challenges.cloudflare.com/turnstile/v0/api.js?_upgrade=true&_cb=1785744303563:0
[-4265034ms] [WARNING] Failed to execute 'postMessage' on 'DOMWindow': The target origin provided ('https://challenges.cloudflare.com') does not match the recipient window's origin ('https://linux.do'). @ https://challenges.cloudflare.com/turnstile/v0/api.js?_upgrade=true&_cb=1785744303563:0
[-4264027ms] [WARNING] Failed to execute 'postMessage' on 'DOMWindow': The target origin provided ('https://challenges.cloudflare.com') does not match the recipient window's origin ('https://linux.do'). @ https://challenges.cloudflare.com/turnstile/v0/api.js?_upgrade=true&_cb=1785744303563:0
[-4263043ms] [WARNING] Failed to execute 'postMessage' on 'DOMWindow': The target origin provided ('https://challenges.cloudflare.com') does not match the recipient window's origin ('https://linux.do'). @ https://challenges.cloudflare.com/turnstile/v0/api.js?_upgrade=true&_cb=1785744303563:0
[-4262034ms] [WARNING] Failed to execute 'postMessage' on 'DOMWindow': The target origin provided ('https://challenges.cloudflare.com') does not match the recipient window's origin ('https://linux.do'). @ https://challenges.cloudflare.com/turnstile/v0/api.js?_upgrade=true&_cb=1785744303563:0
[-4261033ms] [WARNING] Failed to execute 'postMessage' on 'DOMWindow': The target origin provided ('https://challenges.cloudflare.com') does not match the recipient window's origin ('https://linux.do'). @ https://challenges.cloudflare.com/turnstile/v0/api.js?_upgrade=true&_cb=1785744303563:0
[-4260041ms] [WARNING] Failed to execute 'postMessage' on 'DOMWindow': The target origin provided ('https://challenges.cloudflare.com') does not match the recipient window's origin ('https://linux.do'). @ https://challenges.cloudflare.com/turnstile/v0/api.js?_upgrade=true&_cb=1785744303563:0
[-4259037ms] [WARNING] Failed to execute 'postMessage' on 'DOMWindow': The target origin provided ('https://challenges.cloudflare.com') does not match the recipient window's origin ('https://linux.do'). @ https://challenges.cloudflare.com/turnstile/v0/api.js?_upgrade=true&_cb=1785744303563:0
[-4257963ms] [WARNING] Failed to execute 'postMessage' on 'DOMWindow': The target origin provided ('https://challenges.cloudflare.com') does not match the recipient window's origin ('https://linux.do'). @ https://challenges.cloudflare.com/turnstile/v0/api.js?_upgrade=true&_cb=1785744303563:0
[-4257043ms] [WARNING] Failed to execute 'postMessage' on 'DOMWindow': The target origin provided ('https://challenges.cloudflare.com') does not match the recipient window's origin ('https://linux.do'). @ https://challenges.cloudflare.com/turnstile/v0/api.js?_upgrade=true&_cb=1785744303563:0
[-4255987ms] [WARNING] Failed to execute 'postMessage' on 'DOMWindow': The target origin provided ('https://challenges.cloudflare.com') does not match the recipient window's origin ('https://linux.do'). @ https://challenges.cloudflare.com/turnstile/v0/api.js?_upgrade=true&_cb=1785744303563:0
[-4255034ms] [WARNING] Failed to execute 'postMessage' on 'DOMWindow': The target origin provided ('https://challenges.cloudflare.com') does not match the recipient window's origin ('https://linux.do'). @ https://challenges.cloudflare.com/turnstile/v0/api.js?_upgrade=true&_cb=1785744303563:0
[-4254033ms] [WARNING] Failed to execute 'postMessage' on 'DOMWindow': The target origin provided ('https://challenges.cloudflare.com') does not match the recipient window's origin ('https://linux.do'). @ https://challenges.cloudflare.com/turnstile/v0/api.js?_upgrade=true&_cb=1785744303563:0
[-4253029ms] [WARNING] Failed to execute 'postMessage' on 'DOMWindow': The target origin provided ('https://challenges.cloudflare.com') does not match the recipient window's origin ('https://linux.do'). @ https://challenges.cloudflare.com/turnstile/v0/api.js?_upgrade=true&_cb=1785744303563:0
[-4251972ms] [WARNING] Failed to execute 'postMessage' on 'DOMWindow': The target origin provided ('https://challenges.cloudflare.com') does not match the recipient window's origin ('https://linux.do'). @ https://challenges.cloudflare.com/turnstile/v0/api.js?_upgrade=true&_cb=1785744303563:0
[-4251037ms] [WARNING] Failed to execute 'postMessage' on 'DOMWindow': The target origin provided ('https://challenges.cloudflare.com') does not match the recipient window's origin ('https://linux.do'). @ https://challenges.cloudflare.com/turnstile/v0/api.js?_upgrade=true&_cb=1785744303563:0
[-4250040ms] [WARNING] Failed to execute 'postMessage' on 'DOMWindow': The target origin provided ('https://challenges.cloudflare.com') does not match the recipient window's origin ('https://linux.do'). @ https://challenges.cloudflare.com/turnstile/v0/api.js?_upgrade=true&_cb=1785744303563:0
[-4249038ms] [WARNING] Failed to execute 'postMessage' on 'DOMWindow': The target origin provided ('https://challenges.cloudflare.com') does not match the recipient window's origin ('https://linux.do'). @ https://challenges.cloudflare.com/turnstile/v0/api.js?_upgrade=true&_cb=1785744303563:0
[-4248039ms] [WARNING] Failed to execute 'postMessage' on 'DOMWindow': The target origin provided ('https://challenges.cloudflare.com') does not match the recipient window's origin ('https://linux.do'). @ https://challenges.cloudflare.com/turnstile/v0/api.js?_upgrade=true&_cb=1785744303563:0
[-4247042ms] [WARNING] Failed to execute 'postMessage' on 'DOMWindow': The target origin provided ('https://challenges.cloudflare.com') does not match the recipient window's origin ('https://linux.do'). @ https://challenges.cloudflare.com/turnstile/v0/api.js?_upgrade=true&_cb=1785744303563:0
[-4245980ms] [WARNING] Failed to execute 'postMessage' on 'DOMWindow': The target origin provided ('https://challenges.cloudflare.com') does not match the recipient window's origin ('https://linux.do'). @ https://challenges.cloudflare.com/turnstile/v0/api.js?_upgrade=true&_cb=1785744303563:0
[-4245040ms] [WARNING] Failed to execute 'postMessage' on 'DOMWindow': The target origin provided ('https://challenges.cloudflare.com') does not match the recipient window's origin ('https://linux.do'). @ https://challenges.cloudflare.com/turnstile/v0/api.js?_upgrade=true&_cb=1785744303563:0
[-4244041ms] [WARNING] Failed to execute 'postMessage' on 'DOMWindow': The target origin provided ('https://challenges.cloudflare.com') does not match the recipient window's origin ('https://linux.do'). @ https://challenges.cloudflare.com/turnstile/v0/api.js?_upgrade=true&_cb=1785744303563:0
[-4243028ms] [WARNING] Failed to execute 'postMessage' on 'DOMWindow': The target origin provided ('https://challenges.cloudflare.com') does not match the recipient window's origin ('https://linux.do'). @ https://challenges.cloudflare.com/turnstile/v0/api.js?_upgrade=true&_cb=1785744303563:0
[-4242021ms] [WARNING] Failed to execute 'postMessage' on 'DOMWindow': The target origin provided ('https://challenges.cloudflare.com') does not match the recipient window's origin ('https://linux.do'). @ https://challenges.cloudflare.com/turnstile/v0/api.js?_upgrade=true&_cb=1785744303563:0
[-4241037ms] [WARNING] Failed to execute 'postMessage' on 'DOMWindow': The target origin provided ('https://challenges.cloudflare.com') does not match the recipient window's origin ('https://linux.do'). @ https://challenges.cloudflare.com/turnstile/v0/api.js?_upgrade=true&_cb=1785744303563:0
[-4240000ms] [WARNING] Failed to execute 'postMessage' on 'DOMWindow': The target origin provided ('https://challenges.cloudflare.com') does not match the recipient window's origin ('https://linux.do'). @ https://challenges.cloudflare.com/turnstile/v0/api.js?_upgrade=true&_cb=1785744303563:0
[-4239030ms] [WARNING] Failed to execute 'postMessage' on 'DOMWindow': The target origin provided ('https://challenges.cloudflare.com') does not match the recipient window's origin ('https://linux.do'). @ https://challenges.cloudflare.com/turnstile/v0/api.js?_upgrade=true&_cb=1785744303563:0
[-4238040ms] [WARNING] Failed to execute 'postMessage' on 'DOMWindow': The target origin provided ('https://challenges.cloudflare.com') does not match the recipient window's origin ('https://linux.do'). @ https://challenges.cloudflare.com/turnstile/v0/api.js?_upgrade=true&_cb=1785744303563:0
[-4237037ms] [WARNING] Failed to execute 'postMessage' on 'DOMWindow': The target origin provided ('https://challenges.cloudflare.com') does not match the recipient window's origin ('https://linux.do'). @ https://challenges.cloudflare.com/turnstile/v0/api.js?_upgrade=true&_cb=1785744303563:0
[-4236029ms] [WARNING] Failed to execute 'postMessage' on 'DOMWindow': The target origin provided ('https://challenges.cloudflare.com') does not match the recipient window's origin ('https://linux.do'). @ https://challenges.cloudflare.com/turnstile/v0/api.js?_upgrade=true&_cb=1785744303563:0
[-4235039ms] [WARNING] Failed to execute 'postMessage' on 'DOMWindow': The target origin provided ('https://challenges.cloudflare.com') does not match the recipient window's origin ('https://linux.do'). @ https://challenges.cloudflare.com/turnstile/v0/api.js?_upgrade=true&_cb=1785744303563:0
[-4234024ms] [WARNING] Failed to execute 'postMessage' on 'DOMWindow': The target origin provided ('https://challenges.cloudflare.com') does not match the recipient window's origin ('https://linux.do'). @ https://challenges.cloudflare.com/turnstile/v0/api.js?_upgrade=true&_cb=1785744303563:0
[-4233035ms] [WARNING] Failed to execute 'postMessage' on 'DOMWindow': The target origin provided ('https://challenges.cloudflare.com') does not match the recipient window's origin ('https://linux.do'). @ https://challenges.cloudflare.com/turnstile/v0/api.js?_upgrade=true&_cb=1785744303563:0
[-4232040ms] [WARNING] Failed to execute 'postMessage' on 'DOMWindow': The target origin provided ('https://challenges.cloudflare.com') does not match the recipient window's origin ('https://linux.do'). @ https://challenges.cloudflare.com/turnstile/v0/api.js?_upgrade=true&_cb=1785744303563:0
[-4231033ms] [WARNING] Failed to execute 'postMessage' on 'DOMWindow': The target origin provided ('https://challenges.cloudflare.com') does not match the recipient window's origin ('https://linux.do'). @ https://challenges.cloudflare.com/turnstile/v0/api.js?_upgrade=true&_cb=1785744303563:0
[-4230011ms] [WARNING] Failed to execute 'postMessage' on 'DOMWindow': The target origin provided ('https://challenges.cloudflare.com') does not match the recipient window's origin ('https://linux.do'). @ https://challenges.cloudflare.com/turnstile/v0/api.js?_upgrade=true&_cb=1785744303563:0
[-4229041ms] [WARNING] Failed to execute 'postMessage' on 'DOMWindow': The target origin provided ('https://challenges.cloudflare.com') does not match the recipient window's origin ('https://linux.do'). @ https://challenges.cloudflare.com/turnstile/v0/api.js?_upgrade=true&_cb=1785744303563:0
[-4228009ms] [WARNING] Failed to execute 'postMessage' on 'DOMWindow': The target origin provided ('https://challenges.cloudflare.com') does not match the recipient window's origin ('https://linux.do'). @ https://challenges.cloudflare.com/turnstile/v0/api.js?_upgrade=true&_cb=1785744303563:0
[-4227035ms] [WARNING] Failed to execute 'postMessage' on 'DOMWindow': The target origin provided ('https://challenges.cloudflare.com') does not match the recipient window's origin ('https://linux.do'). @ https://challenges.cloudflare.com/turnstile/v0/api.js?_upgrade=true&_cb=1785744303563:0
[-4225961ms] [WARNING] Failed to execute 'postMessage' on 'DOMWindow': The target origin provided ('https://challenges.cloudflare.com') does not match the recipient window's origin ('https://linux.do'). @ https://challenges.cloudflare.com/turnstile/v0/api.js?_upgrade=true&_cb=1785744303563:0
[-4225033ms] [WARNING] Failed to execute 'postMessage' on 'DOMWindow': The target origin provided ('https://challenges.cloudflare.com') does not match the recipient window's origin ('https://linux.do'). @ https://challenges.cloudflare.com/turnstile/v0/api.js?_upgrade=true&_cb=1785744303563:0
[-4224039ms] [WARNING] Failed to execute 'postMessage' on 'DOMWindow': The target origin provided ('https://challenges.cloudflare.com') does not match the recipient window's origin ('https://linux.do'). @ https://challenges.cloudflare.com/turnstile/v0/api.js?_upgrade=true&_cb=1785744303563:0
[-4206976ms] [WARNING] Failed to execute 'postMessage' on 'DOMWindow': The target origin provided ('https://challenges.cloudflare.com') does not match the recipient window's origin ('https://linux.do'). @ https://challenges.cloudflare.com/turnstile/v0/api.js?_upgrade=true&_cb=1785744303563:0
[-4147020ms] [WARNING] Failed to execute 'postMessage' on 'DOMWindow': The target origin provided ('https://challenges.cloudflare.com') does not match the recipient window's origin ('https://linux.do'). @ https://challenges.cloudflare.com/turnstile/v0/api.js?_upgrade=true&_cb=1785744303563:0
[-4039018ms] [WARNING] Failed to execute 'postMessage' on 'DOMWindow': The target origin provided ('https://challenges.cloudflare.com') does not match the recipient window's origin ('https://linux.do'). @ https://challenges.cloudflare.com/turnstile/v0/api.js?_upgrade=true&_cb=1785744303563:0
[-4038040ms] [WARNING] Failed to execute 'postMessage' on 'DOMWindow': The target origin provided ('https://challenges.cloudflare.com') does not match the recipient window's origin ('https://linux.do'). @ https://challenges.cloudflare.com/turnstile/v0/api.js?_upgrade=true&_cb=1785744303563:0
[-4037043ms] [WARNING] Failed to execute 'postMessage' on 'DOMWindow': The target origin provided ('https://challenges.cloudflare.com') does not match the recipient window's origin ('https://linux.do'). @ https://challenges.cloudflare.com/turnstile/v0/api.js?_upgrade=true&_cb=1785744303563:0
[-3729937ms] [WARNING] Failed to execute 'postMessage' on 'DOMWindow': The target origin provided ('https://challenges.cloudflare.com') does not match the recipient window's origin ('https://linux.do'). @ https://challenges.cloudflare.com/turnstile/v0/api.js?_upgrade=true&_cb=1785744303563:0
[-3729018ms] [WARNING] Failed to execute 'postMessage' on 'DOMWindow': The target origin provided ('https://challenges.cloudflare.com') does not match the recipient window's origin ('https://linux.do'). @ https://challenges.cloudflare.com/turnstile/v0/api.js?_upgrade=true&_cb=1785744303563:0
[-35071776ms] [LOG] [OAuth] Initial hash check: (empty) @ chrome-extension://dhdgffkkebhmkfjojejmpbldmpobfkfo/userscript.html?name=LDStatus-Pro.user.js&id=51801759-f125-46db-9d07-c651b8594c44:105
[-35070732ms] [LOG] ℹ️ Discourse v2026.8.0-latest.1 — https://github.com/discourse/discourse/commits/7d635130bf — Ember v6.10.1 @ https://cdn3.ldstatic.com/assets/br/discourse-mf5rrii8.digested.js:227
[-35070128ms] [LOG] [OAuth] _checkPendingOAuthLogin called, _pendingOAuthData: null @ chrome-extension://dhdgffkkebhmkfjojejmpbldmpobfkfo/userscript.html?name=LDStatus-Pro.user.js&id=51801759-f125-46db-9d07-c651b8594c44:15986
[-35070128ms] [LOG] [OAuth] No early captured data, trying URL hash fallback... @ chrome-extension://dhdgffkkebhmkfjojejmpbldmpobfkfo/userscript.html?name=LDStatus-Pro.user.js&id=51801759-f125-46db-9d07-c651b8594c44:15993
[-35070128ms] [LOG] [OAuth] pendingResult: null @ chrome-extension://dhdgffkkebhmkfjojejmpbldmpobfkfo/userscript.html?name=LDStatus-Pro.user.js&id=51801759-f125-46db-9d07-c651b8594c44:15997
[-35070128ms] [LOG] [OAuth] No valid pending login result @ chrome-extension://dhdgffkkebhmkfjojejmpbldmpobfkfo/userscript.html?name=LDStatus-Pro.user.js&id=51801759-f125-46db-9d07-c651b8594c44:16009
[-11921261ms] [WARNING] Failed to update topic times for topic 2683293 due to 429 error @ https://cdn3.ldstatic.com/assets/br/discourse-mf5rrii8.digested.js:148
[-11902245ms] [WARNING] Failed to update topic times for topic 2683293 due to 429 error @ https://cdn3.ldstatic.com/assets/br/discourse-mf5rrii8.digested.js:148
[-11883074ms] [WARNING] Failed to update topic times for topic 2683293 due to 429 error @ https://cdn3.ldstatic.com/assets/br/discourse-mf5rrii8.digested.js:148
[-11877050ms] [WARNING] Failed to update topic times for topic 2683293 due to 429 error @ https://cdn3.ldstatic.com/assets/br/discourse-mf5rrii8.digested.js:148
[-11428639ms] [WARNING] Failed to update topic times for topic 2692182 due to 429 error @ https://cdn3.ldstatic.com/assets/br/discourse-mf5rrii8.digested.js:148
[-11422523ms] [WARNING] Failed to update topic times for topic 2692182 due to 429 error @ https://cdn3.ldstatic.com/assets/br/discourse-mf5rrii8.digested.js:148
[-11410347ms] [WARNING] Failed to update topic times for topic 2692182 due to 429 error @ https://cdn3.ldstatic.com/assets/br/discourse-mf5rrii8.digested.js:148
[-11378800ms] [WARNING] Failed to update topic times for topic 2696705 due to 429 error @ https://cdn3.ldstatic.com/assets/br/discourse-mf5rrii8.digested.js:148
[-4291038ms] [LOG] Turnstile Widget seem to have hung:  cg7ry @ https://challenges.cloudflare.com/turnstile/v0/api.js?_upgrade=true&_cb=1785744303563:0
[-4243029ms] [LOG] Turnstile Widget seem to have hung:  cg7ry @ https://challenges.cloudflare.com/turnstile/v0/api.js?_upgrade=true&_cb=1785744303563:0
[-4040034ms] [LOG] Turnstile Widget seem to have hung:  cg7ry @ https://challenges.cloudflare.com/turnstile/v0/api.js?_upgrade=true&_cb=1785744303563:0
[ -715163ms] [ERROR] Object @ chrome-extension://dhdgffkkebhmkfjojejmpbldmpobfkfo/userscript.html?name=LINUX-DO-Credit-%25E7%25A7%25AF%25E5%2588%2586.user.js&id=49f2614d-582e-41bc-90bf-0670732fa3ab:234
[      22ms] TurnstileError: [Cloudflare Turnstile] Error: 300010.
    at x (https://challenges.cloudflare.com/turnstile/v0/api.js?_upgrade=true&_cb=1785744303563:1:17607)
    at ye (https://challenges.cloudflare.com/turnstile/v0/api.js?_upgrade=true&_cb=1785744303563:1:66957)
    at Ve (https://challenges.cloudflare.com/turnstile/v0/api.js?_upgrade=true&_cb=1785744303563:1:72789)
[      22ms] TurnstileError: [Cloudflare Turnstile] Error: 110600.
    at x (https://challenges.cloudflare.com/turnstile/v0/api.js?_upgrade=true&_cb=1785744303563:1:17607)
    at ye (https://challenges.cloudflare.com/turnstile/v0/api.js?_upgrade=true&_cb=1785744303563:1:66957)
    at Ve (https://challenges.cloudflare.com/turnstile/v0/api.js?_upgrade=true&_cb=1785744303563:1:72789)
[      22ms] TurnstileError: [Cloudflare Turnstile] Error: 300010.
    at x (https://challenges.cloudflare.com/turnstile/v0/api.js?_upgrade=true&_cb=1785744303563:1:17607)
    at ye (https://challenges.cloudflare.com/turnstile/v0/api.js?_upgrade=true&_cb=1785744303563:1:66957)
    at Ve (https://challenges.cloudflare.com/turnstile/v0/api.js?_upgrade=true&_cb=1785744303563:1:72789)
[      22ms] TurnstileError: [Cloudflare Turnstile] Error: 300030.
    at x (https://challenges.cloudflare.com/turnstile/v0/api.js?_upgrade=true&_cb=1785744303563:1:17607)
    at Object.ye [as internalMsgHandler] (https://challenges.cloudflare.com/turnstile/v0/api.js?_upgrade=true&_cb=1785744303563:1:66957)
    at Ki (https://challenges.cloudflare.com/turnstile/v0/api.js?_upgrade=true&_cb=1785744303563:1:31134)
    at https://challenges.cloudflare.com/turnstile/v0/api.js?_upgrade=true&_cb=1785744303563:1:31790
[      22ms] TurnstileError: [Cloudflare Turnstile] Error: 300030.
    at x (https://challenges.cloudflare.com/turnstile/v0/api.js?_upgrade=true&_cb=1785744303563:1:17607)
    at Object.ye [as internalMsgHandler] (https://challenges.cloudflare.com/turnstile/v0/api.js?_upgrade=true&_cb=1785744303563:1:66957)
    at Ki (https://challenges.cloudflare.com/turnstile/v0/api.js?_upgrade=true&_cb=1785744303563:1:31134)
    at https://challenges.cloudflare.com/turnstile/v0/api.js?_upgrade=true&_cb=1785744303563:1:31790
[      22ms] TurnstileError: [Cloudflare Turnstile] Error: 300030.
    at x (https://challenges.cloudflare.com/turnstile/v0/api.js?_upgrade=true&_cb=1785744303563:1:17607)
    at Object.ye [as internalMsgHandler] (https://challenges.cloudflare.com/turnstile/v0/api.js?_upgrade=true&_cb=1785744303563:1:66957)
    at Ki (https://challenges.cloudflare.com/turnstile/v0/api.js?_upgrade=true&_cb=1785744303563:1:31134)
    at https://challenges.cloudflare.com/turnstile/v0/api.js?_upgrade=true&_cb=1785744303563:1:31790
[      22ms] TurnstileError: [Cloudflare Turnstile] Error: 300010.
    at x (https://challenges.cloudflare.com/turnstile/v0/api.js?_upgrade=true&_cb=1785744303563:1:17607)
    at ye (https://challenges.cloudflare.com/turnstile/v0/api.js?_upgrade=true&_cb=1785744303563:1:66957)
    at Ve (https://challenges.cloudflare.com/turnstile/v0/api.js?_upgrade=true&_cb=1785744303563:1:72789)
[      22ms] TurnstileError: [Cloudflare Turnstile] Error: 600010.
    at x (https://challenges.cloudflare.com/turnstile/v0/api.js?_upgrade=true&_cb=1785747905761:1:17607)
    at ye (https://challenges.cloudflare.com/turnstile/v0/api.js?_upgrade=true&_cb=1785747905761:1:66957)
    at Ve (https://challenges.cloudflare.com/turnstile/v0/api.js?_upgrade=true&_cb=1785747905761:1:72789)
[-4036370ms] [ERROR] Creating a TrustedTypePolicy named 'sanitizer' violates the following Content Security policy directive: "trusted-types nfFM8 default". The action has been blocked. @ chrome-extension://gjkaolmncjlagdhkamocpknlngfbfmnm/content_script.js:4931
[-4035916ms] [ERROR] Blocked script execution in 'about:blank' because the document's frame is sandboxed and the 'allow-scripts' permission is not set. @ https://challenges.cloudflare.com/cdn-cgi/challenge-platform/h/g/turnstile/f/av0/rchImdUintTElE_YEl0XJX6A3wuih5h6umLMAZLOcSkAF0-1785746163-1.3.1.1-PyOWBAXQ9T.cC82iHOWeieY1MSbZe62Hp297ZLu.8b4/cg7ry/0x4AAAAAAAc2BQjPEms9tKlM/auto/fbE/crashed_retry/normal?lang=auto:0
[-4035916ms] [ERROR] Blocked script execution in 'about:blank' because the document's frame is sandboxed and the 'allow-scripts' permission is not set. @ https://challenges.cloudflare.com/cdn-cgi/challenge-platform/h/g/turnstile/f/av0/rchImdUintTElE_YEl0XJX6A3wuih5h6umLMAZLOcSkAF0-1785746163-1.3.1.1-PyOWBAXQ9T.cC82iHOWeieY1MSbZe62Hp297ZLu.8b4/cg7ry/0x4AAAAAAAc2BQjPEms9tKlM/auto/fbE/crashed_retry/normal?lang=auto:0
[-4035908ms] [ERROR] Blocked script execution in 'about:blank' because the document's frame is sandboxed and the 'allow-scripts' permission is not set. @ https://challenges.cloudflare.com/cdn-cgi/challenge-platform/h/g/turnstile/f/av0/rchImdUintTElE_YEl0XJX6A3wuih5h6umLMAZLOcSkAF0-1785746163-1.3.1.1-PyOWBAXQ9T.cC82iHOWeieY1MSbZe62Hp297ZLu.8b4/cg7ry/0x4AAAAAAAc2BQjPEms9tKlM/auto/fbE/crashed_retry/normal?lang=auto:0
[-4023188ms] [ERROR] Blocked script execution in 'about:blank' because the document's frame is sandboxed and the 'allow-scripts' permission is not set. @ https://challenges.cloudflare.com/cdn-cgi/challenge-platform/h/g/turnstile/f/av0/rchImdUintTElE_YEl0XJX6A3wuih5h6umLMAZLOcSkAF0-1785746163-1.3.1.1-PyOWBAXQ9T.cC82iHOWeieY1MSbZe62Hp297ZLu.8b4/cg7ry/0x4AAAAAAAc2BQjPEms9tKlM/auto/fbE/crashed_retry/normal?lang=auto:0
[-4023187ms] [ERROR] Blocked script execution in 'about:blank' because the document's frame is sandboxed and the 'allow-scripts' permission is not set. @ https://challenges.cloudflare.com/cdn-cgi/challenge-platform/h/g/turnstile/f/av0/rchImdUintTElE_YEl0XJX6A3wuih5h6umLMAZLOcSkAF0-1785746163-1.3.1.1-PyOWBAXQ9T.cC82iHOWeieY1MSbZe62Hp297ZLu.8b4/cg7ry/0x4AAAAAAAc2BQjPEms9tKlM/auto/fbE/crashed_retry/normal?lang=auto:0
[-4023181ms] [ERROR] Blocked script execution in 'about:blank' because the document's frame is sandboxed and the 'allow-scripts' permission is not set. @ https://challenges.cloudflare.com/cdn-cgi/challenge-platform/h/g/turnstile/f/av0/rchImdUintTElE_YEl0XJX6A3wuih5h6umLMAZLOcSkAF0-1785746163-1.3.1.1-PyOWBAXQ9T.cC82iHOWeieY1MSbZe62Hp297ZLu.8b4/cg7ry/0x4AAAAAAAc2BQjPEms9tKlM/auto/fbE/crashed_retry/normal?lang=auto:0
[-4022669ms] [WARNING] WebGL: INVALID_ENUM: getInternalformatParameter: invalid internalformat @ https://challenges.cloudflare.com/cdn-cgi/challenge-platform/h/g/turnstile/f/av0/rchImdUintTElE_YEl0XJX6A3wuih5h6umLMAZLOcSkAF0-1785746163-1.3.1.1-PyOWBAXQ9T.cC82iHOWeieY1MSbZe62Hp297ZLu.8b4/cg7ry/0x4AAAAAAAc2BQjPEms9tKlM/auto/fbE/crashed_retry/normal?lang=auto:0
[-4022668ms] [WARNING] WebGL: INVALID_ENUM: getInternalformatParameter: invalid internalformat @ https://challenges.cloudflare.com/cdn-cgi/challenge-platform/h/g/turnstile/f/av0/rchImdUintTElE_YEl0XJX6A3wuih5h6umLMAZLOcSkAF0-1785746163-1.3.1.1-PyOWBAXQ9T.cC82iHOWeieY1MSbZe62Hp297ZLu.8b4/cg7ry/0x4AAAAAAAc2BQjPEms9tKlM/auto/fbE/crashed_retry/normal?lang=auto:0
[-4022667ms] [WARNING] WebGL: INVALID_ENUM: getInternalformatParameter: invalid internalformat @ https://challenges.cloudflare.com/cdn-cgi/challenge-platform/h/g/turnstile/f/av0/rchImdUintTElE_YEl0XJX6A3wuih5h6umLMAZLOcSkAF0-1785746163-1.3.1.1-PyOWBAXQ9T.cC82iHOWeieY1MSbZe62Hp297ZLu.8b4/cg7ry/0x4AAAAAAAc2BQjPEms9tKlM/auto/fbE/crashed_retry/normal?lang=auto:0
[-4022667ms] [WARNING] WebGL: INVALID_ENUM: getInternalformatParameter: invalid internalformat @ https://challenges.cloudflare.com/cdn-cgi/challenge-platform/h/g/turnstile/f/av0/rchImdUintTElE_YEl0XJX6A3wuih5h6umLMAZLOcSkAF0-1785746163-1.3.1.1-PyOWBAXQ9T.cC82iHOWeieY1MSbZe62Hp297ZLu.8b4/cg7ry/0x4AAAAAAAc2BQjPEms9tKlM/auto/fbE/crashed_retry/normal?lang=auto:0
[-4022666ms] [WARNING] WebGL: INVALID_ENUM: getInternalformatParameter: invalid internalformat @ https://challenges.cloudflare.com/cdn-cgi/challenge-platform/h/g/turnstile/f/av0/rchImdUintTElE_YEl0XJX6A3wuih5h6umLMAZLOcSkAF0-1785746163-1.3.1.1-PyOWBAXQ9T.cC82iHOWeieY1MSbZe62Hp297ZLu.8b4/cg7ry/0x4AAAAAAAc2BQjPEms9tKlM/auto/fbE/crashed_retry/normal?lang=auto:0
[-4022666ms] [WARNING] WebGL: INVALID_ENUM: getInternalformatParameter: invalid internalformat @ https://challenges.cloudflare.com/cdn-cgi/challenge-platform/h/g/turnstile/f/av0/rchImdUintTElE_YEl0XJX6A3wuih5h6umLMAZLOcSkAF0-1785746163-1.3.1.1-PyOWBAXQ9T.cC82iHOWeieY1MSbZe62Hp297ZLu.8b4/cg7ry/0x4AAAAAAAc2BQjPEms9tKlM/auto/fbE/crashed_retry/normal?lang=auto:0
[-4022666ms] [WARNING] WebGL: INVALID_ENUM: getInternalformatParameter: invalid internalformat @ https://challenges.cloudflare.com/cdn-cgi/challenge-platform/h/g/turnstile/f/av0/rchImdUintTElE_YEl0XJX6A3wuih5h6umLMAZLOcSkAF0-1785746163-1.3.1.1-PyOWBAXQ9T.cC82iHOWeieY1MSbZe62Hp297ZLu.8b4/cg7ry/0x4AAAAAAAc2BQjPEms9tKlM/auto/fbE/crashed_retry/normal?lang=auto:0
[-4022666ms] [WARNING] WebGL: INVALID_ENUM: getInternalformatParameter: invalid internalformat @ https://challenges.cloudflare.com/cdn-cgi/challenge-platform/h/g/turnstile/f/av0/rchImdUintTElE_YEl0XJX6A3wuih5h6umLMAZLOcSkAF0-1785746163-1.3.1.1-PyOWBAXQ9T.cC82iHOWeieY1MSbZe62Hp297ZLu.8b4/cg7ry/0x4AAAAAAAc2BQjPEms9tKlM/auto/fbE/crashed_retry/normal?lang=auto:0
[-4022665ms] [WARNING] WebGL: INVALID_ENUM: getInternalformatParameter: invalid internalformat @ https://challenges.cloudflare.com/cdn-cgi/challenge-platform/h/g/turnstile/f/av0/rchImdUintTElE_YEl0XJX6A3wuih5h6umLMAZLOcSkAF0-1785746163-1.3.1.1-PyOWBAXQ9T.cC82iHOWeieY1MSbZe62Hp297ZLu.8b4/cg7ry/0x4AAAAAAAc2BQjPEms9tKlM/auto/fbE/crashed_retry/normal?lang=auto:0
[-4022665ms] [WARNING] WebGL: INVALID_ENUM: getInternalformatParameter: invalid internalformat @ https://challenges.cloudflare.com/cdn-cgi/challenge-platform/h/g/turnstile/f/av0/rchImdUintTElE_YEl0XJX6A3wuih5h6umLMAZLOcSkAF0-1785746163-1.3.1.1-PyOWBAXQ9T.cC82iHOWeieY1MSbZe62Hp297ZLu.8b4/cg7ry/0x4AAAAAAAc2BQjPEms9tKlM/auto/fbE/crashed_retry/normal?lang=auto:0
[-4022664ms] [WARNING] WebGL: INVALID_ENUM: getInternalformatParameter: invalid internalformat @ https://challenges.cloudflare.com/cdn-cgi/challenge-platform/h/g/turnstile/f/av0/rchImdUintTElE_YEl0XJX6A3wuih5h6umLMAZLOcSkAF0-1785746163-1.3.1.1-PyOWBAXQ9T.cC82iHOWeieY1MSbZe62Hp297ZLu.8b4/cg7ry/0x4AAAAAAAc2BQjPEms9tKlM/auto/fbE/crashed_retry/normal?lang=auto:0
[-4022662ms] [WARNING] WebGL: INVALID_ENUM: getInternalformatParameter: invalid internalformat when EXT_color_buffer_[half_]float is not enabled @ https://challenges.cloudflare.com/cdn-cgi/challenge-platform/h/g/turnstile/f/av0/rchImdUintTElE_YEl0XJX6A3wuih5h6umLMAZLOcSkAF0-1785746163-1.3.1.1-PyOWBAXQ9T.cC82iHOWeieY1MSbZe62Hp297ZLu.8b4/cg7ry/0x4AAAAAAAc2BQjPEms9tKlM/auto/fbE/crashed_retry/normal?lang=auto:0
[-4022662ms] [WARNING] WebGL: INVALID_ENUM: getInternalformatParameter: invalid internalformat when EXT_color_buffer_float is not enabled @ https://challenges.cloudflare.com/cdn-cgi/challenge-platform/h/g/turnstile/f/av0/rchImdUintTElE_YEl0XJX6A3wuih5h6umLMAZLOcSkAF0-1785746163-1.3.1.1-PyOWBAXQ9T.cC82iHOWeieY1MSbZe62Hp297ZLu.8b4/cg7ry/0x4AAAAAAAc2BQjPEms9tKlM/auto/fbE/crashed_retry/normal?lang=auto:0
[-4022662ms] [WARNING] WebGL: INVALID_ENUM: getInternalformatParameter: invalid internalformat when EXT_color_buffer_float is not enabled @ https://challenges.cloudflare.com/cdn-cgi/challenge-platform/h/g/turnstile/f/av0/rchImdUintTElE_YEl0XJX6A3wuih5h6umLMAZLOcSkAF0-1785746163-1.3.1.1-PyOWBAXQ9T.cC82iHOWeieY1MSbZe62Hp297ZLu.8b4/cg7ry/0x4AAAAAAAc2BQjPEms9tKlM/auto/fbE/crashed_retry/normal?lang=auto:0
[-4022662ms] [WARNING] WebGL: INVALID_ENUM: getInternalformatParameter: invalid internalformat @ https://challenges.cloudflare.com/cdn-cgi/challenge-platform/h/g/turnstile/f/av0/rchImdUintTElE_YEl0XJX6A3wuih5h6umLMAZLOcSkAF0-1785746163-1.3.1.1-PyOWBAXQ9T.cC82iHOWeieY1MSbZe62Hp297ZLu.8b4/cg7ry/0x4AAAAAAAc2BQjPEms9tKlM/auto/fbE/crashed_retry/normal?lang=auto:0
[-4022661ms] [WARNING] WebGL: INVALID_ENUM: getInternalformatParameter: invalid internalformat when EXT_color_buffer_[half_]float is not enabled @ https://challenges.cloudflare.com/cdn-cgi/challenge-platform/h/g/turnstile/f/av0/rchImdUintTElE_YEl0XJX6A3wuih5h6umLMAZLOcSkAF0-1785746163-1.3.1.1-PyOWBAXQ9T.cC82iHOWeieY1MSbZe62Hp297ZLu.8b4/cg7ry/0x4AAAAAAAc2BQjPEms9tKlM/auto/fbE/crashed_retry/normal?lang=auto:0
[-4022661ms] [WARNING] WebGL: INVALID_ENUM: getInternalformatParameter: invalid internalformat when EXT_color_buffer_float is not enabled @ https://challenges.cloudflare.com/cdn-cgi/challenge-platform/h/g/turnstile/f/av0/rchImdUintTElE_YEl0XJX6A3wuih5h6umLMAZLOcSkAF0-1785746163-1.3.1.1-PyOWBAXQ9T.cC82iHOWeieY1MSbZe62Hp297ZLu.8b4/cg7ry/0x4AAAAAAAc2BQjPEms9tKlM/auto/fbE/crashed_retry/normal?lang=auto:0
[-4022661ms] [WARNING] WebGL: INVALID_ENUM: getInternalformatParameter: invalid internalformat when EXT_color_buffer_[half_]float is not enabled @ https://challenges.cloudflare.com/cdn-cgi/challenge-platform/h/g/turnstile/f/av0/rchImdUintTElE_YEl0XJX6A3wuih5h6umLMAZLOcSkAF0-1785746163-1.3.1.1-PyOWBAXQ9T.cC82iHOWeieY1MSbZe62Hp297ZLu.8b4/cg7ry/0x4AAAAAAAc2BQjPEms9tKlM/auto/fbE/crashed_retry/normal?lang=auto:0
[-4022661ms] [WARNING] WebGL: INVALID_ENUM: getInternalformatParameter: invalid internalformat when EXT_color_buffer_float is not enabled @ https://challenges.cloudflare.com/cdn-cgi/challenge-platform/h/g/turnstile/f/av0/rchImdUintTElE_YEl0XJX6A3wuih5h6umLMAZLOcSkAF0-1785746163-1.3.1.1-PyOWBAXQ9T.cC82iHOWeieY1MSbZe62Hp297ZLu.8b4/cg7ry/0x4AAAAAAAc2BQjPEms9tKlM/auto/fbE/crashed_retry/normal?lang=auto:0
[-4022451ms] [WARNING] The powerPreference option is currently ignored when calling requestAdapter() on Windows. See https://crbug.com/369219127 @ https://challenges.cloudflare.com/cdn-cgi/challenge-platform/h/g/turnstile/f/av0/rchImdUintTElE_YEl0XJX6A3wuih5h6umLMAZLOcSkAF0-1785746163-1.3.1.1-PyOWBAXQ9T.cC82iHOWeieY1MSbZe62Hp297ZLu.8b4/cg7ry/0x4AAAAAAAc2BQjPEms9tKlM/auto/fbE/crashed_retry/normal?lang=auto:0
[-4022451ms] [WARNING] The powerPreference option is currently ignored when calling requestAdapter() on Windows. See https://crbug.com/369219127 @ https://challenges.cloudflare.com/cdn-cgi/challenge-platform/h/g/turnstile/f/av0/rchImdUintTElE_YEl0XJX6A3wuih5h6umLMAZLOcSkAF0-1785746163-1.3.1.1-PyOWBAXQ9T.cC82iHOWeieY1MSbZe62Hp297ZLu.8b4/cg7ry/0x4AAAAAAAc2BQjPEms9tKlM/auto/fbE/crashed_retry/normal?lang=auto:0
[-4022444ms] [WARNING] No available adapters. @ https://challenges.cloudflare.com/cdn-cgi/challenge-platform/h/g/turnstile/f/av0/rchImdUintTElE_YEl0XJX6A3wuih5h6umLMAZLOcSkAF0-1785746163-1.3.1.1-PyOWBAXQ9T.cC82iHOWeieY1MSbZe62Hp297ZLu.8b4/cg7ry/0x4AAAAAAAc2BQjPEms9tKlM/auto/fbE/crashed_retry/normal?lang=auto:0
[-4021719ms] [WARNING] OTS parsing error: Size of decompressed WOFF 2.0 is less than compressed size @ https://challenges.cloudflare.com/cdn-cgi/challenge-platform/h/g/turnstile/f/av0/rchImdUintTElE_YEl0XJX6A3wuih5h6umLMAZLOcSkAF0-1785746163-1.3.1.1-PyOWBAXQ9T.cC82iHOWeieY1MSbZe62Hp297ZLu.8b4/cg7ry/0x4AAAAAAAc2BQjPEms9tKlM/auto/fbE/crashed_retry/normal?lang=auto:0
[-3728176ms] [ERROR] Creating a TrustedTypePolicy named 'sanitizer' violates the following Content Security policy directive: "trusted-types nfFM8 default". The action has been blocked. @ chrome-extension://gjkaolmncjlagdhkamocpknlngfbfmnm/content_script.js:4931
[-3727690ms] [ERROR] Blocked script execution in 'about:blank' because the document's frame is sandboxed and the 'allow-scripts' permission is not set. @ https://challenges.cloudflare.com/cdn-cgi/challenge-platform/h/g/turnstile/f/av0/rch/cg7ry/0x4AAAAAAAc2BQjPEms9tKlM/auto/fbE/auto_expire/normal?lang=auto:0
[-3727689ms] [ERROR] Blocked script execution in 'about:blank' because the document's frame is sandboxed and the 'allow-scripts' permission is not set. @ https://challenges.cloudflare.com/cdn-cgi/challenge-platform/h/g/turnstile/f/av0/rch/cg7ry/0x4AAAAAAAc2BQjPEms9tKlM/auto/fbE/auto_expire/normal?lang=auto:0
[-3727684ms] [ERROR] Blocked script execution in 'about:blank' because the document's frame is sandboxed and the 'allow-scripts' permission is not set. @ https://challenges.cloudflare.com/cdn-cgi/challenge-platform/h/g/turnstile/f/av0/rch/cg7ry/0x4AAAAAAAc2BQjPEms9tKlM/auto/fbE/auto_expire/normal?lang=auto:0
[-3695986ms] [WARNING] OTS parsing error: Size of decompressed WOFF 2.0 is less than compressed size @ https://challenges.cloudflare.com/cdn-cgi/challenge-platform/h/g/turnstile/f/av0/rch/cg7ry/0x4AAAAAAAc2BQjPEms9tKlM/auto/fbE/auto_expire/normal?lang=auto:0
[-3695718ms] [ERROR] Blocked script execution in 'about:blank' because the document's frame is sandboxed and the 'allow-scripts' permission is not set. @ https://challenges.cloudflare.com/cdn-cgi/challenge-platform/h/g/turnstile/f/av0/rch/cg7ry/0x4AAAAAAAc2BQjPEms9tKlM/auto/fbE/auto_expire/normal?lang=auto:0
[-3695716ms] [ERROR] Blocked script execution in 'about:blank' because the document's frame is sandboxed and the 'allow-scripts' permission is not set. @ https://challenges.cloudflare.com/cdn-cgi/challenge-platform/h/g/turnstile/f/av0/rch/cg7ry/0x4AAAAAAAc2BQjPEms9tKlM/auto/fbE/auto_expire/normal?lang=auto:0
[-3695708ms] [ERROR] Blocked script execution in 'about:blank' because the document's frame is sandboxed and the 'allow-scripts' permission is not set. @ https://challenges.cloudflare.com/cdn-cgi/challenge-platform/h/g/turnstile/f/av0/rch/cg7ry/0x4AAAAAAAc2BQjPEms9tKlM/auto/fbE/auto_expire/normal?lang=auto:0
[-3695108ms] [WARNING] WebGL: INVALID_ENUM: getInternalformatParameter: invalid internalformat @ https://challenges.cloudflare.com/cdn-cgi/challenge-platform/h/g/turnstile/f/av0/rch/cg7ry/0x4AAAAAAAc2BQjPEms9tKlM/auto/fbE/auto_expire/normal?lang=auto:0
[-3695105ms] [WARNING] WebGL: INVALID_ENUM: getInternalformatParameter: invalid internalformat @ https://challenges.cloudflare.com/cdn-cgi/challenge-platform/h/g/turnstile/f/av0/rch/cg7ry/0x4AAAAAAAc2BQjPEms9tKlM/auto/fbE/auto_expire/normal?lang=auto:0
[-3695104ms] [WARNING] WebGL: INVALID_ENUM: getInternalformatParameter: invalid internalformat @ https://challenges.cloudflare.com/cdn-cgi/challenge-platform/h/g/turnstile/f/av0/rch/cg7ry/0x4AAAAAAAc2BQjPEms9tKlM/auto/fbE/auto_expire/normal?lang=auto:0
[-3695103ms] [WARNING] WebGL: INVALID_ENUM: getInternalformatParameter: invalid internalformat @ https://challenges.cloudflare.com/cdn-cgi/challenge-platform/h/g/turnstile/f/av0/rch/cg7ry/0x4AAAAAAAc2BQjPEms9tKlM/auto/fbE/auto_expire/normal?lang=auto:0
[-3695103ms] [WARNING] WebGL: INVALID_ENUM: getInternalformatParameter: invalid internalformat @ https://challenges.cloudflare.com/cdn-cgi/challenge-platform/h/g/turnstile/f/av0/rch/cg7ry/0x4AAAAAAAc2BQjPEms9tKlM/auto/fbE/auto_expire/normal?lang=auto:0
[-3695102ms] [WARNING] WebGL: INVALID_ENUM: getInternalformatParameter: invalid internalformat @ https://challenges.cloudflare.com/cdn-cgi/challenge-platform/h/g/turnstile/f/av0/rch/cg7ry/0x4AAAAAAAc2BQjPEms9tKlM/auto/fbE/auto_expire/normal?lang=auto:0
[-3695102ms] [WARNING] WebGL: INVALID_ENUM: getInternalformatParameter: invalid internalformat @ https://challenges.cloudflare.com/cdn-cgi/challenge-platform/h/g/turnstile/f/av0/rch/cg7ry/0x4AAAAAAAc2BQjPEms9tKlM/auto/fbE/auto_expire/normal?lang=auto:0
[-3695102ms] [WARNING] WebGL: INVALID_ENUM: getInternalformatParameter: invalid internalformat @ https://challenges.cloudflare.com/cdn-cgi/challenge-platform/h/g/turnstile/f/av0/rch/cg7ry/0x4AAAAAAAc2BQjPEms9tKlM/auto/fbE/auto_expire/normal?lang=auto:0
[-3695101ms] [WARNING] WebGL: INVALID_ENUM: getInternalformatParameter: invalid internalformat @ https://challenges.cloudflare.com/cdn-cgi/challenge-platform/h/g/turnstile/f/av0/rch/cg7ry/0x4AAAAAAAc2BQjPEms9tKlM/auto/fbE/auto_expire/normal?lang=auto:0
[-3695101ms] [WARNING] WebGL: INVALID_ENUM: getInternalformatParameter: invalid internalformat @ https://challenges.cloudflare.com/cdn-cgi/challenge-platform/h/g/turnstile/f/av0/rch/cg7ry/0x4AAAAAAAc2BQjPEms9tKlM/auto/fbE/auto_expire/normal?lang=auto:0
[-3695099ms] [WARNING] WebGL: INVALID_ENUM: getInternalformatParameter: invalid internalformat @ https://challenges.cloudflare.com/cdn-cgi/challenge-platform/h/g/turnstile/f/av0/rch/cg7ry/0x4AAAAAAAc2BQjPEms9tKlM/auto/fbE/auto_expire/normal?lang=auto:0
[-3695096ms] [WARNING] WebGL: INVALID_ENUM: getInternalformatParameter: invalid internalformat when EXT_color_buffer_[half_]float is not enabled @ https://challenges.cloudflare.com/cdn-cgi/challenge-platform/h/g/turnstile/f/av0/rch/cg7ry/0x4AAAAAAAc2BQjPEms9tKlM/auto/fbE/auto_expire/normal?lang=auto:0
[-3695096ms] [WARNING] WebGL: INVALID_ENUM: getInternalformatParameter: invalid internalformat when EXT_color_buffer_float is not enabled @ https://challenges.cloudflare.com/cdn-cgi/challenge-platform/h/g/turnstile/f/av0/rch/cg7ry/0x4AAAAAAAc2BQjPEms9tKlM/auto/fbE/auto_expire/normal?lang=auto:0
[-3695095ms] [WARNING] WebGL: INVALID_ENUM: getInternalformatParameter: invalid internalformat when EXT_color_buffer_float is not enabled @ https://challenges.cloudflare.com/cdn-cgi/challenge-platform/h/g/turnstile/f/av0/rch/cg7ry/0x4AAAAAAAc2BQjPEms9tKlM/auto/fbE/auto_expire/normal?lang=auto:0
[-3695095ms] [WARNING] WebGL: INVALID_ENUM: getInternalformatParameter: invalid internalformat @ https://challenges.cloudflare.com/cdn-cgi/challenge-platform/h/g/turnstile/f/av0/rch/cg7ry/0x4AAAAAAAc2BQjPEms9tKlM/auto/fbE/auto_expire/normal?lang=auto:0
[-3695094ms] [WARNING] WebGL: INVALID_ENUM: getInternalformatParameter: invalid internalformat when EXT_color_buffer_[half_]float is not enabled @ https://challenges.cloudflare.com/cdn-cgi/challenge-platform/h/g/turnstile/f/av0/rch/cg7ry/0x4AAAAAAAc2BQjPEms9tKlM/auto/fbE/auto_expire/normal?lang=auto:0
[-3695094ms] [WARNING] WebGL: INVALID_ENUM: getInternalformatParameter: invalid internalformat when EXT_color_buffer_float is not enabled @ https://challenges.cloudflare.com/cdn-cgi/challenge-platform/h/g/turnstile/f/av0/rch/cg7ry/0x4AAAAAAAc2BQjPEms9tKlM/auto/fbE/auto_expire/normal?lang=auto:0
[-3695094ms] [WARNING] WebGL: INVALID_ENUM: getInternalformatParameter: invalid internalformat when EXT_color_buffer_[half_]float is not enabled @ https://challenges.cloudflare.com/cdn-cgi/challenge-platform/h/g/turnstile/f/av0/rch/cg7ry/0x4AAAAAAAc2BQjPEms9tKlM/auto/fbE/auto_expire/normal?lang=auto:0
[-3695094ms] [WARNING] WebGL: INVALID_ENUM: getInternalformatParameter: invalid internalformat when EXT_color_buffer_float is not enabled @ https://challenges.cloudflare.com/cdn-cgi/challenge-platform/h/g/turnstile/f/av0/rch/cg7ry/0x4AAAAAAAc2BQjPEms9tKlM/auto/fbE/auto_expire/normal?lang=auto:0
[-3694766ms] [WARNING] The powerPreference option is currently ignored when calling requestAdapter() on Windows. See https://crbug.com/369219127 @ https://challenges.cloudflare.com/cdn-cgi/challenge-platform/h/g/turnstile/f/av0/rch/cg7ry/0x4AAAAAAAc2BQjPEms9tKlM/auto/fbE/auto_expire/normal?lang=auto:0
[-3694765ms] [WARNING] The powerPreference option is currently ignored when calling requestAdapter() on Windows. See https://crbug.com/369219127 @ https://challenges.cloudflare.com/cdn-cgi/challenge-platform/h/g/turnstile/f/av0/rch/cg7ry/0x4AAAAAAAc2BQjPEms9tKlM/auto/fbE/auto_expire/normal?lang=auto:0
[-3694751ms] [WARNING] No available adapters. @ https://challenges.cloudflare.com/cdn-cgi/challenge-platform/h/g/turnstile/f/av0/rch/cg7ry/0x4AAAAAAAc2BQjPEms9tKlM/auto/fbE/auto_expire/normal?lang=auto:0
[-3399954ms] [ERROR] Creating a TrustedTypePolicy named 'sanitizer' violates the following Content Security policy directive: "trusted-types nfFM8 default". The action has been blocked. @ chrome-extension://gjkaolmncjlagdhkamocpknlngfbfmnm/content_script.js:4931
[-3392932ms] [ERROR] Blocked script execution in 'about:blank' because the document's frame is sandboxed and the 'allow-scripts' permission is not set. @ https://challenges.cloudflare.com/cdn-cgi/challenge-platform/h/g/turnstile/f/av0/rch/cg7ry/0x4AAAAAAAc2BQjPEms9tKlM/auto/fbE/auto_expire/normal?lang=auto:0
[-3392931ms] [ERROR] Blocked script execution in 'about:blank' because the document's frame is sandboxed and the 'allow-scripts' permission is not set. @ https://challenges.cloudflare.com/cdn-cgi/challenge-platform/h/g/turnstile/f/av0/rch/cg7ry/0x4AAAAAAAc2BQjPEms9tKlM/auto/fbE/auto_expire/normal?lang=auto:0
[-3392912ms] [ERROR] Blocked script execution in 'about:blank' because the document's frame is sandboxed and the 'allow-scripts' permission is not set. @ https://challenges.cloudflare.com/cdn-cgi/challenge-platform/h/g/turnstile/f/av0/rch/cg7ry/0x4AAAAAAAc2BQjPEms9tKlM/auto/fbE/auto_expire/normal?lang=auto:0
[-3341893ms] [ERROR] Creating a TrustedTypePolicy named 'sanitizer' violates the following Content Security policy directive: "trusted-types nfFM8 default". The action has been blocked. @ chrome-extension://gjkaolmncjlagdhkamocpknlngfbfmnm/content_script.js:4931
[-3340838ms] [ERROR] Blocked script execution in 'about:blank' because the document's frame is sandboxed and the 'allow-scripts' permission is not set. @ https://challenges.cloudflare.com/cdn-cgi/challenge-platform/h/g/turnstile/f/av0/rchbol8i0NlaV3I2DkS29AOSXpa_rxAA9813ZnYwsGvvhQ-1785747165-1.3.1.1-p4oGIEAlapsqKR0hAnF9SXaGAmdYQM7TY..WEKdZbac/cg7ry/0x4AAAAAAAc2BQjPEms9tKlM/auto/fbE/failure_retry/normal?lang=auto:0
[-3340838ms] [ERROR] Blocked script execution in 'about:blank' because the document's frame is sandboxed and the 'allow-scripts' permission is not set. @ https://challenges.cloudflare.com/cdn-cgi/challenge-platform/h/g/turnstile/f/av0/rchbol8i0NlaV3I2DkS29AOSXpa_rxAA9813ZnYwsGvvhQ-1785747165-1.3.1.1-p4oGIEAlapsqKR0hAnF9SXaGAmdYQM7TY..WEKdZbac/cg7ry/0x4AAAAAAAc2BQjPEms9tKlM/auto/fbE/failure_retry/normal?lang=auto:0
[-3340836ms] [ERROR] Blocked script execution in 'about:blank' because the document's frame is sandboxed and the 'allow-scripts' permission is not set. @ https://challenges.cloudflare.com/cdn-cgi/challenge-platform/h/g/turnstile/f/av0/rchbol8i0NlaV3I2DkS29AOSXpa_rxAA9813ZnYwsGvvhQ-1785747165-1.3.1.1-p4oGIEAlapsqKR0hAnF9SXaGAmdYQM7TY..WEKdZbac/cg7ry/0x4AAAAAAAc2BQjPEms9tKlM/auto/fbE/failure_retry/normal?lang=auto:0
[-3326033ms] [ERROR] Blocked script execution in 'about:blank' because the document's frame is sandboxed and the 'allow-scripts' permission is not set. @ https://challenges.cloudflare.com/cdn-cgi/challenge-platform/h/g/turnstile/f/av0/rchbol8i0NlaV3I2DkS29AOSXpa_rxAA9813ZnYwsGvvhQ-1785747165-1.3.1.1-p4oGIEAlapsqKR0hAnF9SXaGAmdYQM7TY..WEKdZbac/cg7ry/0x4AAAAAAAc2BQjPEms9tKlM/auto/fbE/failure_retry/normal?lang=auto:0
[-3326032ms] [ERROR] Blocked script execution in 'about:blank' because the document's frame is sandboxed and the 'allow-scripts' permission is not set. @ https://challenges.cloudflare.com/cdn-cgi/challenge-platform/h/g/turnstile/f/av0/rchbol8i0NlaV3I2DkS29AOSXpa_rxAA9813ZnYwsGvvhQ-1785747165-1.3.1.1-p4oGIEAlapsqKR0hAnF9SXaGAmdYQM7TY..WEKdZbac/cg7ry/0x4AAAAAAAc2BQjPEms9tKlM/auto/fbE/failure_retry/normal?lang=auto:0
[-3326027ms] [ERROR] Blocked script execution in 'about:blank' because the document's frame is sandboxed and the 'allow-scripts' permission is not set. @ https://challenges.cloudflare.com/cdn-cgi/challenge-platform/h/g/turnstile/f/av0/rchbol8i0NlaV3I2DkS29AOSXpa_rxAA9813ZnYwsGvvhQ-1785747165-1.3.1.1-p4oGIEAlapsqKR0hAnF9SXaGAmdYQM7TY..WEKdZbac/cg7ry/0x4AAAAAAAc2BQjPEms9tKlM/auto/fbE/failure_retry/normal?lang=auto:0
[-3325358ms] [WARNING] WebGL: INVALID_ENUM: getInternalformatParameter: invalid internalformat @ https://challenges.cloudflare.com/cdn-cgi/challenge-platform/h/g/turnstile/f/av0/rchbol8i0NlaV3I2DkS29AOSXpa_rxAA9813ZnYwsGvvhQ-1785747165-1.3.1.1-p4oGIEAlapsqKR0hAnF9SXaGAmdYQM7TY..WEKdZbac/cg7ry/0x4AAAAAAAc2BQjPEms9tKlM/auto/fbE/failure_retry/normal?lang=auto:0
[-3325357ms] [WARNING] WebGL: INVALID_ENUM: getInternalformatParameter: invalid internalformat @ https://challenges.cloudflare.com/cdn-cgi/challenge-platform/h/g/turnstile/f/av0/rchbol8i0NlaV3I2DkS29AOSXpa_rxAA9813ZnYwsGvvhQ-1785747165-1.3.1.1-p4oGIEAlapsqKR0hAnF9SXaGAmdYQM7TY..WEKdZbac/cg7ry/0x4AAAAAAAc2BQjPEms9tKlM/auto/fbE/failure_retry/normal?lang=auto:0
[-3325355ms] [WARNING] WebGL: INVALID_ENUM: getInternalformatParameter: invalid internalformat @ https://challenges.cloudflare.com/cdn-cgi/challenge-platform/h/g/turnstile/f/av0/rchbol8i0NlaV3I2DkS29AOSXpa_rxAA9813ZnYwsGvvhQ-1785747165-1.3.1.1-p4oGIEAlapsqKR0hAnF9SXaGAmdYQM7TY..WEKdZbac/cg7ry/0x4AAAAAAAc2BQjPEms9tKlM/auto/fbE/failure_retry/normal?lang=auto:0
[-3325355ms] [WARNING] WebGL: INVALID_ENUM: getInternalformatParameter: invalid internalformat @ https://challenges.cloudflare.com/cdn-cgi/challenge-platform/h/g/turnstile/f/av0/rchbol8i0NlaV3I2DkS29AOSXpa_rxAA9813ZnYwsGvvhQ-1785747165-1.3.1.1-p4oGIEAlapsqKR0hAnF9SXaGAmdYQM7TY..WEKdZbac/cg7ry/0x4AAAAAAAc2BQjPEms9tKlM/auto/fbE/failure_retry/normal?lang=auto:0
[-3325355ms] [WARNING] WebGL: INVALID_ENUM: getInternalformatParameter: invalid internalformat @ https://challenges.cloudflare.com/cdn-cgi/challenge-platform/h/g/turnstile/f/av0/rchbol8i0NlaV3I2DkS29AOSXpa_rxAA9813ZnYwsGvvhQ-1785747165-1.3.1.1-p4oGIEAlapsqKR0hAnF9SXaGAmdYQM7TY..WEKdZbac/cg7ry/0x4AAAAAAAc2BQjPEms9tKlM/auto/fbE/failure_retry/normal?lang=auto:0
[-3325355ms] [WARNING] WebGL: INVALID_ENUM: getInternalformatParameter: invalid internalformat @ https://challenges.cloudflare.com/cdn-cgi/challenge-platform/h/g/turnstile/f/av0/rchbol8i0NlaV3I2DkS29AOSXpa_rxAA9813ZnYwsGvvhQ-1785747165-1.3.1.1-p4oGIEAlapsqKR0hAnF9SXaGAmdYQM7TY..WEKdZbac/cg7ry/0x4AAAAAAAc2BQjPEms9tKlM/auto/fbE/failure_retry/normal?lang=auto:0
[-3325354ms] [WARNING] WebGL: INVALID_ENUM: getInternalformatParameter: invalid internalformat @ https://challenges.cloudflare.com/cdn-cgi/challenge-platform/h/g/turnstile/f/av0/rchbol8i0NlaV3I2DkS29AOSXpa_rxAA9813ZnYwsGvvhQ-1785747165-1.3.1.1-p4oGIEAlapsqKR0hAnF9SXaGAmdYQM7TY..WEKdZbac/cg7ry/0x4AAAAAAAc2BQjPEms9tKlM/auto/fbE/failure_retry/normal?lang=auto:0
[-3325354ms] [WARNING] WebGL: INVALID_ENUM: getInternalformatParameter: invalid internalformat @ https://challenges.cloudflare.com/cdn-cgi/challenge-platform/h/g/turnstile/f/av0/rchbol8i0NlaV3I2DkS29AOSXpa_rxAA9813ZnYwsGvvhQ-1785747165-1.3.1.1-p4oGIEAlapsqKR0hAnF9SXaGAmdYQM7TY..WEKdZbac/cg7ry/0x4AAAAAAAc2BQjPEms9tKlM/auto/fbE/failure_retry/normal?lang=auto:0
[-3325354ms] [WARNING] WebGL: INVALID_ENUM: getInternalformatParameter: invalid internalformat @ https://challenges.cloudflare.com/cdn-cgi/challenge-platform/h/g/turnstile/f/av0/rchbol8i0NlaV3I2DkS29AOSXpa_rxAA9813ZnYwsGvvhQ-1785747165-1.3.1.1-p4oGIEAlapsqKR0hAnF9SXaGAmdYQM7TY..WEKdZbac/cg7ry/0x4AAAAAAAc2BQjPEms9tKlM/auto/fbE/failure_retry/normal?lang=auto:0
[-3325354ms] [WARNING] WebGL: INVALID_ENUM: getInternalformatParameter: invalid internalformat @ https://challenges.cloudflare.com/cdn-cgi/challenge-platform/h/g/turnstile/f/av0/rchbol8i0NlaV3I2DkS29AOSXpa_rxAA9813ZnYwsGvvhQ-1785747165-1.3.1.1-p4oGIEAlapsqKR0hAnF9SXaGAmdYQM7TY..WEKdZbac/cg7ry/0x4AAAAAAAc2BQjPEms9tKlM/auto/fbE/failure_retry/normal?lang=auto:0
[-3325353ms] [WARNING] WebGL: INVALID_ENUM: getInternalformatParameter: invalid internalformat @ https://challenges.cloudflare.com/cdn-cgi/challenge-platform/h/g/turnstile/f/av0/rchbol8i0NlaV3I2DkS29AOSXpa_rxAA9813ZnYwsGvvhQ-1785747165-1.3.1.1-p4oGIEAlapsqKR0hAnF9SXaGAmdYQM7TY..WEKdZbac/cg7ry/0x4AAAAAAAc2BQjPEms9tKlM/auto/fbE/failure_retry/normal?lang=auto:0
[-3325350ms] [WARNING] WebGL: INVALID_ENUM: getInternalformatParameter: invalid internalformat when EXT_color_buffer_[half_]float is not enabled @ https://challenges.cloudflare.com/cdn-cgi/challenge-platform/h/g/turnstile/f/av0/rchbol8i0NlaV3I2DkS29AOSXpa_rxAA9813ZnYwsGvvhQ-1785747165-1.3.1.1-p4oGIEAlapsqKR0hAnF9SXaGAmdYQM7TY..WEKdZbac/cg7ry/0x4AAAAAAAc2BQjPEms9tKlM/auto/fbE/failure_retry/normal?lang=auto:0
[-3325350ms] [WARNING] WebGL: INVALID_ENUM: getInternalformatParameter: invalid internalformat when EXT_color_buffer_float is not enabled @ https://challenges.cloudflare.com/cdn-cgi/challenge-platform/h/g/turnstile/f/av0/rchbol8i0NlaV3I2DkS29AOSXpa_rxAA9813ZnYwsGvvhQ-1785747165-1.3.1.1-p4oGIEAlapsqKR0hAnF9SXaGAmdYQM7TY..WEKdZbac/cg7ry/0x4AAAAAAAc2BQjPEms9tKlM/auto/fbE/failure_retry/normal?lang=auto:0
[-3325350ms] [WARNING] WebGL: INVALID_ENUM: getInternalformatParameter: invalid internalformat when EXT_color_buffer_float is not enabled @ https://challenges.cloudflare.com/cdn-cgi/challenge-platform/h/g/turnstile/f/av0/rchbol8i0NlaV3I2DkS29AOSXpa_rxAA9813ZnYwsGvvhQ-1785747165-1.3.1.1-p4oGIEAlapsqKR0hAnF9SXaGAmdYQM7TY..WEKdZbac/cg7ry/0x4AAAAAAAc2BQjPEms9tKlM/auto/fbE/failure_retry/normal?lang=auto:0
[-3325350ms] [WARNING] WebGL: INVALID_ENUM: getInternalformatParameter: invalid internalformat @ https://challenges.cloudflare.com/cdn-cgi/challenge-platform/h/g/turnstile/f/av0/rchbol8i0NlaV3I2DkS29AOSXpa_rxAA9813ZnYwsGvvhQ-1785747165-1.3.1.1-p4oGIEAlapsqKR0hAnF9SXaGAmdYQM7TY..WEKdZbac/cg7ry/0x4AAAAAAAc2BQjPEms9tKlM/auto/fbE/failure_retry/normal?lang=auto:0
[-3325350ms] [WARNING] WebGL: INVALID_ENUM: getInternalformatParameter: invalid internalformat when EXT_color_buffer_[half_]float is not enabled @ https://challenges.cloudflare.com/cdn-cgi/challenge-platform/h/g/turnstile/f/av0/rchbol8i0NlaV3I2DkS29AOSXpa_rxAA9813ZnYwsGvvhQ-1785747165-1.3.1.1-p4oGIEAlapsqKR0hAnF9SXaGAmdYQM7TY..WEKdZbac/cg7ry/0x4AAAAAAAc2BQjPEms9tKlM/auto/fbE/failure_retry/normal?lang=auto:0
[-3325349ms] [WARNING] WebGL: INVALID_ENUM: getInternalformatParameter: invalid internalformat when EXT_color_buffer_float is not enabled @ https://challenges.cloudflare.com/cdn-cgi/challenge-platform/h/g/turnstile/f/av0/rchbol8i0NlaV3I2DkS29AOSXpa_rxAA9813ZnYwsGvvhQ-1785747165-1.3.1.1-p4oGIEAlapsqKR0hAnF9SXaGAmdYQM7TY..WEKdZbac/cg7ry/0x4AAAAAAAc2BQjPEms9tKlM/auto/fbE/failure_retry/normal?lang=auto:0
[-3325348ms] [WARNING] WebGL: INVALID_ENUM: getInternalformatParameter: invalid internalformat when EXT_color_buffer_[half_]float is not enabled @ https://challenges.cloudflare.com/cdn-cgi/challenge-platform/h/g/turnstile/f/av0/rchbol8i0NlaV3I2DkS29AOSXpa_rxAA9813ZnYwsGvvhQ-1785747165-1.3.1.1-p4oGIEAlapsqKR0hAnF9SXaGAmdYQM7TY..WEKdZbac/cg7ry/0x4AAAAAAAc2BQjPEms9tKlM/auto/fbE/failure_retry/normal?lang=auto:0
[-3325348ms] [WARNING] WebGL: INVALID_ENUM: getInternalformatParameter: invalid internalformat when EXT_color_buffer_float is not enabled @ https://challenges.cloudflare.com/cdn-cgi/challenge-platform/h/g/turnstile/f/av0/rchbol8i0NlaV3I2DkS29AOSXpa_rxAA9813ZnYwsGvvhQ-1785747165-1.3.1.1-p4oGIEAlapsqKR0hAnF9SXaGAmdYQM7TY..WEKdZbac/cg7ry/0x4AAAAAAAc2BQjPEms9tKlM/auto/fbE/failure_retry/normal?lang=auto:0
[-3325156ms] [WARNING] OTS parsing error: Size of decompressed WOFF 2.0 is less than compressed size @ https://challenges.cloudflare.com/cdn-cgi/challenge-platform/h/g/turnstile/f/av0/rchbol8i0NlaV3I2DkS29AOSXpa_rxAA9813ZnYwsGvvhQ-1785747165-1.3.1.1-p4oGIEAlapsqKR0hAnF9SXaGAmdYQM7TY..WEKdZbac/cg7ry/0x4AAAAAAAc2BQjPEms9tKlM/auto/fbE/failure_retry/normal?lang=auto:0
[-3325139ms] [WARNING] The powerPreference option is currently ignored when calling requestAdapter() on Windows. See https://crbug.com/369219127 @ https://challenges.cloudflare.com/cdn-cgi/challenge-platform/h/g/turnstile/f/av0/rchbol8i0NlaV3I2DkS29AOSXpa_rxAA9813ZnYwsGvvhQ-1785747165-1.3.1.1-p4oGIEAlapsqKR0hAnF9SXaGAmdYQM7TY..WEKdZbac/cg7ry/0x4AAAAAAAc2BQjPEms9tKlM/auto/fbE/failure_retry/normal?lang=auto:0
[-3325138ms] [WARNING] The powerPreference option is currently ignored when calling requestAdapter() on Windows. See https://crbug.com/369219127 @ https://challenges.cloudflare.com/cdn-cgi/challenge-platform/h/g/turnstile/f/av0/rchbol8i0NlaV3I2DkS29AOSXpa_rxAA9813ZnYwsGvvhQ-1785747165-1.3.1.1-p4oGIEAlapsqKR0hAnF9SXaGAmdYQM7TY..WEKdZbac/cg7ry/0x4AAAAAAAc2BQjPEms9tKlM/auto/fbE/failure_retry/normal?lang=auto:0
[-3325125ms] [WARNING] No available adapters. @ https://challenges.cloudflare.com/cdn-cgi/challenge-platform/h/g/turnstile/f/av0/rchbol8i0NlaV3I2DkS29AOSXpa_rxAA9813ZnYwsGvvhQ-1785747165-1.3.1.1-p4oGIEAlapsqKR0hAnF9SXaGAmdYQM7TY..WEKdZbac/cg7ry/0x4AAAAAAAc2BQjPEms9tKlM/auto/fbE/failure_retry/normal?lang=auto:0
[-3032040ms] [ERROR] Creating a TrustedTypePolicy named 'sanitizer' violates the following Content Security policy directive: "trusted-types nfFM8 default". The action has been blocked. @ chrome-extension://gjkaolmncjlagdhkamocpknlngfbfmnm/content_script.js:4931
[-3031802ms] [ERROR] Blocked script execution in 'about:blank' because the document's frame is sandboxed and the 'allow-scripts' permission is not set. @ https://challenges.cloudflare.com/cdn-cgi/challenge-platform/h/g/turnstile/f/av0/rch/cg7ry/0x4AAAAAAAc2BQjPEms9tKlM/auto/fbE/auto_expire/normal?lang=auto:0
[-3031802ms] [ERROR] Blocked script execution in 'about:blank' because the document's frame is sandboxed and the 'allow-scripts' permission is not set. @ https://challenges.cloudflare.com/cdn-cgi/challenge-platform/h/g/turnstile/f/av0/rch/cg7ry/0x4AAAAAAAc2BQjPEms9tKlM/auto/fbE/auto_expire/normal?lang=auto:0
[-3031800ms] [ERROR] Blocked script execution in 'about:blank' because the document's frame is sandboxed and the 'allow-scripts' permission is not set. @ https://challenges.cloudflare.com/cdn-cgi/challenge-platform/h/g/turnstile/f/av0/rch/cg7ry/0x4AAAAAAAc2BQjPEms9tKlM/auto/fbE/auto_expire/normal?lang=auto:0
[-3028130ms] [ERROR] Blocked script execution in 'about:blank' because the document's frame is sandboxed and the 'allow-scripts' permission is not set. @ https://challenges.cloudflare.com/cdn-cgi/challenge-platform/h/g/turnstile/f/av0/rch/cg7ry/0x4AAAAAAAc2BQjPEms9tKlM/auto/fbE/auto_expire/normal?lang=auto:0
[-3028129ms] [ERROR] Blocked script execution in 'about:blank' because the document's frame is sandboxed and the 'allow-scripts' permission is not set. @ https://challenges.cloudflare.com/cdn-cgi/challenge-platform/h/g/turnstile/f/av0/rch/cg7ry/0x4AAAAAAAc2BQjPEms9tKlM/auto/fbE/auto_expire/normal?lang=auto:0
[-3028123ms] [ERROR] Blocked script execution in 'about:blank' because the document's frame is sandboxed and the 'allow-scripts' permission is not set. @ https://challenges.cloudflare.com/cdn-cgi/challenge-platform/h/g/turnstile/f/av0/rch/cg7ry/0x4AAAAAAAc2BQjPEms9tKlM/auto/fbE/auto_expire/normal?lang=auto:0
[-3026172ms] [WARNING] WebGL: INVALID_ENUM: getInternalformatParameter: invalid internalformat @ https://challenges.cloudflare.com/cdn-cgi/challenge-platform/h/g/turnstile/f/av0/rch/cg7ry/0x4AAAAAAAc2BQjPEms9tKlM/auto/fbE/auto_expire/normal?lang=auto:0
[-3026171ms] [WARNING] WebGL: INVALID_ENUM: getInternalformatParameter: invalid internalformat @ https://challenges.cloudflare.com/cdn-cgi/challenge-platform/h/g/turnstile/f/av0/rch/cg7ry/0x4AAAAAAAc2BQjPEms9tKlM/auto/fbE/auto_expire/normal?lang=auto:0
[-3026170ms] [WARNING] WebGL: INVALID_ENUM: getInternalformatParameter: invalid internalformat @ https://challenges.cloudflare.com/cdn-cgi/challenge-platform/h/g/turnstile/f/av0/rch/cg7ry/0x4AAAAAAAc2BQjPEms9tKlM/auto/fbE/auto_expire/normal?lang=auto:0
[-3026169ms] [WARNING] WebGL: INVALID_ENUM: getInternalformatParameter: invalid internalformat @ https://challenges.cloudflare.com/cdn-cgi/challenge-platform/h/g/turnstile/f/av0/rch/cg7ry/0x4AAAAAAAc2BQjPEms9tKlM/auto/fbE/auto_expire/normal?lang=auto:0
[-3026169ms] [WARNING] WebGL: INVALID_ENUM: getInternalformatParameter: invalid internalformat @ https://challenges.cloudflare.com/cdn-cgi/challenge-platform/h/g/turnstile/f/av0/rch/cg7ry/0x4AAAAAAAc2BQjPEms9tKlM/auto/fbE/auto_expire/normal?lang=auto:0
[-3026169ms] [WARNING] WebGL: INVALID_ENUM: getInternalformatParameter: invalid internalformat @ https://challenges.cloudflare.com/cdn-cgi/challenge-platform/h/g/turnstile/f/av0/rch/cg7ry/0x4AAAAAAAc2BQjPEms9tKlM/auto/fbE/auto_expire/normal?lang=auto:0
[-3026169ms] [WARNING] WebGL: INVALID_ENUM: getInternalformatParameter: invalid internalformat @ https://challenges.cloudflare.com/cdn-cgi/challenge-platform/h/g/turnstile/f/av0/rch/cg7ry/0x4AAAAAAAc2BQjPEms9tKlM/auto/fbE/auto_expire/normal?lang=auto:0
[-3026169ms] [WARNING] WebGL: INVALID_ENUM: getInternalformatParameter: invalid internalformat @ https://challenges.cloudflare.com/cdn-cgi/challenge-platform/h/g/turnstile/f/av0/rch/cg7ry/0x4AAAAAAAc2BQjPEms9tKlM/auto/fbE/auto_expire/normal?lang=auto:0
[-3026169ms] [WARNING] WebGL: INVALID_ENUM: getInternalformatParameter: invalid internalformat @ https://challenges.cloudflare.com/cdn-cgi/challenge-platform/h/g/turnstile/f/av0/rch/cg7ry/0x4AAAAAAAc2BQjPEms9tKlM/auto/fbE/auto_expire/normal?lang=auto:0
[-3026168ms] [WARNING] WebGL: INVALID_ENUM: getInternalformatParameter: invalid internalformat @ https://challenges.cloudflare.com/cdn-cgi/challenge-platform/h/g/turnstile/f/av0/rch/cg7ry/0x4AAAAAAAc2BQjPEms9tKlM/auto/fbE/auto_expire/normal?lang=auto:0
[-3026168ms] [WARNING] WebGL: INVALID_ENUM: getInternalformatParameter: invalid internalformat @ https://challenges.cloudflare.com/cdn-cgi/challenge-platform/h/g/turnstile/f/av0/rch/cg7ry/0x4AAAAAAAc2BQjPEms9tKlM/auto/fbE/auto_expire/normal?lang=auto:0
[-3026164ms] [WARNING] WebGL: INVALID_ENUM: getInternalformatParameter: invalid internalformat when EXT_color_buffer_[half_]float is not enabled @ https://challenges.cloudflare.com/cdn-cgi/challenge-platform/h/g/turnstile/f/av0/rch/cg7ry/0x4AAAAAAAc2BQjPEms9tKlM/auto/fbE/auto_expire/normal?lang=auto:0
[-3026164ms] [WARNING] WebGL: INVALID_ENUM: getInternalformatParameter: invalid internalformat when EXT_color_buffer_float is not enabled @ https://challenges.cloudflare.com/cdn-cgi/challenge-platform/h/g/turnstile/f/av0/rch/cg7ry/0x4AAAAAAAc2BQjPEms9tKlM/auto/fbE/auto_expire/normal?lang=auto:0
[-3026164ms] [WARNING] WebGL: INVALID_ENUM: getInternalformatParameter: invalid internalformat when EXT_color_buffer_float is not enabled @ https://challenges.cloudflare.com/cdn-cgi/challenge-platform/h/g/turnstile/f/av0/rch/cg7ry/0x4AAAAAAAc2BQjPEms9tKlM/auto/fbE/auto_expire/normal?lang=auto:0
[-3026164ms] [WARNING] WebGL: INVALID_ENUM: getInternalformatParameter: invalid internalformat @ https://challenges.cloudflare.com/cdn-cgi/challenge-platform/h/g/turnstile/f/av0/rch/cg7ry/0x4AAAAAAAc2BQjPEms9tKlM/auto/fbE/auto_expire/normal?lang=auto:0
[-3026163ms] [WARNING] WebGL: INVALID_ENUM: getInternalformatParameter: invalid internalformat when EXT_color_buffer_[half_]float is not enabled @ https://challenges.cloudflare.com/cdn-cgi/challenge-platform/h/g/turnstile/f/av0/rch/cg7ry/0x4AAAAAAAc2BQjPEms9tKlM/auto/fbE/auto_expire/normal?lang=auto:0
[-3026163ms] [WARNING] WebGL: INVALID_ENUM: getInternalformatParameter: invalid internalformat when EXT_color_buffer_float is not enabled @ https://challenges.cloudflare.com/cdn-cgi/challenge-platform/h/g/turnstile/f/av0/rch/cg7ry/0x4AAAAAAAc2BQjPEms9tKlM/auto/fbE/auto_expire/normal?lang=auto:0
[-3026163ms] [WARNING] WebGL: INVALID_ENUM: getInternalformatParameter: invalid internalformat when EXT_color_buffer_[half_]float is not enabled @ https://challenges.cloudflare.com/cdn-cgi/challenge-platform/h/g/turnstile/f/av0/rch/cg7ry/0x4AAAAAAAc2BQjPEms9tKlM/auto/fbE/auto_expire/normal?lang=auto:0
[-3026163ms] [WARNING] WebGL: INVALID_ENUM: getInternalformatParameter: invalid internalformat when EXT_color_buffer_float is not enabled @ https://challenges.cloudflare.com/cdn-cgi/challenge-platform/h/g/turnstile/f/av0/rch/cg7ry/0x4AAAAAAAc2BQjPEms9tKlM/auto/fbE/auto_expire/normal?lang=auto:0
[-3026058ms] [WARNING] OTS parsing error: Size of decompressed WOFF 2.0 is less than compressed size @ https://challenges.cloudflare.com/cdn-cgi/challenge-platform/h/g/turnstile/f/av0/rch/cg7ry/0x4AAAAAAAc2BQjPEms9tKlM/auto/fbE/auto_expire/normal?lang=auto:0
[-3026022ms] [WARNING] The powerPreference option is currently ignored when calling requestAdapter() on Windows. See https://crbug.com/369219127 @ https://challenges.cloudflare.com/cdn-cgi/challenge-platform/h/g/turnstile/f/av0/rch/cg7ry/0x4AAAAAAAc2BQjPEms9tKlM/auto/fbE/auto_expire/normal?lang=auto:0
[-3026021ms] [WARNING] The powerPreference option is currently ignored when calling requestAdapter() on Windows. See https://crbug.com/369219127 @ https://challenges.cloudflare.com/cdn-cgi/challenge-platform/h/g/turnstile/f/av0/rch/cg7ry/0x4AAAAAAAc2BQjPEms9tKlM/auto/fbE/auto_expire/normal?lang=auto:0
[-3026011ms] [WARNING] No available adapters. @ https://challenges.cloudflare.com/cdn-cgi/challenge-platform/h/g/turnstile/f/av0/rch/cg7ry/0x4AAAAAAAc2BQjPEms9tKlM/auto/fbE/auto_expire/normal?lang=auto:0
[-2733545ms] [ERROR] Creating a TrustedTypePolicy named 'sanitizer' violates the following Content Security policy directive: "trusted-types nfFM8 default". The action has been blocked. @ chrome-extension://gjkaolmncjlagdhkamocpknlngfbfmnm/content_script.js:4931
[-2733105ms] [ERROR] Blocked script execution in 'about:blank' because the document's frame is sandboxed and the 'allow-scripts' permission is not set. @ https://challenges.cloudflare.com/cdn-cgi/challenge-platform/h/g/turnstile/f/av0/rch/cg7ry/0x4AAAAAAAc2BQjPEms9tKlM/auto/fbE/auto_expire/normal?lang=auto:0
[-2733105ms] [ERROR] Blocked script execution in 'about:blank' because the document's frame is sandboxed and the 'allow-scripts' permission is not set. @ https://challenges.cloudflare.com/cdn-cgi/challenge-platform/h/g/turnstile/f/av0/rch/cg7ry/0x4AAAAAAAc2BQjPEms9tKlM/auto/fbE/auto_expire/normal?lang=auto:0
[-2733102ms] [ERROR] Blocked script execution in 'about:blank' because the document's frame is sandboxed and the 'allow-scripts' permission is not set. @ https://challenges.cloudflare.com/cdn-cgi/challenge-platform/h/g/turnstile/f/av0/rch/cg7ry/0x4AAAAAAAc2BQjPEms9tKlM/auto/fbE/auto_expire/normal?lang=auto:0
[-2728887ms] [ERROR] Blocked script execution in 'about:blank' because the document's frame is sandboxed and the 'allow-scripts' permission is not set. @ https://challenges.cloudflare.com/cdn-cgi/challenge-platform/h/g/turnstile/f/av0/rch/cg7ry/0x4AAAAAAAc2BQjPEms9tKlM/auto/fbE/auto_expire/normal?lang=auto:0
[-2728887ms] [ERROR] Blocked script execution in 'about:blank' because the document's frame is sandboxed and the 'allow-scripts' permission is not set. @ https://challenges.cloudflare.com/cdn-cgi/challenge-platform/h/g/turnstile/f/av0/rch/cg7ry/0x4AAAAAAAc2BQjPEms9tKlM/auto/fbE/auto_expire/normal?lang=auto:0
[-2728885ms] [ERROR] Blocked script execution in 'about:blank' because the document's frame is sandboxed and the 'allow-scripts' permission is not set. @ https://challenges.cloudflare.com/cdn-cgi/challenge-platform/h/g/turnstile/f/av0/rch/cg7ry/0x4AAAAAAAc2BQjPEms9tKlM/auto/fbE/auto_expire/normal?lang=auto:0
[-2728554ms] [WARNING] WebGL: INVALID_ENUM: getInternalformatParameter: invalid internalformat @ https://challenges.cloudflare.com/cdn-cgi/challenge-platform/h/g/turnstile/f/av0/rch/cg7ry/0x4AAAAAAAc2BQjPEms9tKlM/auto/fbE/auto_expire/normal?lang=auto:0
[-2728552ms] [WARNING] WebGL: INVALID_ENUM: getInternalformatParameter: invalid internalformat @ https://challenges.cloudflare.com/cdn-cgi/challenge-platform/h/g/turnstile/f/av0/rch/cg7ry/0x4AAAAAAAc2BQjPEms9tKlM/auto/fbE/auto_expire/normal?lang=auto:0
[-2728551ms] [WARNING] WebGL: INVALID_ENUM: getInternalformatParameter: invalid internalformat @ https://challenges.cloudflare.com/cdn-cgi/challenge-platform/h/g/turnstile/f/av0/rch/cg7ry/0x4AAAAAAAc2BQjPEms9tKlM/auto/fbE/auto_expire/normal?lang=auto:0
[-2728551ms] [WARNING] WebGL: INVALID_ENUM: getInternalformatParameter: invalid internalformat @ https://challenges.cloudflare.com/cdn-cgi/challenge-platform/h/g/turnstile/f/av0/rch/cg7ry/0x4AAAAAAAc2BQjPEms9tKlM/auto/fbE/auto_expire/normal?lang=auto:0
[-2728550ms] [WARNING] WebGL: INVALID_ENUM: getInternalformatParameter: invalid internalformat @ https://challenges.cloudflare.com/cdn-cgi/challenge-platform/h/g/turnstile/f/av0/rch/cg7ry/0x4AAAAAAAc2BQjPEms9tKlM/auto/fbE/auto_expire/normal?lang=auto:0
[-2728550ms] [WARNING] WebGL: INVALID_ENUM: getInternalformatParameter: invalid internalformat @ https://challenges.cloudflare.com/cdn-cgi/challenge-platform/h/g/turnstile/f/av0/rch/cg7ry/0x4AAAAAAAc2BQjPEms9tKlM/auto/fbE/auto_expire/normal?lang=auto:0
[-2728550ms] [WARNING] WebGL: INVALID_ENUM: getInternalformatParameter: invalid internalformat @ https://challenges.cloudflare.com/cdn-cgi/challenge-platform/h/g/turnstile/f/av0/rch/cg7ry/0x4AAAAAAAc2BQjPEms9tKlM/auto/fbE/auto_expire/normal?lang=auto:0
[-2728550ms] [WARNING] WebGL: INVALID_ENUM: getInternalformatParameter: invalid internalformat @ https://challenges.cloudflare.com/cdn-cgi/challenge-platform/h/g/turnstile/f/av0/rch/cg7ry/0x4AAAAAAAc2BQjPEms9tKlM/auto/fbE/auto_expire/normal?lang=auto:0
[-2728550ms] [WARNING] WebGL: INVALID_ENUM: getInternalformatParameter: invalid internalformat @ https://challenges.cloudflare.com/cdn-cgi/challenge-platform/h/g/turnstile/f/av0/rch/cg7ry/0x4AAAAAAAc2BQjPEms9tKlM/auto/fbE/auto_expire/normal?lang=auto:0
[-2728550ms] [WARNING] WebGL: INVALID_ENUM: getInternalformatParameter: invalid internalformat @ https://challenges.cloudflare.com/cdn-cgi/challenge-platform/h/g/turnstile/f/av0/rch/cg7ry/0x4AAAAAAAc2BQjPEms9tKlM/auto/fbE/auto_expire/normal?lang=auto:0
[-2728549ms] [WARNING] WebGL: INVALID_ENUM: getInternalformatParameter: invalid internalformat @ https://challenges.cloudflare.com/cdn-cgi/challenge-platform/h/g/turnstile/f/av0/rch/cg7ry/0x4AAAAAAAc2BQjPEms9tKlM/auto/fbE/auto_expire/normal?lang=auto:0
[-2728547ms] [WARNING] WebGL: INVALID_ENUM: getInternalformatParameter: invalid internalformat when EXT_color_buffer_[half_]float is not enabled @ https://challenges.cloudflare.com/cdn-cgi/challenge-platform/h/g/turnstile/f/av0/rch/cg7ry/0x4AAAAAAAc2BQjPEms9tKlM/auto/fbE/auto_expire/normal?lang=auto:0
[-2728547ms] [WARNING] WebGL: INVALID_ENUM: getInternalformatParameter: invalid internalformat when EXT_color_buffer_float is not enabled @ https://challenges.cloudflare.com/cdn-cgi/challenge-platform/h/g/turnstile/f/av0/rch/cg7ry/0x4AAAAAAAc2BQjPEms9tKlM/auto/fbE/auto_expire/normal?lang=auto:0
[-2728547ms] [WARNING] WebGL: INVALID_ENUM: getInternalformatParameter: invalid internalformat when EXT_color_buffer_float is not enabled @ https://challenges.cloudflare.com/cdn-cgi/challenge-platform/h/g/turnstile/f/av0/rch/cg7ry/0x4AAAAAAAc2BQjPEms9tKlM/auto/fbE/auto_expire/normal?lang=auto:0
[-2728547ms] [WARNING] WebGL: INVALID_ENUM: getInternalformatParameter: invalid internalformat @ https://challenges.cloudflare.com/cdn-cgi/challenge-platform/h/g/turnstile/f/av0/rch/cg7ry/0x4AAAAAAAc2BQjPEms9tKlM/auto/fbE/auto_expire/normal?lang=auto:0
[-2728547ms] [WARNING] WebGL: INVALID_ENUM: getInternalformatParameter: invalid internalformat when EXT_color_buffer_[half_]float is not enabled @ https://challenges.cloudflare.com/cdn-cgi/challenge-platform/h/g/turnstile/f/av0/rch/cg7ry/0x4AAAAAAAc2BQjPEms9tKlM/auto/fbE/auto_expire/normal?lang=auto:0
[-2728547ms] [WARNING] WebGL: INVALID_ENUM: getInternalformatParameter: invalid internalformat when EXT_color_buffer_float is not enabled @ https://challenges.cloudflare.com/cdn-cgi/challenge-platform/h/g/turnstile/f/av0/rch/cg7ry/0x4AAAAAAAc2BQjPEms9tKlM/auto/fbE/auto_expire/normal?lang=auto:0
[-2728547ms] [WARNING] WebGL: INVALID_ENUM: getInternalformatParameter: invalid internalformat when EXT_color_buffer_[half_]float is not enabled @ https://challenges.cloudflare.com/cdn-cgi/challenge-platform/h/g/turnstile/f/av0/rch/cg7ry/0x4AAAAAAAc2BQjPEms9tKlM/auto/fbE/auto_expire/normal?lang=auto:0
[-2728547ms] [WARNING] WebGL: INVALID_ENUM: getInternalformatParameter: invalid internalformat when EXT_color_buffer_float is not enabled @ https://challenges.cloudflare.com/cdn-cgi/challenge-platform/h/g/turnstile/f/av0/rch/cg7ry/0x4AAAAAAAc2BQjPEms9tKlM/auto/fbE/auto_expire/normal?lang=auto:0
[-2728412ms] [WARNING] The powerPreference option is currently ignored when calling requestAdapter() on Windows. See https://crbug.com/369219127 @ https://challenges.cloudflare.com/cdn-cgi/challenge-platform/h/g/turnstile/f/av0/rch/cg7ry/0x4AAAAAAAc2BQjPEms9tKlM/auto/fbE/auto_expire/normal?lang=auto:0
[-2728412ms] [WARNING] The powerPreference option is currently ignored when calling requestAdapter() on Windows. See https://crbug.com/369219127 @ https://challenges.cloudflare.com/cdn-cgi/challenge-platform/h/g/turnstile/f/av0/rch/cg7ry/0x4AAAAAAAc2BQjPEms9tKlM/auto/fbE/auto_expire/normal?lang=auto:0
[-2728381ms] [WARNING] No available adapters. @ https://challenges.cloudflare.com/cdn-cgi/challenge-platform/h/g/turnstile/f/av0/rch/cg7ry/0x4AAAAAAAc2BQjPEms9tKlM/auto/fbE/auto_expire/normal?lang=auto:0
[-2726864ms] [WARNING] OTS parsing error: Size of decompressed WOFF 2.0 is less than compressed size @ https://challenges.cloudflare.com/cdn-cgi/challenge-platform/h/g/turnstile/f/av0/rch/cg7ry/0x4AAAAAAAc2BQjPEms9tKlM/auto/fbE/auto_expire/normal?lang=auto:0
[-2659663ms] [ERROR] Creating a TrustedTypePolicy named 'sanitizer' violates the following Content Security policy directive: "trusted-types nfFM8 default". The action has been blocked. @ chrome-extension://gjkaolmncjlagdhkamocpknlngfbfmnm/content_script.js:4931
[-2658596ms] [ERROR] Blocked script execution in 'about:blank' because the document's frame is sandboxed and the 'allow-scripts' permission is not set. @ https://challenges.cloudflare.com/cdn-cgi/challenge-platform/h/g/turnstile/f/av0/rch/cg7ry/0x4AAAAAAAc2BQjPEms9tKlM/auto/fbE/upgrade_reload/normal?lang=auto:0
[-2658595ms] [ERROR] Blocked script execution in 'about:blank' because the document's frame is sandboxed and the 'allow-scripts' permission is not set. @ https://challenges.cloudflare.com/cdn-cgi/challenge-platform/h/g/turnstile/f/av0/rch/cg7ry/0x4AAAAAAAc2BQjPEms9tKlM/auto/fbE/upgrade_reload/normal?lang=auto:0
[-2658593ms] [ERROR] Blocked script execution in 'about:blank' because the document's frame is sandboxed and the 'allow-scripts' permission is not set. @ https://challenges.cloudflare.com/cdn-cgi/challenge-platform/h/g/turnstile/f/av0/rch/cg7ry/0x4AAAAAAAc2BQjPEms9tKlM/auto/fbE/upgrade_reload/normal?lang=auto:0
[-2644400ms] [WARNING] WebGL: INVALID_ENUM: getInternalformatParameter: invalid internalformat @ https://challenges.cloudflare.com/cdn-cgi/challenge-platform/h/g/turnstile/f/av0/rch/cg7ry/0x4AAAAAAAc2BQjPEms9tKlM/auto/fbE/upgrade_reload/normal?lang=auto:0
[-2644399ms] [WARNING] WebGL: INVALID_ENUM: getInternalformatParameter: invalid internalformat @ https://challenges.cloudflare.com/cdn-cgi/challenge-platform/h/g/turnstile/f/av0/rch/cg7ry/0x4AAAAAAAc2BQjPEms9tKlM/auto/fbE/upgrade_reload/normal?lang=auto:0
[-2644398ms] [WARNING] WebGL: INVALID_ENUM: getInternalformatParameter: invalid internalformat @ https://challenges.cloudflare.com/cdn-cgi/challenge-platform/h/g/turnstile/f/av0/rch/cg7ry/0x4AAAAAAAc2BQjPEms9tKlM/auto/fbE/upgrade_reload/normal?lang=auto:0
[-2644398ms] [WARNING] WebGL: INVALID_ENUM: getInternalformatParameter: invalid internalformat @ https://challenges.cloudflare.com/cdn-cgi/challenge-platform/h/g/turnstile/f/av0/rch/cg7ry/0x4AAAAAAAc2BQjPEms9tKlM/auto/fbE/upgrade_reload/normal?lang=auto:0
[-2644398ms] [WARNING] WebGL: INVALID_ENUM: getInternalformatParameter: invalid internalformat @ https://challenges.cloudflare.com/cdn-cgi/challenge-platform/h/g/turnstile/f/av0/rch/cg7ry/0x4AAAAAAAc2BQjPEms9tKlM/auto/fbE/upgrade_reload/normal?lang=auto:0
[-2644398ms] [WARNING] WebGL: INVALID_ENUM: getInternalformatParameter: invalid internalformat @ https://challenges.cloudflare.com/cdn-cgi/challenge-platform/h/g/turnstile/f/av0/rch/cg7ry/0x4AAAAAAAc2BQjPEms9tKlM/auto/fbE/upgrade_reload/normal?lang=auto:0
[-2644398ms] [WARNING] WebGL: INVALID_ENUM: getInternalformatParameter: invalid internalformat @ https://challenges.cloudflare.com/cdn-cgi/challenge-platform/h/g/turnstile/f/av0/rch/cg7ry/0x4AAAAAAAc2BQjPEms9tKlM/auto/fbE/upgrade_reload/normal?lang=auto:0
[-2644397ms] [WARNING] WebGL: INVALID_ENUM: getInternalformatParameter: invalid internalformat @ https://challenges.cloudflare.com/cdn-cgi/challenge-platform/h/g/turnstile/f/av0/rch/cg7ry/0x4AAAAAAAc2BQjPEms9tKlM/auto/fbE/upgrade_reload/normal?lang=auto:0
[-2644397ms] [WARNING] WebGL: INVALID_ENUM: getInternalformatParameter: invalid internalformat @ https://challenges.cloudflare.com/cdn-cgi/challenge-platform/h/g/turnstile/f/av0/rch/cg7ry/0x4AAAAAAAc2BQjPEms9tKlM/auto/fbE/upgrade_reload/normal?lang=auto:0
[-2644397ms] [WARNING] WebGL: INVALID_ENUM: getInternalformatParameter: invalid internalformat @ https://challenges.cloudflare.com/cdn-cgi/challenge-platform/h/g/turnstile/f/av0/rch/cg7ry/0x4AAAAAAAc2BQjPEms9tKlM/auto/fbE/upgrade_reload/normal?lang=auto:0
[-2644397ms] [WARNING] WebGL: INVALID_ENUM: getInternalformatParameter: invalid internalformat @ https://challenges.cloudflare.com/cdn-cgi/challenge-platform/h/g/turnstile/f/av0/rch/cg7ry/0x4AAAAAAAc2BQjPEms9tKlM/auto/fbE/upgrade_reload/normal?lang=auto:0
[-2644395ms] [WARNING] WebGL: INVALID_ENUM: getInternalformatParameter: invalid internalformat when EXT_color_buffer_[half_]float is not enabled @ https://challenges.cloudflare.com/cdn-cgi/challenge-platform/h/g/turnstile/f/av0/rch/cg7ry/0x4AAAAAAAc2BQjPEms9tKlM/auto/fbE/upgrade_reload/normal?lang=auto:0
[-2644395ms] [WARNING] WebGL: INVALID_ENUM: getInternalformatParameter: invalid internalformat when EXT_color_buffer_float is not enabled @ https://challenges.cloudflare.com/cdn-cgi/challenge-platform/h/g/turnstile/f/av0/rch/cg7ry/0x4AAAAAAAc2BQjPEms9tKlM/auto/fbE/upgrade_reload/normal?lang=auto:0
[-2644395ms] [WARNING] WebGL: INVALID_ENUM: getInternalformatParameter: invalid internalformat when EXT_color_buffer_float is not enabled @ https://challenges.cloudflare.com/cdn-cgi/challenge-platform/h/g/turnstile/f/av0/rch/cg7ry/0x4AAAAAAAc2BQjPEms9tKlM/auto/fbE/upgrade_reload/normal?lang=auto:0
[-2644395ms] [WARNING] WebGL: INVALID_ENUM: getInternalformatParameter: invalid internalformat @ https://challenges.cloudflare.com/cdn-cgi/challenge-platform/h/g/turnstile/f/av0/rch/cg7ry/0x4AAAAAAAc2BQjPEms9tKlM/auto/fbE/upgrade_reload/normal?lang=auto:0
[-2644395ms] [WARNING] WebGL: INVALID_ENUM: getInternalformatParameter: invalid internalformat when EXT_color_buffer_[half_]float is not enabled @ https://challenges.cloudflare.com/cdn-cgi/challenge-platform/h/g/turnstile/f/av0/rch/cg7ry/0x4AAAAAAAc2BQjPEms9tKlM/auto/fbE/upgrade_reload/normal?lang=auto:0
[-2644395ms] [WARNING] WebGL: INVALID_ENUM: getInternalformatParameter: invalid internalformat when EXT_color_buffer_float is not enabled @ https://challenges.cloudflare.com/cdn-cgi/challenge-platform/h/g/turnstile/f/av0/rch/cg7ry/0x4AAAAAAAc2BQjPEms9tKlM/auto/fbE/upgrade_reload/normal?lang=auto:0
[-2644395ms] [WARNING] WebGL: INVALID_ENUM: getInternalformatParameter: invalid internalformat when EXT_color_buffer_[half_]float is not enabled @ https://challenges.cloudflare.com/cdn-cgi/challenge-platform/h/g/turnstile/f/av0/rch/cg7ry/0x4AAAAAAAc2BQjPEms9tKlM/auto/fbE/upgrade_reload/normal?lang=auto:0
[-2644395ms] [WARNING] WebGL: INVALID_ENUM: getInternalformatParameter: invalid internalformat when EXT_color_buffer_float is not enabled @ https://challenges.cloudflare.com/cdn-cgi/challenge-platform/h/g/turnstile/f/av0/rch/cg7ry/0x4AAAAAAAc2BQjPEms9tKlM/auto/fbE/upgrade_reload/normal?lang=auto:0
[-2644226ms] [WARNING] The powerPreference option is currently ignored when calling requestAdapter() on Windows. See https://crbug.com/369219127 @ https://challenges.cloudflare.com/cdn-cgi/challenge-platform/h/g/turnstile/f/av0/rch/cg7ry/0x4AAAAAAAc2BQjPEms9tKlM/auto/fbE/upgrade_reload/normal?lang=auto:0
[-2644226ms] [WARNING] The powerPreference option is currently ignored when calling requestAdapter() on Windows. See https://crbug.com/369219127 @ https://challenges.cloudflare.com/cdn-cgi/challenge-platform/h/g/turnstile/f/av0/rch/cg7ry/0x4AAAAAAAc2BQjPEms9tKlM/auto/fbE/upgrade_reload/normal?lang=auto:0
[-2644213ms] [WARNING] No available adapters. @ https://challenges.cloudflare.com/cdn-cgi/challenge-platform/h/g/turnstile/f/av0/rch/cg7ry/0x4AAAAAAAc2BQjPEms9tKlM/auto/fbE/upgrade_reload/normal?lang=auto:0
[-2643780ms] [ERROR] Blocked script execution in 'about:blank' because the document's frame is sandboxed and the 'allow-scripts' permission is not set. @ https://challenges.cloudflare.com/cdn-cgi/challenge-platform/h/g/turnstile/f/av0/rch/cg7ry/0x4AAAAAAAc2BQjPEms9tKlM/auto/fbE/upgrade_reload/normal?lang=auto:0
[-2643780ms] [ERROR] Blocked script execution in 'about:blank' because the document's frame is sandboxed and the 'allow-scripts' permission is not set. @ https://challenges.cloudflare.com/cdn-cgi/challenge-platform/h/g/turnstile/f/av0/rch/cg7ry/0x4AAAAAAAc2BQjPEms9tKlM/auto/fbE/upgrade_reload/normal?lang=auto:0
[-2643777ms] [ERROR] Blocked script execution in 'about:blank' because the document's frame is sandboxed and the 'allow-scripts' permission is not set. @ https://challenges.cloudflare.com/cdn-cgi/challenge-platform/h/g/turnstile/f/av0/rch/cg7ry/0x4AAAAAAAc2BQjPEms9tKlM/auto/fbE/upgrade_reload/normal?lang=auto:0
[-2643685ms] [WARNING] OTS parsing error: Size of decompressed WOFF 2.0 is less than compressed size @ https://challenges.cloudflare.com/cdn-cgi/challenge-platform/h/g/turnstile/f/av0/rch/cg7ry/0x4AAAAAAAc2BQjPEms9tKlM/auto/fbE/upgrade_reload/normal?lang=auto:0
[-2351286ms] [ERROR] Creating a TrustedTypePolicy named 'sanitizer' violates the following Content Security policy directive: "trusted-types nfFM8 default". The action has been blocked. @ chrome-extension://gjkaolmncjlagdhkamocpknlngfbfmnm/content_script.js:4931
[-2350504ms] [ERROR] Blocked script execution in 'about:blank' because the document's frame is sandboxed and the 'allow-scripts' permission is not set. @ https://challenges.cloudflare.com/cdn-cgi/challenge-platform/h/g/turnstile/f/av0/rch/cg7ry/0x4AAAAAAAc2BQjPEms9tKlM/auto/fbE/auto_expire/normal?lang=auto:0
[-2350503ms] [ERROR] Blocked script execution in 'about:blank' because the document's frame is sandboxed and the 'allow-scripts' permission is not set. @ https://challenges.cloudflare.com/cdn-cgi/challenge-platform/h/g/turnstile/f/av0/rch/cg7ry/0x4AAAAAAAc2BQjPEms9tKlM/auto/fbE/auto_expire/normal?lang=auto:0
[-2350498ms] [ERROR] Blocked script execution in 'about:blank' because the document's frame is sandboxed and the 'allow-scripts' permission is not set. @ https://challenges.cloudflare.com/cdn-cgi/challenge-platform/h/g/turnstile/f/av0/rch/cg7ry/0x4AAAAAAAc2BQjPEms9tKlM/auto/fbE/auto_expire/normal?lang=auto:0
[ -719386ms] [ERROR] Blocked script execution in 'about:blank' because the document's frame is sandboxed and the 'allow-scripts' permission is not set. @ https://challenges.cloudflare.com/cdn-cgi/challenge-platform/h/g/turnstile/f/av0/rch/cg7ry/0x4AAAAAAAc2BQjPEms9tKlM/auto/fbE/auto_expire/normal?lang=auto:0
[ -719386ms] [ERROR] Blocked script execution in 'about:blank' because the document's frame is sandboxed and the 'allow-scripts' permission is not set. @ https://challenges.cloudflare.com/cdn-cgi/challenge-platform/h/g/turnstile/f/av0/rch/cg7ry/0x4AAAAAAAc2BQjPEms9tKlM/auto/fbE/auto_expire/normal?lang=auto:0
[ -719379ms] [ERROR] Blocked script execution in 'about:blank' because the document's frame is sandboxed and the 'allow-scripts' permission is not set. @ https://challenges.cloudflare.com/cdn-cgi/challenge-platform/h/g/turnstile/f/av0/rch/cg7ry/0x4AAAAAAAc2BQjPEms9tKlM/auto/fbE/auto_expire/normal?lang=auto:0
[ -716941ms] [WARNING] WebGL: INVALID_ENUM: getInternalformatParameter: invalid internalformat @ https://challenges.cloudflare.com/cdn-cgi/challenge-platform/h/g/turnstile/f/av0/rch/cg7ry/0x4AAAAAAAc2BQjPEms9tKlM/auto/fbE/auto_expire/normal?lang=auto:0
[ -716935ms] [WARNING] WebGL: INVALID_ENUM: getInternalformatParameter: invalid internalformat @ https://challenges.cloudflare.com/cdn-cgi/challenge-platform/h/g/turnstile/f/av0/rch/cg7ry/0x4AAAAAAAc2BQjPEms9tKlM/auto/fbE/auto_expire/normal?lang=auto:0
[ -716928ms] [WARNING] WebGL: INVALID_ENUM: getInternalformatParameter: invalid internalformat @ https://challenges.cloudflare.com/cdn-cgi/challenge-platform/h/g/turnstile/f/av0/rch/cg7ry/0x4AAAAAAAc2BQjPEms9tKlM/auto/fbE/auto_expire/normal?lang=auto:0
[ -716928ms] [WARNING] WebGL: INVALID_ENUM: getInternalformatParameter: invalid internalformat @ https://challenges.cloudflare.com/cdn-cgi/challenge-platform/h/g/turnstile/f/av0/rch/cg7ry/0x4AAAAAAAc2BQjPEms9tKlM/auto/fbE/auto_expire/normal?lang=auto:0
[ -716928ms] [WARNING] WebGL: INVALID_ENUM: getInternalformatParameter: invalid internalformat @ https://challenges.cloudflare.com/cdn-cgi/challenge-platform/h/g/turnstile/f/av0/rch/cg7ry/0x4AAAAAAAc2BQjPEms9tKlM/auto/fbE/auto_expire/normal?lang=auto:0
[ -716928ms] [WARNING] WebGL: INVALID_ENUM: getInternalformatParameter: invalid internalformat @ https://challenges.cloudflare.com/cdn-cgi/challenge-platform/h/g/turnstile/f/av0/rch/cg7ry/0x4AAAAAAAc2BQjPEms9tKlM/auto/fbE/auto_expire/normal?lang=auto:0
[ -716928ms] [WARNING] WebGL: INVALID_ENUM: getInternalformatParameter: invalid internalformat @ https://challenges.cloudflare.com/cdn-cgi/challenge-platform/h/g/turnstile/f/av0/rch/cg7ry/0x4AAAAAAAc2BQjPEms9tKlM/auto/fbE/auto_expire/normal?lang=auto:0
[ -716920ms] [WARNING] WebGL: INVALID_ENUM: getInternalformatParameter: invalid internalformat @ https://challenges.cloudflare.com/cdn-cgi/challenge-platform/h/g/turnstile/f/av0/rch/cg7ry/0x4AAAAAAAc2BQjPEms9tKlM/auto/fbE/auto_expire/normal?lang=auto:0
[ -716918ms] [WARNING] WebGL: INVALID_ENUM: getInternalformatParameter: invalid internalformat @ https://challenges.cloudflare.com/cdn-cgi/challenge-platform/h/g/turnstile/f/av0/rch/cg7ry/0x4AAAAAAAc2BQjPEms9tKlM/auto/fbE/auto_expire/normal?lang=auto:0
[ -716918ms] [WARNING] WebGL: INVALID_ENUM: getInternalformatParameter: invalid internalformat @ https://challenges.cloudflare.com/cdn-cgi/challenge-platform/h/g/turnstile/f/av0/rch/cg7ry/0x4AAAAAAAc2BQjPEms9tKlM/auto/fbE/auto_expire/normal?lang=auto:0
[ -716908ms] [WARNING] WebGL: INVALID_ENUM: getInternalformatParameter: invalid internalformat @ https://challenges.cloudflare.com/cdn-cgi/challenge-platform/h/g/turnstile/f/av0/rch/cg7ry/0x4AAAAAAAc2BQjPEms9tKlM/auto/fbE/auto_expire/normal?lang=auto:0
[ -716881ms] [WARNING] WebGL: INVALID_ENUM: getInternalformatParameter: invalid internalformat when EXT_color_buffer_[half_]float is not enabled @ https://challenges.cloudflare.com/cdn-cgi/challenge-platform/h/g/turnstile/f/av0/rch/cg7ry/0x4AAAAAAAc2BQjPEms9tKlM/auto/fbE/auto_expire/normal?lang=auto:0
[ -716880ms] [WARNING] WebGL: INVALID_ENUM: getInternalformatParameter: invalid internalformat when EXT_color_buffer_float is not enabled @ https://challenges.cloudflare.com/cdn-cgi/challenge-platform/h/g/turnstile/f/av0/rch/cg7ry/0x4AAAAAAAc2BQjPEms9tKlM/auto/fbE/auto_expire/normal?lang=auto:0
[ -716879ms] [WARNING] WebGL: INVALID_ENUM: getInternalformatParameter: invalid internalformat when EXT_color_buffer_float is not enabled @ https://challenges.cloudflare.com/cdn-cgi/challenge-platform/h/g/turnstile/f/av0/rch/cg7ry/0x4AAAAAAAc2BQjPEms9tKlM/auto/fbE/auto_expire/normal?lang=auto:0
[ -716877ms] [WARNING] WebGL: INVALID_ENUM: getInternalformatParameter: invalid internalformat @ https://challenges.cloudflare.com/cdn-cgi/challenge-platform/h/g/turnstile/f/av0/rch/cg7ry/0x4AAAAAAAc2BQjPEms9tKlM/auto/fbE/auto_expire/normal?lang=auto:0
[ -716877ms] [WARNING] WebGL: INVALID_ENUM: getInternalformatParameter: invalid internalformat when EXT_color_buffer_[half_]float is not enabled @ https://challenges.cloudflare.com/cdn-cgi/challenge-platform/h/g/turnstile/f/av0/rch/cg7ry/0x4AAAAAAAc2BQjPEms9tKlM/auto/fbE/auto_expire/normal?lang=auto:0
[ -716875ms] [WARNING] WebGL: INVALID_ENUM: getInternalformatParameter: invalid internalformat when EXT_color_buffer_float is not enabled @ https://challenges.cloudflare.com/cdn-cgi/challenge-platform/h/g/turnstile/f/av0/rch/cg7ry/0x4AAAAAAAc2BQjPEms9tKlM/auto/fbE/auto_expire/normal?lang=auto:0
[ -716872ms] [WARNING] WebGL: INVALID_ENUM: getInternalformatParameter: invalid internalformat when EXT_color_buffer_[half_]float is not enabled @ https://challenges.cloudflare.com/cdn-cgi/challenge-platform/h/g/turnstile/f/av0/rch/cg7ry/0x4AAAAAAAc2BQjPEms9tKlM/auto/fbE/auto_expire/normal?lang=auto:0
[ -716870ms] [WARNING] WebGL: INVALID_ENUM: getInternalformatParameter: invalid internalformat when EXT_color_buffer_float is not enabled @ https://challenges.cloudflare.com/cdn-cgi/challenge-platform/h/g/turnstile/f/av0/rch/cg7ry/0x4AAAAAAAc2BQjPEms9tKlM/auto/fbE/auto_expire/normal?lang=auto:0
[ -711094ms] [WARNING] The powerPreference option is currently ignored when calling requestAdapter() on Windows. See https://crbug.com/369219127 @ https://challenges.cloudflare.com/cdn-cgi/challenge-platform/h/g/turnstile/f/av0/rch/cg7ry/0x4AAAAAAAc2BQjPEms9tKlM/auto/fbE/auto_expire/normal?lang=auto:0
[ -711090ms] [WARNING] The powerPreference option is currently ignored when calling requestAdapter() on Windows. See https://crbug.com/369219127 @ https://challenges.cloudflare.com/cdn-cgi/challenge-platform/h/g/turnstile/f/av0/rch/cg7ry/0x4AAAAAAAc2BQjPEms9tKlM/auto/fbE/auto_expire/normal?lang=auto:0
[ -710784ms] [WARNING] No available adapters. @ https://challenges.cloudflare.com/cdn-cgi/challenge-platform/h/g/turnstile/f/av0/rch/cg7ry/0x4AAAAAAAc2BQjPEms9tKlM/auto/fbE/auto_expire/normal?lang=auto:0
[ -707336ms] [WARNING] OTS parsing error: Size of decompressed WOFF 2.0 is less than compressed size @ https://challenges.cloudflare.com/cdn-cgi/challenge-platform/h/g/turnstile/f/av0/rch/cg7ry/0x4AAAAAAAc2BQjPEms9tKlM/auto/fbE/auto_expire/normal?lang=auto:0
[ -704965ms] [ERROR] Failed to load resource: the server responded with a status of 400 () @ https://challenges.cloudflare.com/cdn-cgi/challenge-platform/h/g/ci/a25430250e99cb96/1785748216967/C5426Hgj.QfnyfKFNJ5mkZ9UfPQsTzxZnTP1sjSTXj4-1785748216-1.3.1.1-ceDmj85kAbKzjmqRHfP5jZHUNB8bYz9DtwrBWIPiaymCL3NKgM_pqSjNAjVaM1rFLZc4.VDuwu._TySz2sC7u3fHKPDeZWz4h5XL0cZ4xXuhKDz.1uL7AzkC3bH2mTCcp6yuysNM8oCMmuji6CPo0n0ZuNrUz.yTF5ZeLuGhfi9L.lOTvNkAvomUx5BmqWFSKrntftCRqmv7XaOm3VA5ty1O8GulC_r3qUrLEYTPAIpfXW39Uq3VUipAThGldLXtf1d.VPncKEqH1YXtlc9XyZvcGxbvj0iwCuR0xSlvlKk8x5psYFA3unAMqh5KVvenkTcgCsl91ohqXHyqORSMZH7IfS1JxaEVx.hMsK4DLjbV.ukQOAMx_nGGG6HgFAwTqy12ZAIc_LYiuGXf9Z2z9YmIApL6V7O.GAOCmmObUJQzk3W6PzrwO0ErL5CjnkT0A8SIAgf2wWWDJwjh4FQ0eOrldtd5IPQq2AH2kRXkeLnamK_L7b0YVsHo7YhWY2BZ1tfCTYBAsauq5ULyS8c4.xS_A1QWdGb0iyFD.hO4tCT3WU_oPSitRkZjjPyBXnyv9Id1p_nNiVDdvXrVHcpbrv2AO231oH5hAtiCJl86K.Ntj8Z0OY1Mw6YEnVZCgwvRWGmme8YIjJv3tHff9mSj8G_LlAJMziRiNTj4Wv4MNioJMTM23DN3ViW9u_WidCbJZKSnx7KITzIN2A_qzSkdlvL.gh7937vwS1YQMPaUb6o:0
[ -700682ms] [ERROR] Failed to load resource: the server responded with a status of 400 () @ https://challenges.cloudflare.com/cdn-cgi/challenge-platform/h/g/fo/3654541318:1785744017:dQ_GYsJZeDeI3abWVUvIrvFwQJtfQuhU7fedU1gUe-0/a25430250e99cb96/QIjIqV138ksHRhw59x6HSrraZaxXu1wRyEJ_Bb32z4s-1785748214-1.2.1.1-CSXahLZcUGb_eixT7M1yErU94R3xg8xPwN1Sqc8FolQpI_iXSLyLZRyaVZq4VIDu:0
[ -673809ms] [ERROR] Creating a TrustedTypePolicy named 'sanitizer' violates the following Content Security policy directive: "trusted-types nfFM8 default". The action has been blocked. @ chrome-extension://gjkaolmncjlagdhkamocpknlngfbfmnm/content_script.js:4931
[ -673416ms] [ERROR] Blocked script execution in 'about:blank' because the document's frame is sandboxed and the 'allow-scripts' permission is not set. @ https://challenges.cloudflare.com/cdn-cgi/challenge-platform/h/g/turnstile/f/av0/rchlEUlPuBW.GM8SOgJtX0RHtECCWF7QN1bMg5cjjPWTO0-1785748214-1.3.1.1-1tL_8TMx7sxmzq.NL9zQ3990ADitL91d9j38YYoz5_4/cg7ry/0x4AAAAAAAc2BQjPEms9tKlM/auto/fbE/failure_retry/normal?lang=auto:0
[ -673416ms] [ERROR] Blocked script execution in 'about:blank' because the document's frame is sandboxed and the 'allow-scripts' permission is not set. @ https://challenges.cloudflare.com/cdn-cgi/challenge-platform/h/g/turnstile/f/av0/rchlEUlPuBW.GM8SOgJtX0RHtECCWF7QN1bMg5cjjPWTO0-1785748214-1.3.1.1-1tL_8TMx7sxmzq.NL9zQ3990ADitL91d9j38YYoz5_4/cg7ry/0x4AAAAAAAc2BQjPEms9tKlM/auto/fbE/failure_retry/normal?lang=auto:0
[ -673414ms] [ERROR] Blocked script execution in 'about:blank' because the document's frame is sandboxed and the 'allow-scripts' permission is not set. @ https://challenges.cloudflare.com/cdn-cgi/challenge-platform/h/g/turnstile/f/av0/rchlEUlPuBW.GM8SOgJtX0RHtECCWF7QN1bMg5cjjPWTO0-1785748214-1.3.1.1-1tL_8TMx7sxmzq.NL9zQ3990ADitL91d9j38YYoz5_4/cg7ry/0x4AAAAAAAc2BQjPEms9tKlM/auto/fbE/failure_retry/normal?lang=auto:0
[ -671338ms] [ERROR] Blocked script execution in 'about:blank' because the document's frame is sandboxed and the 'allow-scripts' permission is not set. @ https://challenges.cloudflare.com/cdn-cgi/challenge-platform/h/g/turnstile/f/av0/rchlEUlPuBW.GM8SOgJtX0RHtECCWF7QN1bMg5cjjPWTO0-1785748214-1.3.1.1-1tL_8TMx7sxmzq.NL9zQ3990ADitL91d9j38YYoz5_4/cg7ry/0x4AAAAAAAc2BQjPEms9tKlM/auto/fbE/failure_retry/normal?lang=auto:0
[ -671338ms] [ERROR] Blocked script execution in 'about:blank' because the document's frame is sandboxed and the 'allow-scripts' permission is not set. @ https://challenges.cloudflare.com/cdn-cgi/challenge-platform/h/g/turnstile/f/av0/rchlEUlPuBW.GM8SOgJtX0RHtECCWF7QN1bMg5cjjPWTO0-1785748214-1.3.1.1-1tL_8TMx7sxmzq.NL9zQ3990ADitL91d9j38YYoz5_4/cg7ry/0x4AAAAAAAc2BQjPEms9tKlM/auto/fbE/failure_retry/normal?lang=auto:0
[ -671337ms] [ERROR] Blocked script execution in 'about:blank' because the document's frame is sandboxed and the 'allow-scripts' permission is not set. @ https://challenges.cloudflare.com/cdn-cgi/challenge-platform/h/g/turnstile/f/av0/rchlEUlPuBW.GM8SOgJtX0RHtECCWF7QN1bMg5cjjPWTO0-1785748214-1.3.1.1-1tL_8TMx7sxmzq.NL9zQ3990ADitL91d9j38YYoz5_4/cg7ry/0x4AAAAAAAc2BQjPEms9tKlM/auto/fbE/failure_retry/normal?lang=auto:0
[ -671121ms] [WARNING] WebGL: INVALID_ENUM: getInternalformatParameter: invalid internalformat @ https://challenges.cloudflare.com/cdn-cgi/challenge-platform/h/g/turnstile/f/av0/rchlEUlPuBW.GM8SOgJtX0RHtECCWF7QN1bMg5cjjPWTO0-1785748214-1.3.1.1-1tL_8TMx7sxmzq.NL9zQ3990ADitL91d9j38YYoz5_4/cg7ry/0x4AAAAAAAc2BQjPEms9tKlM/auto/fbE/failure_retry/normal?lang=auto:0
[ -671120ms] [WARNING] WebGL: INVALID_ENUM: getInternalformatParameter: invalid internalformat @ https://challenges.cloudflare.com/cdn-cgi/challenge-platform/h/g/turnstile/f/av0/rchlEUlPuBW.GM8SOgJtX0RHtECCWF7QN1bMg5cjjPWTO0-1785748214-1.3.1.1-1tL_8TMx7sxmzq.NL9zQ3990ADitL91d9j38YYoz5_4/cg7ry/0x4AAAAAAAc2BQjPEms9tKlM/auto/fbE/failure_retry/normal?lang=auto:0
[ -671119ms] [WARNING] WebGL: INVALID_ENUM: getInternalformatParameter: invalid internalformat @ https://challenges.cloudflare.com/cdn-cgi/challenge-platform/h/g/turnstile/f/av0/rchlEUlPuBW.GM8SOgJtX0RHtECCWF7QN1bMg5cjjPWTO0-1785748214-1.3.1.1-1tL_8TMx7sxmzq.NL9zQ3990ADitL91d9j38YYoz5_4/cg7ry/0x4AAAAAAAc2BQjPEms9tKlM/auto/fbE/failure_retry/normal?lang=auto:0
[ -671119ms] [WARNING] WebGL: INVALID_ENUM: getInternalformatParameter: invalid internalformat @ https://challenges.cloudflare.com/cdn-cgi/challenge-platform/h/g/turnstile/f/av0/rchlEUlPuBW.GM8SOgJtX0RHtECCWF7QN1bMg5cjjPWTO0-1785748214-1.3.1.1-1tL_8TMx7sxmzq.NL9zQ3990ADitL91d9j38YYoz5_4/cg7ry/0x4AAAAAAAc2BQjPEms9tKlM/auto/fbE/failure_retry/normal?lang=auto:0
[ -671119ms] [WARNING] WebGL: INVALID_ENUM: getInternalformatParameter: invalid internalformat @ https://challenges.cloudflare.com/cdn-cgi/challenge-platform/h/g/turnstile/f/av0/rchlEUlPuBW.GM8SOgJtX0RHtECCWF7QN1bMg5cjjPWTO0-1785748214-1.3.1.1-1tL_8TMx7sxmzq.NL9zQ3990ADitL91d9j38YYoz5_4/cg7ry/0x4AAAAAAAc2BQjPEms9tKlM/auto/fbE/failure_retry/normal?lang=auto:0
[ -671119ms] [WARNING] WebGL: INVALID_ENUM: getInternalformatParameter: invalid internalformat @ https://challenges.cloudflare.com/cdn-cgi/challenge-platform/h/g/turnstile/f/av0/rchlEUlPuBW.GM8SOgJtX0RHtECCWF7QN1bMg5cjjPWTO0-1785748214-1.3.1.1-1tL_8TMx7sxmzq.NL9zQ3990ADitL91d9j38YYoz5_4/cg7ry/0x4AAAAAAAc2BQjPEms9tKlM/auto/fbE/failure_retry/normal?lang=auto:0
[ -671119ms] [WARNING] WebGL: INVALID_ENUM: getInternalformatParameter: invalid internalformat @ https://challenges.cloudflare.com/cdn-cgi/challenge-platform/h/g/turnstile/f/av0/rchlEUlPuBW.GM8SOgJtX0RHtECCWF7QN1bMg5cjjPWTO0-1785748214-1.3.1.1-1tL_8TMx7sxmzq.NL9zQ3990ADitL91d9j38YYoz5_4/cg7ry/0x4AAAAAAAc2BQjPEms9tKlM/auto/fbE/failure_retry/normal?lang=auto:0
[ -671119ms] [WARNING] WebGL: INVALID_ENUM: getInternalformatParameter: invalid internalformat @ https://challenges.cloudflare.com/cdn-cgi/challenge-platform/h/g/turnstile/f/av0/rchlEUlPuBW.GM8SOgJtX0RHtECCWF7QN1bMg5cjjPWTO0-1785748214-1.3.1.1-1tL_8TMx7sxmzq.NL9zQ3990ADitL91d9j38YYoz5_4/cg7ry/0x4AAAAAAAc2BQjPEms9tKlM/auto/fbE/failure_retry/normal?lang=auto:0
[ -671119ms] [WARNING] WebGL: INVALID_ENUM: getInternalformatParameter: invalid internalformat @ https://challenges.cloudflare.com/cdn-cgi/challenge-platform/h/g/turnstile/f/av0/rchlEUlPuBW.GM8SOgJtX0RHtECCWF7QN1bMg5cjjPWTO0-1785748214-1.3.1.1-1tL_8TMx7sxmzq.NL9zQ3990ADitL91d9j38YYoz5_4/cg7ry/0x4AAAAAAAc2BQjPEms9tKlM/auto/fbE/failure_retry/normal?lang=auto:0
[ -671119ms] [WARNING] WebGL: INVALID_ENUM: getInternalformatParameter: invalid internalformat @ https://challenges.cloudflare.com/cdn-cgi/challenge-platform/h/g/turnstile/f/av0/rchlEUlPuBW.GM8SOgJtX0RHtECCWF7QN1bMg5cjjPWTO0-1785748214-1.3.1.1-1tL_8TMx7sxmzq.NL9zQ3990ADitL91d9j38YYoz5_4/cg7ry/0x4AAAAAAAc2BQjPEms9tKlM/auto/fbE/failure_retry/normal?lang=auto:0
[ -671118ms] [WARNING] WebGL: INVALID_ENUM: getInternalformatParameter: invalid internalformat @ https://challenges.cloudflare.com/cdn-cgi/challenge-platform/h/g/turnstile/f/av0/rchlEUlPuBW.GM8SOgJtX0RHtECCWF7QN1bMg5cjjPWTO0-1785748214-1.3.1.1-1tL_8TMx7sxmzq.NL9zQ3990ADitL91d9j38YYoz5_4/cg7ry/0x4AAAAAAAc2BQjPEms9tKlM/auto/fbE/failure_retry/normal?lang=auto:0
[ -671117ms] [WARNING] WebGL: INVALID_ENUM: getInternalformatParameter: invalid internalformat when EXT_color_buffer_[half_]float is not enabled @ https://challenges.cloudflare.com/cdn-cgi/challenge-platform/h/g/turnstile/f/av0/rchlEUlPuBW.GM8SOgJtX0RHtECCWF7QN1bMg5cjjPWTO0-1785748214-1.3.1.1-1tL_8TMx7sxmzq.NL9zQ3990ADitL91d9j38YYoz5_4/cg7ry/0x4AAAAAAAc2BQjPEms9tKlM/auto/fbE/failure_retry/normal?lang=auto:0
[ -671116ms] [WARNING] WebGL: INVALID_ENUM: getInternalformatParameter: invalid internalformat when EXT_color_buffer_float is not enabled @ https://challenges.cloudflare.com/cdn-cgi/challenge-platform/h/g/turnstile/f/av0/rchlEUlPuBW.GM8SOgJtX0RHtECCWF7QN1bMg5cjjPWTO0-1785748214-1.3.1.1-1tL_8TMx7sxmzq.NL9zQ3990ADitL91d9j38YYoz5_4/cg7ry/0x4AAAAAAAc2BQjPEms9tKlM/auto/fbE/failure_retry/normal?lang=auto:0
[ -671116ms] [WARNING] WebGL: INVALID_ENUM: getInternalformatParameter: invalid internalformat when EXT_color_buffer_float is not enabled @ https://challenges.cloudflare.com/cdn-cgi/challenge-platform/h/g/turnstile/f/av0/rchlEUlPuBW.GM8SOgJtX0RHtECCWF7QN1bMg5cjjPWTO0-1785748214-1.3.1.1-1tL_8TMx7sxmzq.NL9zQ3990ADitL91d9j38YYoz5_4/cg7ry/0x4AAAAAAAc2BQjPEms9tKlM/auto/fbE/failure_retry/normal?lang=auto:0
[ -671116ms] [WARNING] WebGL: INVALID_ENUM: getInternalformatParameter: invalid internalformat @ https://challenges.cloudflare.com/cdn-cgi/challenge-platform/h/g/turnstile/f/av0/rchlEUlPuBW.GM8SOgJtX0RHtECCWF7QN1bMg5cjjPWTO0-1785748214-1.3.1.1-1tL_8TMx7sxmzq.NL9zQ3990ADitL91d9j38YYoz5_4/cg7ry/0x4AAAAAAAc2BQjPEms9tKlM/auto/fbE/failure_retry/normal?lang=auto:0
[ -671116ms] [WARNING] WebGL: INVALID_ENUM: getInternalformatParameter: invalid internalformat when EXT_color_buffer_[half_]float is not enabled @ https://challenges.cloudflare.com/cdn-cgi/challenge-platform/h/g/turnstile/f/av0/rchlEUlPuBW.GM8SOgJtX0RHtECCWF7QN1bMg5cjjPWTO0-1785748214-1.3.1.1-1tL_8TMx7sxmzq.NL9zQ3990ADitL91d9j38YYoz5_4/cg7ry/0x4AAAAAAAc2BQjPEms9tKlM/auto/fbE/failure_retry/normal?lang=auto:0
[ -671116ms] [WARNING] WebGL: INVALID_ENUM: getInternalformatParameter: invalid internalformat when EXT_color_buffer_float is not enabled @ https://challenges.cloudflare.com/cdn-cgi/challenge-platform/h/g/turnstile/f/av0/rchlEUlPuBW.GM8SOgJtX0RHtECCWF7QN1bMg5cjjPWTO0-1785748214-1.3.1.1-1tL_8TMx7sxmzq.NL9zQ3990ADitL91d9j38YYoz5_4/cg7ry/0x4AAAAAAAc2BQjPEms9tKlM/auto/fbE/failure_retry/normal?lang=auto:0
[ -671116ms] [WARNING] WebGL: INVALID_ENUM: getInternalformatParameter: invalid internalformat when EXT_color_buffer_[half_]float is not enabled @ https://challenges.cloudflare.com/cdn-cgi/challenge-platform/h/g/turnstile/f/av0/rchlEUlPuBW.GM8SOgJtX0RHtECCWF7QN1bMg5cjjPWTO0-1785748214-1.3.1.1-1tL_8TMx7sxmzq.NL9zQ3990ADitL91d9j38YYoz5_4/cg7ry/0x4AAAAAAAc2BQjPEms9tKlM/auto/fbE/failure_retry/normal?lang=auto:0
[ -671116ms] [WARNING] WebGL: INVALID_ENUM: getInternalformatParameter: invalid internalformat when EXT_color_buffer_float is not enabled @ https://challenges.cloudflare.com/cdn-cgi/challenge-platform/h/g/turnstile/f/av0/rchlEUlPuBW.GM8SOgJtX0RHtECCWF7QN1bMg5cjjPWTO0-1785748214-1.3.1.1-1tL_8TMx7sxmzq.NL9zQ3990ADitL91d9j38YYoz5_4/cg7ry/0x4AAAAAAAc2BQjPEms9tKlM/auto/fbE/failure_retry/normal?lang=auto:0
[ -670944ms] [WARNING] OTS parsing error: Size of decompressed WOFF 2.0 is less than compressed size @ https://challenges.cloudflare.com/cdn-cgi/challenge-platform/h/g/turnstile/f/av0/rchlEUlPuBW.GM8SOgJtX0RHtECCWF7QN1bMg5cjjPWTO0-1785748214-1.3.1.1-1tL_8TMx7sxmzq.NL9zQ3990ADitL91d9j38YYoz5_4/cg7ry/0x4AAAAAAAc2BQjPEms9tKlM/auto/fbE/failure_retry/normal?lang=auto:0
[ -670921ms] [WARNING] The powerPreference option is currently ignored when calling requestAdapter() on Windows. See https://crbug.com/369219127 @ https://challenges.cloudflare.com/cdn-cgi/challenge-platform/h/g/turnstile/f/av0/rchlEUlPuBW.GM8SOgJtX0RHtECCWF7QN1bMg5cjjPWTO0-1785748214-1.3.1.1-1tL_8TMx7sxmzq.NL9zQ3990ADitL91d9j38YYoz5_4/cg7ry/0x4AAAAAAAc2BQjPEms9tKlM/auto/fbE/failure_retry/normal?lang=auto:0
[ -670921ms] [WARNING] The powerPreference option is currently ignored when calling requestAdapter() on Windows. See https://crbug.com/369219127 @ https://challenges.cloudflare.com/cdn-cgi/challenge-platform/h/g/turnstile/f/av0/rchlEUlPuBW.GM8SOgJtX0RHtECCWF7QN1bMg5cjjPWTO0-1785748214-1.3.1.1-1tL_8TMx7sxmzq.NL9zQ3990ADitL91d9j38YYoz5_4/cg7ry/0x4AAAAAAAc2BQjPEms9tKlM/auto/fbE/failure_retry/normal?lang=auto:0
[ -670897ms] [WARNING] No available adapters. @ https://challenges.cloudflare.com/cdn-cgi/challenge-platform/h/g/turnstile/f/av0/rchlEUlPuBW.GM8SOgJtX0RHtECCWF7QN1bMg5cjjPWTO0-1785748214-1.3.1.1-1tL_8TMx7sxmzq.NL9zQ3990ADitL91d9j38YYoz5_4/cg7ry/0x4AAAAAAAc2BQjPEms9tKlM/auto/fbE/failure_retry/normal?lang=auto:0
[ -376726ms] [ERROR] Creating a TrustedTypePolicy named 'sanitizer' violates the following Content Security policy directive: "trusted-types nfFM8 default". The action has been blocked. @ chrome-extension://gjkaolmncjlagdhkamocpknlngfbfmnm/content_script.js:4931
[ -376339ms] [ERROR] Blocked script execution in 'about:blank' because the document's frame is sandboxed and the 'allow-scripts' permission is not set. @ https://challenges.cloudflare.com/cdn-cgi/challenge-platform/h/g/turnstile/f/av0/rch/cg7ry/0x4AAAAAAAc2BQjPEms9tKlM/auto/fbE/auto_expire/normal?lang=auto:0
[ -376339ms] [ERROR] Blocked script execution in 'about:blank' because the document's frame is sandboxed and the 'allow-scripts' permission is not set. @ https://challenges.cloudflare.com/cdn-cgi/challenge-platform/h/g/turnstile/f/av0/rch/cg7ry/0x4AAAAAAAc2BQjPEms9tKlM/auto/fbE/auto_expire/normal?lang=auto:0
[ -376335ms] [ERROR] Blocked script execution in 'about:blank' because the document's frame is sandboxed and the 'allow-scripts' permission is not set. @ https://challenges.cloudflare.com/cdn-cgi/challenge-platform/h/g/turnstile/f/av0/rch/cg7ry/0x4AAAAAAAc2BQjPEms9tKlM/auto/fbE/auto_expire/normal?lang=auto:0
[ -372426ms] [WARNING] WebGL: INVALID_ENUM: getInternalformatParameter: invalid internalformat @ https://challenges.cloudflare.com/cdn-cgi/challenge-platform/h/g/turnstile/f/av0/rch/cg7ry/0x4AAAAAAAc2BQjPEms9tKlM/auto/fbE/auto_expire/normal?lang=auto:0
[ -372422ms] [WARNING] WebGL: INVALID_ENUM: getInternalformatParameter: invalid internalformat @ https://challenges.cloudflare.com/cdn-cgi/challenge-platform/h/g/turnstile/f/av0/rch/cg7ry/0x4AAAAAAAc2BQjPEms9tKlM/auto/fbE/auto_expire/normal?lang=auto:0
[ -372418ms] [WARNING] WebGL: INVALID_ENUM: getInternalformatParameter: invalid internalformat @ https://challenges.cloudflare.com/cdn-cgi/challenge-platform/h/g/turnstile/f/av0/rch/cg7ry/0x4AAAAAAAc2BQjPEms9tKlM/auto/fbE/auto_expire/normal?lang=auto:0
[ -372418ms] [WARNING] WebGL: INVALID_ENUM: getInternalformatParameter: invalid internalformat @ https://challenges.cloudflare.com/cdn-cgi/challenge-platform/h/g/turnstile/f/av0/rch/cg7ry/0x4AAAAAAAc2BQjPEms9tKlM/auto/fbE/auto_expire/normal?lang=auto:0
[ -372418ms] [WARNING] WebGL: INVALID_ENUM: getInternalformatParameter: invalid internalformat @ https://challenges.cloudflare.com/cdn-cgi/challenge-platform/h/g/turnstile/f/av0/rch/cg7ry/0x4AAAAAAAc2BQjPEms9tKlM/auto/fbE/auto_expire/normal?lang=auto:0
[ -372417ms] [WARNING] WebGL: INVALID_ENUM: getInternalformatParameter: invalid internalformat @ https://challenges.cloudflare.com/cdn-cgi/challenge-platform/h/g/turnstile/f/av0/rch/cg7ry/0x4AAAAAAAc2BQjPEms9tKlM/auto/fbE/auto_expire/normal?lang=auto:0
[ -372417ms] [WARNING] WebGL: INVALID_ENUM: getInternalformatParameter: invalid internalformat @ https://challenges.cloudflare.com/cdn-cgi/challenge-platform/h/g/turnstile/f/av0/rch/cg7ry/0x4AAAAAAAc2BQjPEms9tKlM/auto/fbE/auto_expire/normal?lang=auto:0
[ -372417ms] [WARNING] WebGL: INVALID_ENUM: getInternalformatParameter: invalid internalformat @ https://challenges.cloudflare.com/cdn-cgi/challenge-platform/h/g/turnstile/f/av0/rch/cg7ry/0x4AAAAAAAc2BQjPEms9tKlM/auto/fbE/auto_expire/normal?lang=auto:0
[ -372416ms] [WARNING] WebGL: INVALID_ENUM: getInternalformatParameter: invalid internalformat @ https://challenges.cloudflare.com/cdn-cgi/challenge-platform/h/g/turnstile/f/av0/rch/cg7ry/0x4AAAAAAAc2BQjPEms9tKlM/auto/fbE/auto_expire/normal?lang=auto:0
[ -372416ms] [WARNING] WebGL: INVALID_ENUM: getInternalformatParameter: invalid internalformat @ https://challenges.cloudflare.com/cdn-cgi/challenge-platform/h/g/turnstile/f/av0/rch/cg7ry/0x4AAAAAAAc2BQjPEms9tKlM/auto/fbE/auto_expire/normal?lang=auto:0
[ -372414ms] [WARNING] WebGL: INVALID_ENUM: getInternalformatParameter: invalid internalformat @ https://challenges.cloudflare.com/cdn-cgi/challenge-platform/h/g/turnstile/f/av0/rch/cg7ry/0x4AAAAAAAc2BQjPEms9tKlM/auto/fbE/auto_expire/normal?lang=auto:0
[ -372335ms] [WARNING] WebGL: INVALID_ENUM: getInternalformatParameter: invalid internalformat when EXT_color_buffer_[half_]float is not enabled @ https://challenges.cloudflare.com/cdn-cgi/challenge-platform/h/g/turnstile/f/av0/rch/cg7ry/0x4AAAAAAAc2BQjPEms9tKlM/auto/fbE/auto_expire/normal?lang=auto:0
[ -372334ms] [WARNING] WebGL: INVALID_ENUM: getInternalformatParameter: invalid internalformat when EXT_color_buffer_float is not enabled @ https://challenges.cloudflare.com/cdn-cgi/challenge-platform/h/g/turnstile/f/av0/rch/cg7ry/0x4AAAAAAAc2BQjPEms9tKlM/auto/fbE/auto_expire/normal?lang=auto:0
[ -372334ms] [WARNING] WebGL: INVALID_ENUM: getInternalformatParameter: invalid internalformat when EXT_color_buffer_float is not enabled @ https://challenges.cloudflare.com/cdn-cgi/challenge-platform/h/g/turnstile/f/av0/rch/cg7ry/0x4AAAAAAAc2BQjPEms9tKlM/auto/fbE/auto_expire/normal?lang=auto:0
[ -372333ms] [WARNING] WebGL: INVALID_ENUM: getInternalformatParameter: invalid internalformat @ https://challenges.cloudflare.com/cdn-cgi/challenge-platform/h/g/turnstile/f/av0/rch/cg7ry/0x4AAAAAAAc2BQjPEms9tKlM/auto/fbE/auto_expire/normal?lang=auto:0
[ -372333ms] [WARNING] WebGL: INVALID_ENUM: getInternalformatParameter: invalid internalformat when EXT_color_buffer_[half_]float is not enabled @ https://challenges.cloudflare.com/cdn-cgi/challenge-platform/h/g/turnstile/f/av0/rch/cg7ry/0x4AAAAAAAc2BQjPEms9tKlM/auto/fbE/auto_expire/normal?lang=auto:0
[ -372333ms] [WARNING] WebGL: INVALID_ENUM: getInternalformatParameter: invalid internalformat when EXT_color_buffer_float is not enabled @ https://challenges.cloudflare.com/cdn-cgi/challenge-platform/h/g/turnstile/f/av0/rch/cg7ry/0x4AAAAAAAc2BQjPEms9tKlM/auto/fbE/auto_expire/normal?lang=auto:0
[ -372332ms] [WARNING] WebGL: INVALID_ENUM: getInternalformatParameter: invalid internalformat when EXT_color_buffer_[half_]float is not enabled @ https://challenges.cloudflare.com/cdn-cgi/challenge-platform/h/g/turnstile/f/av0/rch/cg7ry/0x4AAAAAAAc2BQjPEms9tKlM/auto/fbE/auto_expire/normal?lang=auto:0
[ -372332ms] [WARNING] WebGL: INVALID_ENUM: getInternalformatParameter: invalid internalformat when EXT_color_buffer_float is not enabled @ https://challenges.cloudflare.com/cdn-cgi/challenge-platform/h/g/turnstile/f/av0/rch/cg7ry/0x4AAAAAAAc2BQjPEms9tKlM/auto/fbE/auto_expire/normal?lang=auto:0
[ -371813ms] [WARNING] The powerPreference option is currently ignored when calling requestAdapter() on Windows. See https://crbug.com/369219127 @ https://challenges.cloudflare.com/cdn-cgi/challenge-platform/h/g/turnstile/f/av0/rch/cg7ry/0x4AAAAAAAc2BQjPEms9tKlM/auto/fbE/auto_expire/normal?lang=auto:0
[ -371813ms] [WARNING] The powerPreference option is currently ignored when calling requestAdapter() on Windows. See https://crbug.com/369219127 @ https://challenges.cloudflare.com/cdn-cgi/challenge-platform/h/g/turnstile/f/av0/rch/cg7ry/0x4AAAAAAAc2BQjPEms9tKlM/auto/fbE/auto_expire/normal?lang=auto:0
[ -371773ms] [WARNING] No available adapters. @ https://challenges.cloudflare.com/cdn-cgi/challenge-platform/h/g/turnstile/f/av0/rch/cg7ry/0x4AAAAAAAc2BQjPEms9tKlM/auto/fbE/auto_expire/normal?lang=auto:0
[ -371215ms] [WARNING] OTS parsing error: Size of decompressed WOFF 2.0 is less than compressed size @ https://challenges.cloudflare.com/cdn-cgi/challenge-platform/h/g/turnstile/f/av0/rch/cg7ry/0x4AAAAAAAc2BQjPEms9tKlM/auto/fbE/auto_expire/normal?lang=auto:0
[ -370767ms] [ERROR] Blocked script execution in 'about:blank' because the document's frame is sandboxed and the 'allow-scripts' permission is not set. @ https://challenges.cloudflare.com/cdn-cgi/challenge-platform/h/g/turnstile/f/av0/rch/cg7ry/0x4AAAAAAAc2BQjPEms9tKlM/auto/fbE/auto_expire/normal?lang=auto:0
[ -370767ms] [ERROR] Blocked script execution in 'about:blank' because the document's frame is sandboxed and the 'allow-scripts' permission is not set. @ https://challenges.cloudflare.com/cdn-cgi/challenge-platform/h/g/turnstile/f/av0/rch/cg7ry/0x4AAAAAAAc2BQjPEms9tKlM/auto/fbE/auto_expire/normal?lang=auto:0
[ -370759ms] [ERROR] Blocked script execution in 'about:blank' because the document's frame is sandboxed and the 'allow-scripts' permission is not set. @ https://challenges.cloudflare.com/cdn-cgi/challenge-platform/h/g/turnstile/f/av0/rch/cg7ry/0x4AAAAAAAc2BQjPEms9tKlM/auto/fbE/auto_expire/normal?lang=auto:0
[  -75482ms] [ERROR] Creating a TrustedTypePolicy named 'sanitizer' violates the following Content Security policy directive: "trusted-types nfFM8 default". The action has been blocked. @ chrome-extension://gjkaolmncjlagdhkamocpknlngfbfmnm/content_script.js:4931
[  -74690ms] [ERROR] Blocked script execution in 'about:blank' because the document's frame is sandboxed and the 'allow-scripts' permission is not set. @ https://challenges.cloudflare.com/cdn-cgi/challenge-platform/h/g/turnstile/f/av0/rch/cg7ry/0x4AAAAAAAc2BQjPEms9tKlM/auto/fbE/auto_expire/normal?lang=auto:0
[  -74690ms] [ERROR] Blocked script execution in 'about:blank' because the document's frame is sandboxed and the 'allow-scripts' permission is not set. @ https://challenges.cloudflare.com/cdn-cgi/challenge-platform/h/g/turnstile/f/av0/rch/cg7ry/0x4AAAAAAAc2BQjPEms9tKlM/auto/fbE/auto_expire/normal?lang=auto:0
[  -74688ms] [ERROR] Blocked script execution in 'about:blank' because the document's frame is sandboxed and the 'allow-scripts' permission is not set. @ https://challenges.cloudflare.com/cdn-cgi/challenge-platform/h/g/turnstile/f/av0/rch/cg7ry/0x4AAAAAAAc2BQjPEms9tKlM/auto/fbE/auto_expire/normal?lang=auto:0
[  -71326ms] [WARNING] WebGL: INVALID_ENUM: getInternalformatParameter: invalid internalformat @ https://challenges.cloudflare.com/cdn-cgi/challenge-platform/h/g/turnstile/f/av0/rch/cg7ry/0x4AAAAAAAc2BQjPEms9tKlM/auto/fbE/auto_expire/normal?lang=auto:0
[  -71325ms] [WARNING] WebGL: INVALID_ENUM: getInternalformatParameter: invalid internalformat @ https://challenges.cloudflare.com/cdn-cgi/challenge-platform/h/g/turnstile/f/av0/rch/cg7ry/0x4AAAAAAAc2BQjPEms9tKlM/auto/fbE/auto_expire/normal?lang=auto:0
[  -71324ms] [WARNING] WebGL: INVALID_ENUM: getInternalformatParameter: invalid internalformat @ https://challenges.cloudflare.com/cdn-cgi/challenge-platform/h/g/turnstile/f/av0/rch/cg7ry/0x4AAAAAAAc2BQjPEms9tKlM/auto/fbE/auto_expire/normal?lang=auto:0
[  -71324ms] [WARNING] WebGL: INVALID_ENUM: getInternalformatParameter: invalid internalformat @ https://challenges.cloudflare.com/cdn-cgi/challenge-platform/h/g/turnstile/f/av0/rch/cg7ry/0x4AAAAAAAc2BQjPEms9tKlM/auto/fbE/auto_expire/normal?lang=auto:0
[  -71324ms] [WARNING] WebGL: INVALID_ENUM: getInternalformatParameter: invalid internalformat @ https://challenges.cloudflare.com/cdn-cgi/challenge-platform/h/g/turnstile/f/av0/rch/cg7ry/0x4AAAAAAAc2BQjPEms9tKlM/auto/fbE/auto_expire/normal?lang=auto:0
[  -71323ms] [WARNING] WebGL: INVALID_ENUM: getInternalformatParameter: invalid internalformat @ https://challenges.cloudflare.com/cdn-cgi/challenge-platform/h/g/turnstile/f/av0/rch/cg7ry/0x4AAAAAAAc2BQjPEms9tKlM/auto/fbE/auto_expire/normal?lang=auto:0
[  -71323ms] [WARNING] WebGL: INVALID_ENUM: getInternalformatParameter: invalid internalformat @ https://challenges.cloudflare.com/cdn-cgi/challenge-platform/h/g/turnstile/f/av0/rch/cg7ry/0x4AAAAAAAc2BQjPEms9tKlM/auto/fbE/auto_expire/normal?lang=auto:0
[  -71323ms] [WARNING] WebGL: INVALID_ENUM: getInternalformatParameter: invalid internalformat @ https://challenges.cloudflare.com/cdn-cgi/challenge-platform/h/g/turnstile/f/av0/rch/cg7ry/0x4AAAAAAAc2BQjPEms9tKlM/auto/fbE/auto_expire/normal?lang=auto:0
[  -71323ms] [WARNING] WebGL: INVALID_ENUM: getInternalformatParameter: invalid internalformat @ https://challenges.cloudflare.com/cdn-cgi/challenge-platform/h/g/turnstile/f/av0/rch/cg7ry/0x4AAAAAAAc2BQjPEms9tKlM/auto/fbE/auto_expire/normal?lang=auto:0
[  -71323ms] [WARNING] WebGL: INVALID_ENUM: getInternalformatParameter: invalid internalformat @ https://challenges.cloudflare.com/cdn-cgi/challenge-platform/h/g/turnstile/f/av0/rch/cg7ry/0x4AAAAAAAc2BQjPEms9tKlM/auto/fbE/auto_expire/normal?lang=auto:0
[  -71323ms] [WARNING] WebGL: INVALID_ENUM: getInternalformatParameter: invalid internalformat @ https://challenges.cloudflare.com/cdn-cgi/challenge-platform/h/g/turnstile/f/av0/rch/cg7ry/0x4AAAAAAAc2BQjPEms9tKlM/auto/fbE/auto_expire/normal?lang=auto:0
[  -71321ms] [WARNING] WebGL: INVALID_ENUM: getInternalformatParameter: invalid internalformat when EXT_color_buffer_[half_]float is not enabled @ https://challenges.cloudflare.com/cdn-cgi/challenge-platform/h/g/turnstile/f/av0/rch/cg7ry/0x4AAAAAAAc2BQjPEms9tKlM/auto/fbE/auto_expire/normal?lang=auto:0
[  -71321ms] [WARNING] WebGL: INVALID_ENUM: getInternalformatParameter: invalid internalformat when EXT_color_buffer_float is not enabled @ https://challenges.cloudflare.com/cdn-cgi/challenge-platform/h/g/turnstile/f/av0/rch/cg7ry/0x4AAAAAAAc2BQjPEms9tKlM/auto/fbE/auto_expire/normal?lang=auto:0
[  -71321ms] [WARNING] WebGL: INVALID_ENUM: getInternalformatParameter: invalid internalformat when EXT_color_buffer_float is not enabled @ https://challenges.cloudflare.com/cdn-cgi/challenge-platform/h/g/turnstile/f/av0/rch/cg7ry/0x4AAAAAAAc2BQjPEms9tKlM/auto/fbE/auto_expire/normal?lang=auto:0
[  -71319ms] [WARNING] WebGL: INVALID_ENUM: getInternalformatParameter: invalid internalformat @ https://challenges.cloudflare.com/cdn-cgi/challenge-platform/h/g/turnstile/f/av0/rch/cg7ry/0x4AAAAAAAc2BQjPEms9tKlM/auto/fbE/auto_expire/normal?lang=auto:0
[  -71319ms] [WARNING] WebGL: INVALID_ENUM: getInternalformatParameter: invalid internalformat when EXT_color_buffer_[half_]float is not enabled @ https://challenges.cloudflare.com/cdn-cgi/challenge-platform/h/g/turnstile/f/av0/rch/cg7ry/0x4AAAAAAAc2BQjPEms9tKlM/auto/fbE/auto_expire/normal?lang=auto:0
[  -71319ms] [WARNING] WebGL: INVALID_ENUM: getInternalformatParameter: invalid internalformat when EXT_color_buffer_float is not enabled @ https://challenges.cloudflare.com/cdn-cgi/challenge-platform/h/g/turnstile/f/av0/rch/cg7ry/0x4AAAAAAAc2BQjPEms9tKlM/auto/fbE/auto_expire/normal?lang=auto:0
[  -71318ms] [WARNING] WebGL: INVALID_ENUM: getInternalformatParameter: invalid internalformat when EXT_color_buffer_[half_]float is not enabled @ https://challenges.cloudflare.com/cdn-cgi/challenge-platform/h/g/turnstile/f/av0/rch/cg7ry/0x4AAAAAAAc2BQjPEms9tKlM/auto/fbE/auto_expire/normal?lang=auto:0
[  -71318ms] [WARNING] WebGL: INVALID_ENUM: getInternalformatParameter: invalid internalformat when EXT_color_buffer_float is not enabled @ https://challenges.cloudflare.com/cdn-cgi/challenge-platform/h/g/turnstile/f/av0/rch/cg7ry/0x4AAAAAAAc2BQjPEms9tKlM/auto/fbE/auto_expire/normal?lang=auto:0
[  -71176ms] [WARNING] The powerPreference option is currently ignored when calling requestAdapter() on Windows. See https://crbug.com/369219127 @ https://challenges.cloudflare.com/cdn-cgi/challenge-platform/h/g/turnstile/f/av0/rch/cg7ry/0x4AAAAAAAc2BQjPEms9tKlM/auto/fbE/auto_expire/normal?lang=auto:0
[  -71176ms] [WARNING] The powerPreference option is currently ignored when calling requestAdapter() on Windows. See https://crbug.com/369219127 @ https://challenges.cloudflare.com/cdn-cgi/challenge-platform/h/g/turnstile/f/av0/rch/cg7ry/0x4AAAAAAAc2BQjPEms9tKlM/auto/fbE/auto_expire/normal?lang=auto:0
[  -71167ms] [WARNING] No available adapters. @ https://challenges.cloudflare.com/cdn-cgi/challenge-platform/h/g/turnstile/f/av0/rch/cg7ry/0x4AAAAAAAc2BQjPEms9tKlM/auto/fbE/auto_expire/normal?lang=auto:0
[  -71004ms] [ERROR] Blocked script execution in 'about:blank' because the document's frame is sandboxed and the 'allow-scripts' permission is not set. @ https://challenges.cloudflare.com/cdn-cgi/challenge-platform/h/g/turnstile/f/av0/rch/cg7ry/0x4AAAAAAAc2BQjPEms9tKlM/auto/fbE/auto_expire/normal?lang=auto:0
[  -71004ms] [ERROR] Blocked script execution in 'about:blank' because the document's frame is sandboxed and the 'allow-scripts' permission is not set. @ https://challenges.cloudflare.com/cdn-cgi/challenge-platform/h/g/turnstile/f/av0/rch/cg7ry/0x4AAAAAAAc2BQjPEms9tKlM/auto/fbE/auto_expire/normal?lang=auto:0
[  -71003ms] [ERROR] Blocked script execution in 'about:blank' because the document's frame is sandboxed and the 'allow-scripts' permission is not set. @ https://challenges.cloudflare.com/cdn-cgi/challenge-platform/h/g/turnstile/f/av0/rch/cg7ry/0x4AAAAAAAc2BQjPEms9tKlM/auto/fbE/auto_expire/normal?lang=auto:0
[  -70581ms] [WARNING] OTS parsing error: Size of decompressed WOFF 2.0 is less than compressed size @ https://challenges.cloudflare.com/cdn-cgi/challenge-platform/h/g/turnstile/f/av0/rch/cg7ry/0x4AAAAAAAc2BQjPEms9tKlM/auto/fbE/auto_expire/normal?lang=auto:0
[  -71003ms] [LOG] /.*.*=.*/ @ https://challenges.cloudflare.com/cdn-cgi/challenge-platform/h/g/turnstile/f/av0/rch/cg7ry/0x4AAAAAAAc2BQjPEms9tKlM/auto/fbE/auto_expire/normal?lang=auto:0
[  -71003ms] [LOG] function () { [native code] } @ https://challenges.cloudflare.com/cdn-cgi/challenge-platform/h/g/turnstile/f/av0/rch/cg7ry/0x4AAAAAAAc2BQjPEms9tKlM/auto/fbE/auto_expire/normal?lang=auto:0
[  -71002ms] [LOG] JSHandle@node @ https://challenges.cloudflare.com/cdn-cgi/challenge-platform/h/g/turnstile/f/av0/rch/cg7ry/0x4AAAAAAAc2BQjPEms9tKlM/auto/fbE/auto_expire/normal?lang=auto:0
[  -71001ms] [COUNT]  : 1 @ https://challenges.cloudflare.com/cdn-cgi/challenge-platform/h/g/turnstile/f/av0/rch/cg7ry/0x4AAAAAAAc2BQjPEms9tKlM/auto/fbE/auto_expire/normal?lang=auto:0
[  -71000ms] [DIR]  Error @ https://challenges.cloudflare.com/cdn-cgi/challenge-platform/h/g/turnstile/f/av0/rch/cg7ry/0x4AAAAAAAc2BQjPEms9tKlM/auto/fbE/auto_expire/normal?lang=auto:0
[  -71000ms] [DIRXML] %c%d font-size:0;color:transparent Error @ https://challenges.cloudflare.com/cdn-cgi/challenge-platform/h/g/turnstile/f/av0/rch/cg7ry/0x4AAAAAAAc2BQjPEms9tKlM/auto/fbE/auto_expire/normal?lang=auto:0
[  -71000ms] [ERROR] %c%d font-size:0;color:transparent NaN @ https://challenges.cloudflare.com/cdn-cgi/challenge-platform/h/g/turnstile/f/av0/rch/cg7ry/0x4AAAAAAAc2BQjPEms9tKlM/auto/fbE/auto_expire/normal?lang=auto:0
[  -71000ms] [INFO] %c%d font-size:0;color:transparent NaN @ https://challenges.cloudflare.com/cdn-cgi/challenge-platform/h/g/turnstile/f/av0/rch/cg7ry/0x4AAAAAAAc2BQjPEms9tKlM/auto/fbE/auto_expire/normal?lang=auto:0
[  -70999ms] [LOG] %c%d font-size:0;color:transparent NaN @ https://challenges.cloudflare.com/cdn-cgi/challenge-platform/h/g/turnstile/f/av0/rch/cg7ry/0x4AAAAAAAc2BQjPEms9tKlM/auto/fbE/auto_expire/normal?lang=auto:0
[  -70999ms] [TABLE] %c%d font-size:0;color:transparent Error @ https://challenges.cloudflare.com/cdn-cgi/challenge-platform/h/g/turnstile/f/av0/rch/cg7ry/0x4AAAAAAAc2BQjPEms9tKlM/auto/fbE/auto_expire/normal?lang=auto:0
[  -70999ms] [WARNING] %c%d font-size:0;color:transparent NaN @ https://challenges.cloudflare.com/cdn-cgi/challenge-platform/h/g/turnstile/f/av0/rch/cg7ry/0x4AAAAAAAc2BQjPEms9tKlM/auto/fbE/auto_expire/normal?lang=auto:0
[-4036370ms] [ERROR] Creating a TrustedTypePolicy named 'sanitizer' violates the following Content Security policy directive: "trusted-types nfFM8 default". The action has been blocked. @ chrome-extension://gjkaolmncjlagdhkamocpknlngfbfmnm/content_script.js:4931
[-4035916ms] [ERROR] Blocked script execution in 'about:blank' because the document's frame is sandboxed and the 'allow-scripts' permission is not set. @ https://challenges.cloudflare.com/cdn-cgi/challenge-platform/h/g/turnstile/f/av0/rchImdUintTElE_YEl0XJX6A3wuih5h6umLMAZLOcSkAF0-1785746163-1.3.1.1-PyOWBAXQ9T.cC82iHOWeieY1MSbZe62Hp297ZLu.8b4/cg7ry/0x4AAAAAAAc2BQjPEms9tKlM/auto/fbE/crashed_retry/normal?lang=auto:0
[-4035916ms] [ERROR] Blocked script execution in 'about:blank' because the document's frame is sandboxed and the 'allow-scripts' permission is not set. @ https://challenges.cloudflare.com/cdn-cgi/challenge-platform/h/g/turnstile/f/av0/rchImdUintTElE_YEl0XJX6A3wuih5h6umLMAZLOcSkAF0-1785746163-1.3.1.1-PyOWBAXQ9T.cC82iHOWeieY1MSbZe62Hp297ZLu.8b4/cg7ry/0x4AAAAAAAc2BQjPEms9tKlM/auto/fbE/crashed_retry/normal?lang=auto:0
[-4035908ms] [ERROR] Blocked script execution in 'about:blank' because the document's frame is sandboxed and the 'allow-scripts' permission is not set. @ https://challenges.cloudflare.com/cdn-cgi/challenge-platform/h/g/turnstile/f/av0/rchImdUintTElE_YEl0XJX6A3wuih5h6umLMAZLOcSkAF0-1785746163-1.3.1.1-PyOWBAXQ9T.cC82iHOWeieY1MSbZe62Hp297ZLu.8b4/cg7ry/0x4AAAAAAAc2BQjPEms9tKlM/auto/fbE/crashed_retry/normal?lang=auto:0
[-4023188ms] [ERROR] Blocked script execution in 'about:blank' because the document's frame is sandboxed and the 'allow-scripts' permission is not set. @ https://challenges.cloudflare.com/cdn-cgi/challenge-platform/h/g/turnstile/f/av0/rchImdUintTElE_YEl0XJX6A3wuih5h6umLMAZLOcSkAF0-1785746163-1.3.1.1-PyOWBAXQ9T.cC82iHOWeieY1MSbZe62Hp297ZLu.8b4/cg7ry/0x4AAAAAAAc2BQjPEms9tKlM/auto/fbE/crashed_retry/normal?lang=auto:0
[-4023187ms] [ERROR] Blocked script execution in 'about:blank' because the document's frame is sandboxed and the 'allow-scripts' permission is not set. @ https://challenges.cloudflare.com/cdn-cgi/challenge-platform/h/g/turnstile/f/av0/rchImdUintTElE_YEl0XJX6A3wuih5h6umLMAZLOcSkAF0-1785746163-1.3.1.1-PyOWBAXQ9T.cC82iHOWeieY1MSbZe62Hp297ZLu.8b4/cg7ry/0x4AAAAAAAc2BQjPEms9tKlM/auto/fbE/crashed_retry/normal?lang=auto:0
[-4023181ms] [ERROR] Blocked script execution in 'about:blank' because the document's frame is sandboxed and the 'allow-scripts' permission is not set. @ https://challenges.cloudflare.com/cdn-cgi/challenge-platform/h/g/turnstile/f/av0/rchImdUintTElE_YEl0XJX6A3wuih5h6umLMAZLOcSkAF0-1785746163-1.3.1.1-PyOWBAXQ9T.cC82iHOWeieY1MSbZe62Hp297ZLu.8b4/cg7ry/0x4AAAAAAAc2BQjPEms9tKlM/auto/fbE/crashed_retry/normal?lang=auto:0
[-4022669ms] [WARNING] WebGL: INVALID_ENUM: getInternalformatParameter: invalid internalformat @ https://challenges.cloudflare.com/cdn-cgi/challenge-platform/h/g/turnstile/f/av0/rchImdUintTElE_YEl0XJX6A3wuih5h6umLMAZLOcSkAF0-1785746163-1.3.1.1-PyOWBAXQ9T.cC82iHOWeieY1MSbZe62Hp297ZLu.8b4/cg7ry/0x4AAAAAAAc2BQjPEms9tKlM/auto/fbE/crashed_retry/normal?lang=auto:0
[-4022668ms] [WARNING] WebGL: INVALID_ENUM: getInternalformatParameter: invalid internalformat @ https://challenges.cloudflare.com/cdn-cgi/challenge-platform/h/g/turnstile/f/av0/rchImdUintTElE_YEl0XJX6A3wuih5h6umLMAZLOcSkAF0-1785746163-1.3.1.1-PyOWBAXQ9T.cC82iHOWeieY1MSbZe62Hp297ZLu.8b4/cg7ry/0x4AAAAAAAc2BQjPEms9tKlM/auto/fbE/crashed_retry/normal?lang=auto:0
[-4022667ms] [WARNING] WebGL: INVALID_ENUM: getInternalformatParameter: invalid internalformat @ https://challenges.cloudflare.com/cdn-cgi/challenge-platform/h/g/turnstile/f/av0/rchImdUintTElE_YEl0XJX6A3wuih5h6umLMAZLOcSkAF0-1785746163-1.3.1.1-PyOWBAXQ9T.cC82iHOWeieY1MSbZe62Hp297ZLu.8b4/cg7ry/0x4AAAAAAAc2BQjPEms9tKlM/auto/fbE/crashed_retry/normal?lang=auto:0
[-4022667ms] [WARNING] WebGL: INVALID_ENUM: getInternalformatParameter: invalid internalformat @ https://challenges.cloudflare.com/cdn-cgi/challenge-platform/h/g/turnstile/f/av0/rchImdUintTElE_YEl0XJX6A3wuih5h6umLMAZLOcSkAF0-1785746163-1.3.1.1-PyOWBAXQ9T.cC82iHOWeieY1MSbZe62Hp297ZLu.8b4/cg7ry/0x4AAAAAAAc2BQjPEms9tKlM/auto/fbE/crashed_retry/normal?lang=auto:0
[-4022666ms] [WARNING] WebGL: INVALID_ENUM: getInternalformatParameter: invalid internalformat @ https://challenges.cloudflare.com/cdn-cgi/challenge-platform/h/g/turnstile/f/av0/rchImdUintTElE_YEl0XJX6A3wuih5h6umLMAZLOcSkAF0-1785746163-1.3.1.1-PyOWBAXQ9T.cC82iHOWeieY1MSbZe62Hp297ZLu.8b4/cg7ry/0x4AAAAAAAc2BQjPEms9tKlM/auto/fbE/crashed_retry/normal?lang=auto:0
[-4022666ms] [WARNING] WebGL: INVALID_ENUM: getInternalformatParameter: invalid internalformat @ https://challenges.cloudflare.com/cdn-cgi/challenge-platform/h/g/turnstile/f/av0/rchImdUintTElE_YEl0XJX6A3wuih5h6umLMAZLOcSkAF0-1785746163-1.3.1.1-PyOWBAXQ9T.cC82iHOWeieY1MSbZe62Hp297ZLu.8b4/cg7ry/0x4AAAAAAAc2BQjPEms9tKlM/auto/fbE/crashed_retry/normal?lang=auto:0
[-4022666ms] [WARNING] WebGL: INVALID_ENUM: getInternalformatParameter: invalid internalformat @ https://challenges.cloudflare.com/cdn-cgi/challenge-platform/h/g/turnstile/f/av0/rchImdUintTElE_YEl0XJX6A3wuih5h6umLMAZLOcSkAF0-1785746163-1.3.1.1-PyOWBAXQ9T.cC82iHOWeieY1MSbZe62Hp297ZLu.8b4/cg7ry/0x4AAAAAAAc2BQjPEms9tKlM/auto/fbE/crashed_retry/normal?lang=auto:0
[-4022666ms] [WARNING] WebGL: INVALID_ENUM: getInternalformatParameter: invalid internalformat @ https://challenges.cloudflare.com/cdn-cgi/challenge-platform/h/g/turnstile/f/av0/rchImdUintTElE_YEl0XJX6A3wuih5h6umLMAZLOcSkAF0-1785746163-1.3.1.1-PyOWBAXQ9T.cC82iHOWeieY1MSbZe62Hp297ZLu.8b4/cg7ry/0x4AAAAAAAc2BQjPEms9tKlM/auto/fbE/crashed_retry/normal?lang=auto:0
[-4022665ms] [WARNING] WebGL: INVALID_ENUM: getInternalformatParameter: invalid internalformat @ https://challenges.cloudflare.com/cdn-cgi/challenge-platform/h/g/turnstile/f/av0/rchImdUintTElE_YEl0XJX6A3wuih5h6umLMAZLOcSkAF0-1785746163-1.3.1.1-PyOWBAXQ9T.cC82iHOWeieY1MSbZe62Hp297ZLu.8b4/cg7ry/0x4AAAAAAAc2BQjPEms9tKlM/auto/fbE/crashed_retry/normal?lang=auto:0
[-4022665ms] [WARNING] WebGL: INVALID_ENUM: getInternalformatParameter: invalid internalformat @ https://challenges.cloudflare.com/cdn-cgi/challenge-platform/h/g/turnstile/f/av0/rchImdUintTElE_YEl0XJX6A3wuih5h6umLMAZLOcSkAF0-1785746163-1.3.1.1-PyOWBAXQ9T.cC82iHOWeieY1MSbZe62Hp297ZLu.8b4/cg7ry/0x4AAAAAAAc2BQjPEms9tKlM/auto/fbE/crashed_retry/normal?lang=auto:0
[-4022664ms] [WARNING] WebGL: INVALID_ENUM: getInternalformatParameter: invalid internalformat @ https://challenges.cloudflare.com/cdn-cgi/challenge-platform/h/g/turnstile/f/av0/rchImdUintTElE_YEl0XJX6A3wuih5h6umLMAZLOcSkAF0-1785746163-1.3.1.1-PyOWBAXQ9T.cC82iHOWeieY1MSbZe62Hp297ZLu.8b4/cg7ry/0x4AAAAAAAc2BQjPEms9tKlM/auto/fbE/crashed_retry/normal?lang=auto:0
[-4022662ms] [WARNING] WebGL: INVALID_ENUM: getInternalformatParameter: invalid internalformat when EXT_color_buffer_[half_]float is not enabled @ https://challenges.cloudflare.com/cdn-cgi/challenge-platform/h/g/turnstile/f/av0/rchImdUintTElE_YEl0XJX6A3wuih5h6umLMAZLOcSkAF0-1785746163-1.3.1.1-PyOWBAXQ9T.cC82iHOWeieY1MSbZe62Hp297ZLu.8b4/cg7ry/0x4AAAAAAAc2BQjPEms9tKlM/auto/fbE/crashed_retry/normal?lang=auto:0
[-4022662ms] [WARNING] WebGL: INVALID_ENUM: getInternalformatParameter: invalid internalformat when EXT_color_buffer_float is not enabled @ https://challenges.cloudflare.com/cdn-cgi/challenge-platform/h/g/turnstile/f/av0/rchImdUintTElE_YEl0XJX6A3wuih5h6umLMAZLOcSkAF0-1785746163-1.3.1.1-PyOWBAXQ9T.cC82iHOWeieY1MSbZe62Hp297ZLu.8b4/cg7ry/0x4AAAAAAAc2BQjPEms9tKlM/auto/fbE/crashed_retry/normal?lang=auto:0
[-4022662ms] [WARNING] WebGL: INVALID_ENUM: getInternalformatParameter: invalid internalformat when EXT_color_buffer_float is not enabled @ https://challenges.cloudflare.com/cdn-cgi/challenge-platform/h/g/turnstile/f/av0/rchImdUintTElE_YEl0XJX6A3wuih5h6umLMAZLOcSkAF0-1785746163-1.3.1.1-PyOWBAXQ9T.cC82iHOWeieY1MSbZe62Hp297ZLu.8b4/cg7ry/0x4AAAAAAAc2BQjPEms9tKlM/auto/fbE/crashed_retry/normal?lang=auto:0
[-4022662ms] [WARNING] WebGL: INVALID_ENUM: getInternalformatParameter: invalid internalformat @ https://challenges.cloudflare.com/cdn-cgi/challenge-platform/h/g/turnstile/f/av0/rchImdUintTElE_YEl0XJX6A3wuih5h6umLMAZLOcSkAF0-1785746163-1.3.1.1-PyOWBAXQ9T.cC82iHOWeieY1MSbZe62Hp297ZLu.8b4/cg7ry/0x4AAAAAAAc2BQjPEms9tKlM/auto/fbE/crashed_retry/normal?lang=auto:0
[-4022661ms] [WARNING] WebGL: INVALID_ENUM: getInternalformatParameter: invalid internalformat when EXT_color_buffer_[half_]float is not enabled @ https://challenges.cloudflare.com/cdn-cgi/challenge-platform/h/g/turnstile/f/av0/rchImdUintTElE_YEl0XJX6A3wuih5h6umLMAZLOcSkAF0-1785746163-1.3.1.1-PyOWBAXQ9T.cC82iHOWeieY1MSbZe62Hp297ZLu.8b4/cg7ry/0x4AAAAAAAc2BQjPEms9tKlM/auto/fbE/crashed_retry/normal?lang=auto:0
[-4022661ms] [WARNING] WebGL: INVALID_ENUM: getInternalformatParameter: invalid internalformat when EXT_color_buffer_float is not enabled @ https://challenges.cloudflare.com/cdn-cgi/challenge-platform/h/g/turnstile/f/av0/rchImdUintTElE_YEl0XJX6A3wuih5h6umLMAZLOcSkAF0-1785746163-1.3.1.1-PyOWBAXQ9T.cC82iHOWeieY1MSbZe62Hp297ZLu.8b4/cg7ry/0x4AAAAAAAc2BQjPEms9tKlM/auto/fbE/crashed_retry/normal?lang=auto:0
[-4022661ms] [WARNING] WebGL: INVALID_ENUM: getInternalformatParameter: invalid internalformat when EXT_color_buffer_[half_]float is not enabled @ https://challenges.cloudflare.com/cdn-cgi/challenge-platform/h/g/turnstile/f/av0/rchImdUintTElE_YEl0XJX6A3wuih5h6umLMAZLOcSkAF0-1785746163-1.3.1.1-PyOWBAXQ9T.cC82iHOWeieY1MSbZe62Hp297ZLu.8b4/cg7ry/0x4AAAAAAAc2BQjPEms9tKlM/auto/fbE/crashed_retry/normal?lang=auto:0
[-4022661ms] [WARNING] WebGL: INVALID_ENUM: getInternalformatParameter: invalid internalformat when EXT_color_buffer_float is not enabled @ https://challenges.cloudflare.com/cdn-cgi/challenge-platform/h/g/turnstile/f/av0/rchImdUintTElE_YEl0XJX6A3wuih5h6umLMAZLOcSkAF0-1785746163-1.3.1.1-PyOWBAXQ9T.cC82iHOWeieY1MSbZe62Hp297ZLu.8b4/cg7ry/0x4AAAAAAAc2BQjPEms9tKlM/auto/fbE/crashed_retry/normal?lang=auto:0
[-4022451ms] [WARNING] The powerPreference option is currently ignored when calling requestAdapter() on Windows. See https://crbug.com/369219127 @ https://challenges.cloudflare.com/cdn-cgi/challenge-platform/h/g/turnstile/f/av0/rchImdUintTElE_YEl0XJX6A3wuih5h6umLMAZLOcSkAF0-1785746163-1.3.1.1-PyOWBAXQ9T.cC82iHOWeieY1MSbZe62Hp297ZLu.8b4/cg7ry/0x4AAAAAAAc2BQjPEms9tKlM/auto/fbE/crashed_retry/normal?lang=auto:0
[-4022451ms] [WARNING] The powerPreference option is currently ignored when calling requestAdapter() on Windows. See https://crbug.com/369219127 @ https://challenges.cloudflare.com/cdn-cgi/challenge-platform/h/g/turnstile/f/av0/rchImdUintTElE_YEl0XJX6A3wuih5h6umLMAZLOcSkAF0-1785746163-1.3.1.1-PyOWBAXQ9T.cC82iHOWeieY1MSbZe62Hp297ZLu.8b4/cg7ry/0x4AAAAAAAc2BQjPEms9tKlM/auto/fbE/crashed_retry/normal?lang=auto:0
[-4022444ms] [WARNING] No available adapters. @ https://challenges.cloudflare.com/cdn-cgi/challenge-platform/h/g/turnstile/f/av0/rchImdUintTElE_YEl0XJX6A3wuih5h6umLMAZLOcSkAF0-1785746163-1.3.1.1-PyOWBAXQ9T.cC82iHOWeieY1MSbZe62Hp297ZLu.8b4/cg7ry/0x4AAAAAAAc2BQjPEms9tKlM/auto/fbE/crashed_retry/normal?lang=auto:0
[-4021719ms] [WARNING] OTS parsing error: Size of decompressed WOFF 2.0 is less than compressed size @ https://challenges.cloudflare.com/cdn-cgi/challenge-platform/h/g/turnstile/f/av0/rchImdUintTElE_YEl0XJX6A3wuih5h6umLMAZLOcSkAF0-1785746163-1.3.1.1-PyOWBAXQ9T.cC82iHOWeieY1MSbZe62Hp297ZLu.8b4/cg7ry/0x4AAAAAAAc2BQjPEms9tKlM/auto/fbE/crashed_retry/normal?lang=auto:0
[-3728176ms] [ERROR] Creating a TrustedTypePolicy named 'sanitizer' violates the following Content Security policy directive: "trusted-types nfFM8 default". The action has been blocked. @ chrome-extension://gjkaolmncjlagdhkamocpknlngfbfmnm/content_script.js:4931
[-3727690ms] [ERROR] Blocked script execution in 'about:blank' because the document's frame is sandboxed and the 'allow-scripts' permission is not set. @ https://challenges.cloudflare.com/cdn-cgi/challenge-platform/h/g/turnstile/f/av0/rch/cg7ry/0x4AAAAAAAc2BQjPEms9tKlM/auto/fbE/auto_expire/normal?lang=auto:0
[-3727689ms] [ERROR] Blocked script execution in 'about:blank' because the document's frame is sandboxed and the 'allow-scripts' permission is not set. @ https://challenges.cloudflare.com/cdn-cgi/challenge-platform/h/g/turnstile/f/av0/rch/cg7ry/0x4AAAAAAAc2BQjPEms9tKlM/auto/fbE/auto_expire/normal?lang=auto:0
[-3727684ms] [ERROR] Blocked script execution in 'about:blank' because the document's frame is sandboxed and the 'allow-scripts' permission is not set. @ https://challenges.cloudflare.com/cdn-cgi/challenge-platform/h/g/turnstile/f/av0/rch/cg7ry/0x4AAAAAAAc2BQjPEms9tKlM/auto/fbE/auto_expire/normal?lang=auto:0
[-3695986ms] [WARNING] OTS parsing error: Size of decompressed WOFF 2.0 is less than compressed size @ https://challenges.cloudflare.com/cdn-cgi/challenge-platform/h/g/turnstile/f/av0/rch/cg7ry/0x4AAAAAAAc2BQjPEms9tKlM/auto/fbE/auto_expire/normal?lang=auto:0
[-3695718ms] [ERROR] Blocked script execution in 'about:blank' because the document's frame is sandboxed and the 'allow-scripts' permission is not set. @ https://challenges.cloudflare.com/cdn-cgi/challenge-platform/h/g/turnstile/f/av0/rch/cg7ry/0x4AAAAAAAc2BQjPEms9tKlM/auto/fbE/auto_expire/normal?lang=auto:0
[-3695716ms] [ERROR] Blocked script execution in 'about:blank' because the document's frame is sandboxed and the 'allow-scripts' permission is not set. @ https://challenges.cloudflare.com/cdn-cgi/challenge-platform/h/g/turnstile/f/av0/rch/cg7ry/0x4AAAAAAAc2BQjPEms9tKlM/auto/fbE/auto_expire/normal?lang=auto:0
[-3695708ms] [ERROR] Blocked script execution in 'about:blank' because the document's frame is sandboxed and the 'allow-scripts' permission is not set. @ https://challenges.cloudflare.com/cdn-cgi/challenge-platform/h/g/turnstile/f/av0/rch/cg7ry/0x4AAAAAAAc2BQjPEms9tKlM/auto/fbE/auto_expire/normal?lang=auto:0
[-3695108ms] [WARNING] WebGL: INVALID_ENUM: getInternalformatParameter: invalid internalformat @ https://challenges.cloudflare.com/cdn-cgi/challenge-platform/h/g/turnstile/f/av0/rch/cg7ry/0x4AAAAAAAc2BQjPEms9tKlM/auto/fbE/auto_expire/normal?lang=auto:0
[-3695105ms] [WARNING] WebGL: INVALID_ENUM: getInternalformatParameter: invalid internalformat @ https://challenges.cloudflare.com/cdn-cgi/challenge-platform/h/g/turnstile/f/av0/rch/cg7ry/0x4AAAAAAAc2BQjPEms9tKlM/auto/fbE/auto_expire/normal?lang=auto:0
[-3695104ms] [WARNING] WebGL: INVALID_ENUM: getInternalformatParameter: invalid internalformat @ https://challenges.cloudflare.com/cdn-cgi/challenge-platform/h/g/turnstile/f/av0/rch/cg7ry/0x4AAAAAAAc2BQjPEms9tKlM/auto/fbE/auto_expire/normal?lang=auto:0
[-3695103ms] [WARNING] WebGL: INVALID_ENUM: getInternalformatParameter: invalid internalformat @ https://challenges.cloudflare.com/cdn-cgi/challenge-platform/h/g/turnstile/f/av0/rch/cg7ry/0x4AAAAAAAc2BQjPEms9tKlM/auto/fbE/auto_expire/normal?lang=auto:0
[-3695103ms] [WARNING] WebGL: INVALID_ENUM: getInternalformatParameter: invalid internalformat @ https://challenges.cloudflare.com/cdn-cgi/challenge-platform/h/g/turnstile/f/av0/rch/cg7ry/0x4AAAAAAAc2BQjPEms9tKlM/auto/fbE/auto_expire/normal?lang=auto:0
[-3695102ms] [WARNING] WebGL: INVALID_ENUM: getInternalformatParameter: invalid internalformat @ https://challenges.cloudflare.com/cdn-cgi/challenge-platform/h/g/turnstile/f/av0/rch/cg7ry/0x4AAAAAAAc2BQjPEms9tKlM/auto/fbE/auto_expire/normal?lang=auto:0
[-3695102ms] [WARNING] WebGL: INVALID_ENUM: getInternalformatParameter: invalid internalformat @ https://challenges.cloudflare.com/cdn-cgi/challenge-platform/h/g/turnstile/f/av0/rch/cg7ry/0x4AAAAAAAc2BQjPEms9tKlM/auto/fbE/auto_expire/normal?lang=auto:0
[-3695102ms] [WARNING] WebGL: INVALID_ENUM: getInternalformatParameter: invalid internalformat @ https://challenges.cloudflare.com/cdn-cgi/challenge-platform/h/g/turnstile/f/av0/rch/cg7ry/0x4AAAAAAAc2BQjPEms9tKlM/auto/fbE/auto_expire/normal?lang=auto:0
[-3695101ms] [WARNING] WebGL: INVALID_ENUM: getInternalformatParameter: invalid internalformat @ https://challenges.cloudflare.com/cdn-cgi/challenge-platform/h/g/turnstile/f/av0/rch/cg7ry/0x4AAAAAAAc2BQjPEms9tKlM/auto/fbE/auto_expire/normal?lang=auto:0
[-3695101ms] [WARNING] WebGL: INVALID_ENUM: getInternalformatParameter: invalid internalformat @ https://challenges.cloudflare.com/cdn-cgi/challenge-platform/h/g/turnstile/f/av0/rch/cg7ry/0x4AAAAAAAc2BQjPEms9tKlM/auto/fbE/auto_expire/normal?lang=auto:0
[-3695099ms] [WARNING] WebGL: INVALID_ENUM: getInternalformatParameter: invalid internalformat @ https://challenges.cloudflare.com/cdn-cgi/challenge-platform/h/g/turnstile/f/av0/rch/cg7ry/0x4AAAAAAAc2BQjPEms9tKlM/auto/fbE/auto_expire/normal?lang=auto:0
[-3695096ms] [WARNING] WebGL: INVALID_ENUM: getInternalformatParameter: invalid internalformat when EXT_color_buffer_[half_]float is not enabled @ https://challenges.cloudflare.com/cdn-cgi/challenge-platform/h/g/turnstile/f/av0/rch/cg7ry/0x4AAAAAAAc2BQjPEms9tKlM/auto/fbE/auto_expire/normal?lang=auto:0
[-3695096ms] [WARNING] WebGL: INVALID_ENUM: getInternalformatParameter: invalid internalformat when EXT_color_buffer_float is not enabled @ https://challenges.cloudflare.com/cdn-cgi/challenge-platform/h/g/turnstile/f/av0/rch/cg7ry/0x4AAAAAAAc2BQjPEms9tKlM/auto/fbE/auto_expire/normal?lang=auto:0
[-3695095ms] [WARNING] WebGL: INVALID_ENUM: getInternalformatParameter: invalid internalformat when EXT_color_buffer_float is not enabled @ https://challenges.cloudflare.com/cdn-cgi/challenge-platform/h/g/turnstile/f/av0/rch/cg7ry/0x4AAAAAAAc2BQjPEms9tKlM/auto/fbE/auto_expire/normal?lang=auto:0
[-3695095ms] [WARNING] WebGL: INVALID_ENUM: getInternalformatParameter: invalid internalformat @ https://challenges.cloudflare.com/cdn-cgi/challenge-platform/h/g/turnstile/f/av0/rch/cg7ry/0x4AAAAAAAc2BQjPEms9tKlM/auto/fbE/auto_expire/normal?lang=auto:0
[-3695094ms] [WARNING] WebGL: INVALID_ENUM: getInternalformatParameter: invalid internalformat when EXT_color_buffer_[half_]float is not enabled @ https://challenges.cloudflare.com/cdn-cgi/challenge-platform/h/g/turnstile/f/av0/rch/cg7ry/0x4AAAAAAAc2BQjPEms9tKlM/auto/fbE/auto_expire/normal?lang=auto:0
[-3695094ms] [WARNING] WebGL: INVALID_ENUM: getInternalformatParameter: invalid internalformat when EXT_color_buffer_float is not enabled @ https://challenges.cloudflare.com/cdn-cgi/challenge-platform/h/g/turnstile/f/av0/rch/cg7ry/0x4AAAAAAAc2BQjPEms9tKlM/auto/fbE/auto_expire/normal?lang=auto:0
[-3695094ms] [WARNING] WebGL: INVALID_ENUM: getInternalformatParameter: invalid internalformat when EXT_color_buffer_[half_]float is not enabled @ https://challenges.cloudflare.com/cdn-cgi/challenge-platform/h/g/turnstile/f/av0/rch/cg7ry/0x4AAAAAAAc2BQjPEms9tKlM/auto/fbE/auto_expire/normal?lang=auto:0
[-3695094ms] [WARNING] WebGL: INVALID_ENUM: getInternalformatParameter: invalid internalformat when EXT_color_buffer_float is not enabled @ https://challenges.cloudflare.com/cdn-cgi/challenge-platform/h/g/turnstile/f/av0/rch/cg7ry/0x4AAAAAAAc2BQjPEms9tKlM/auto/fbE/auto_expire/normal?lang=auto:0
[-3694766ms] [WARNING] The powerPreference option is currently ignored when calling requestAdapter() on Windows. See https://crbug.com/369219127 @ https://challenges.cloudflare.com/cdn-cgi/challenge-platform/h/g/turnstile/f/av0/rch/cg7ry/0x4AAAAAAAc2BQjPEms9tKlM/auto/fbE/auto_expire/normal?lang=auto:0
[-3694765ms] [WARNING] The powerPreference option is currently ignored when calling requestAdapter() on Windows. See https://crbug.com/369219127 @ https://challenges.cloudflare.com/cdn-cgi/challenge-platform/h/g/turnstile/f/av0/rch/cg7ry/0x4AAAAAAAc2BQjPEms9tKlM/auto/fbE/auto_expire/normal?lang=auto:0
[-3694751ms] [WARNING] No available adapters. @ https://challenges.cloudflare.com/cdn-cgi/challenge-platform/h/g/turnstile/f/av0/rch/cg7ry/0x4AAAAAAAc2BQjPEms9tKlM/auto/fbE/auto_expire/normal?lang=auto:0
[-3399954ms] [ERROR] Creating a TrustedTypePolicy named 'sanitizer' violates the following Content Security policy directive: "trusted-types nfFM8 default". The action has been blocked. @ chrome-extension://gjkaolmncjlagdhkamocpknlngfbfmnm/content_script.js:4931
[-3392932ms] [ERROR] Blocked script execution in 'about:blank' because the document's frame is sandboxed and the 'allow-scripts' permission is not set. @ https://challenges.cloudflare.com/cdn-cgi/challenge-platform/h/g/turnstile/f/av0/rch/cg7ry/0x4AAAAAAAc2BQjPEms9tKlM/auto/fbE/auto_expire/normal?lang=auto:0
[-3392931ms] [ERROR] Blocked script execution in 'about:blank' because the document's frame is sandboxed and the 'allow-scripts' permission is not set. @ https://challenges.cloudflare.com/cdn-cgi/challenge-platform/h/g/turnstile/f/av0/rch/cg7ry/0x4AAAAAAAc2BQjPEms9tKlM/auto/fbE/auto_expire/normal?lang=auto:0
[-3392912ms] [ERROR] Blocked script execution in 'about:blank' because the document's frame is sandboxed and the 'allow-scripts' permission is not set. @ https://challenges.cloudflare.com/cdn-cgi/challenge-platform/h/g/turnstile/f/av0/rch/cg7ry/0x4AAAAAAAc2BQjPEms9tKlM/auto/fbE/auto_expire/normal?lang=auto:0
[-3341893ms] [ERROR] Creating a TrustedTypePolicy named 'sanitizer' violates the following Content Security policy directive: "trusted-types nfFM8 default". The action has been blocked. @ chrome-extension://gjkaolmncjlagdhkamocpknlngfbfmnm/content_script.js:4931
[-3340838ms] [ERROR] Blocked script execution in 'about:blank' because the document's frame is sandboxed and the 'allow-scripts' permission is not set. @ https://challenges.cloudflare.com/cdn-cgi/challenge-platform/h/g/turnstile/f/av0/rchbol8i0NlaV3I2DkS29AOSXpa_rxAA9813ZnYwsGvvhQ-1785747165-1.3.1.1-p4oGIEAlapsqKR0hAnF9SXaGAmdYQM7TY..WEKdZbac/cg7ry/0x4AAAAAAAc2BQjPEms9tKlM/auto/fbE/failure_retry/normal?lang=auto:0
[-3340838ms] [ERROR] Blocked script execution in 'about:blank' because the document's frame is sandboxed and the 'allow-scripts' permission is not set. @ https://challenges.cloudflare.com/cdn-cgi/challenge-platform/h/g/turnstile/f/av0/rchbol8i0NlaV3I2DkS29AOSXpa_rxAA9813ZnYwsGvvhQ-1785747165-1.3.1.1-p4oGIEAlapsqKR0hAnF9SXaGAmdYQM7TY..WEKdZbac/cg7ry/0x4AAAAAAAc2BQjPEms9tKlM/auto/fbE/failure_retry/normal?lang=auto:0
[-3340836ms] [ERROR] Blocked script execution in 'about:blank' because the document's frame is sandboxed and the 'allow-scripts' permission is not set. @ https://challenges.cloudflare.com/cdn-cgi/challenge-platform/h/g/turnstile/f/av0/rchbol8i0NlaV3I2DkS29AOSXpa_rxAA9813ZnYwsGvvhQ-1785747165-1.3.1.1-p4oGIEAlapsqKR0hAnF9SXaGAmdYQM7TY..WEKdZbac/cg7ry/0x4AAAAAAAc2BQjPEms9tKlM/auto/fbE/failure_retry/normal?lang=auto:0
[-3326033ms] [ERROR] Blocked script execution in 'about:blank' because the document's frame is sandboxed and the 'allow-scripts' permission is not set. @ https://challenges.cloudflare.com/cdn-cgi/challenge-platform/h/g/turnstile/f/av0/rchbol8i0NlaV3I2DkS29AOSXpa_rxAA9813ZnYwsGvvhQ-1785747165-1.3.1.1-p4oGIEAlapsqKR0hAnF9SXaGAmdYQM7TY..WEKdZbac/cg7ry/0x4AAAAAAAc2BQjPEms9tKlM/auto/fbE/failure_retry/normal?lang=auto:0
[-3326032ms] [ERROR] Blocked script execution in 'about:blank' because the document's frame is sandboxed and the 'allow-scripts' permission is not set. @ https://challenges.cloudflare.com/cdn-cgi/challenge-platform/h/g/turnstile/f/av0/rchbol8i0NlaV3I2DkS29AOSXpa_rxAA9813ZnYwsGvvhQ-1785747165-1.3.1.1-p4oGIEAlapsqKR0hAnF9SXaGAmdYQM7TY..WEKdZbac/cg7ry/0x4AAAAAAAc2BQjPEms9tKlM/auto/fbE/failure_retry/normal?lang=auto:0
[-3326027ms] [ERROR] Blocked script execution in 'about:blank' because the document's frame is sandboxed and the 'allow-scripts' permission is not set. @ https://challenges.cloudflare.com/cdn-cgi/challenge-platform/h/g/turnstile/f/av0/rchbol8i0NlaV3I2DkS29AOSXpa_rxAA9813ZnYwsGvvhQ-1785747165-1.3.1.1-p4oGIEAlapsqKR0hAnF9SXaGAmdYQM7TY..WEKdZbac/cg7ry/0x4AAAAAAAc2BQjPEms9tKlM/auto/fbE/failure_retry/normal?lang=auto:0
[-3325358ms] [WARNING] WebGL: INVALID_ENUM: getInternalformatParameter: invalid internalformat @ https://challenges.cloudflare.com/cdn-cgi/challenge-platform/h/g/turnstile/f/av0/rchbol8i0NlaV3I2DkS29AOSXpa_rxAA9813ZnYwsGvvhQ-1785747165-1.3.1.1-p4oGIEAlapsqKR0hAnF9SXaGAmdYQM7TY..WEKdZbac/cg7ry/0x4AAAAAAAc2BQjPEms9tKlM/auto/fbE/failure_retry/normal?lang=auto:0
[-3325357ms] [WARNING] WebGL: INVALID_ENUM: getInternalformatParameter: invalid internalformat @ https://challenges.cloudflare.com/cdn-cgi/challenge-platform/h/g/turnstile/f/av0/rchbol8i0NlaV3I2DkS29AOSXpa_rxAA9813ZnYwsGvvhQ-1785747165-1.3.1.1-p4oGIEAlapsqKR0hAnF9SXaGAmdYQM7TY..WEKdZbac/cg7ry/0x4AAAAAAAc2BQjPEms9tKlM/auto/fbE/failure_retry/normal?lang=auto:0
[-3325355ms] [WARNING] WebGL: INVALID_ENUM: getInternalformatParameter: invalid internalformat @ https://challenges.cloudflare.com/cdn-cgi/challenge-platform/h/g/turnstile/f/av0/rchbol8i0NlaV3I2DkS29AOSXpa_rxAA9813ZnYwsGvvhQ-1785747165-1.3.1.1-p4oGIEAlapsqKR0hAnF9SXaGAmdYQM7TY..WEKdZbac/cg7ry/0x4AAAAAAAc2BQjPEms9tKlM/auto/fbE/failure_retry/normal?lang=auto:0
[-3325355ms] [WARNING] WebGL: INVALID_ENUM: getInternalformatParameter: invalid internalformat @ https://challenges.cloudflare.com/cdn-cgi/challenge-platform/h/g/turnstile/f/av0/rchbol8i0NlaV3I2DkS29AOSXpa_rxAA9813ZnYwsGvvhQ-1785747165-1.3.1.1-p4oGIEAlapsqKR0hAnF9SXaGAmdYQM7TY..WEKdZbac/cg7ry/0x4AAAAAAAc2BQjPEms9tKlM/auto/fbE/failure_retry/normal?lang=auto:0
[-3325355ms] [WARNING] WebGL: INVALID_ENUM: getInternalformatParameter: invalid internalformat @ https://challenges.cloudflare.com/cdn-cgi/challenge-platform/h/g/turnstile/f/av0/rchbol8i0NlaV3I2DkS29AOSXpa_rxAA9813ZnYwsGvvhQ-1785747165-1.3.1.1-p4oGIEAlapsqKR0hAnF9SXaGAmdYQM7TY..WEKdZbac/cg7ry/0x4AAAAAAAc2BQjPEms9tKlM/auto/fbE/failure_retry/normal?lang=auto:0
[-3325355ms] [WARNING] WebGL: INVALID_ENUM: getInternalformatParameter: invalid internalformat @ https://challenges.cloudflare.com/cdn-cgi/challenge-platform/h/g/turnstile/f/av0/rchbol8i0NlaV3I2DkS29AOSXpa_rxAA9813ZnYwsGvvhQ-1785747165-1.3.1.1-p4oGIEAlapsqKR0hAnF9SXaGAmdYQM7TY..WEKdZbac/cg7ry/0x4AAAAAAAc2BQjPEms9tKlM/auto/fbE/failure_retry/normal?lang=auto:0
[-3325354ms] [WARNING] WebGL: INVALID_ENUM: getInternalformatParameter: invalid internalformat @ https://challenges.cloudflare.com/cdn-cgi/challenge-platform/h/g/turnstile/f/av0/rchbol8i0NlaV3I2DkS29AOSXpa_rxAA9813ZnYwsGvvhQ-1785747165-1.3.1.1-p4oGIEAlapsqKR0hAnF9SXaGAmdYQM7TY..WEKdZbac/cg7ry/0x4AAAAAAAc2BQjPEms9tKlM/auto/fbE/failure_retry/normal?lang=auto:0
[-3325354ms] [WARNING] WebGL: INVALID_ENUM: getInternalformatParameter: invalid internalformat @ https://challenges.cloudflare.com/cdn-cgi/challenge-platform/h/g/turnstile/f/av0/rchbol8i0NlaV3I2DkS29AOSXpa_rxAA9813ZnYwsGvvhQ-1785747165-1.3.1.1-p4oGIEAlapsqKR0hAnF9SXaGAmdYQM7TY..WEKdZbac/cg7ry/0x4AAAAAAAc2BQjPEms9tKlM/auto/fbE/failure_retry/normal?lang=auto:0
[-3325354ms] [WARNING] WebGL: INVALID_ENUM: getInternalformatParameter: invalid internalformat @ https://challenges.cloudflare.com/cdn-cgi/challenge-platform/h/g/turnstile/f/av0/rchbol8i0NlaV3I2DkS29AOSXpa_rxAA9813ZnYwsGvvhQ-1785747165-1.3.1.1-p4oGIEAlapsqKR0hAnF9SXaGAmdYQM7TY..WEKdZbac/cg7ry/0x4AAAAAAAc2BQjPEms9tKlM/auto/fbE/failure_retry/normal?lang=auto:0
[-3325354ms] [WARNING] WebGL: INVALID_ENUM: getInternalformatParameter: invalid internalformat @ https://challenges.cloudflare.com/cdn-cgi/challenge-platform/h/g/turnstile/f/av0/rchbol8i0NlaV3I2DkS29AOSXpa_rxAA9813ZnYwsGvvhQ-1785747165-1.3.1.1-p4oGIEAlapsqKR0hAnF9SXaGAmdYQM7TY..WEKdZbac/cg7ry/0x4AAAAAAAc2BQjPEms9tKlM/auto/fbE/failure_retry/normal?lang=auto:0
[-3325353ms] [WARNING] WebGL: INVALID_ENUM: getInternalformatParameter: invalid internalformat @ https://challenges.cloudflare.com/cdn-cgi/challenge-platform/h/g/turnstile/f/av0/rchbol8i0NlaV3I2DkS29AOSXpa_rxAA9813ZnYwsGvvhQ-1785747165-1.3.1.1-p4oGIEAlapsqKR0hAnF9SXaGAmdYQM7TY..WEKdZbac/cg7ry/0x4AAAAAAAc2BQjPEms9tKlM/auto/fbE/failure_retry/normal?lang=auto:0
[-3325350ms] [WARNING] WebGL: INVALID_ENUM: getInternalformatParameter: invalid internalformat when EXT_color_buffer_[half_]float is not enabled @ https://challenges.cloudflare.com/cdn-cgi/challenge-platform/h/g/turnstile/f/av0/rchbol8i0NlaV3I2DkS29AOSXpa_rxAA9813ZnYwsGvvhQ-1785747165-1.3.1.1-p4oGIEAlapsqKR0hAnF9SXaGAmdYQM7TY..WEKdZbac/cg7ry/0x4AAAAAAAc2BQjPEms9tKlM/auto/fbE/failure_retry/normal?lang=auto:0
[-3325350ms] [WARNING] WebGL: INVALID_ENUM: getInternalformatParameter: invalid internalformat when EXT_color_buffer_float is not enabled @ https://challenges.cloudflare.com/cdn-cgi/challenge-platform/h/g/turnstile/f/av0/rchbol8i0NlaV3I2DkS29AOSXpa_rxAA9813ZnYwsGvvhQ-1785747165-1.3.1.1-p4oGIEAlapsqKR0hAnF9SXaGAmdYQM7TY..WEKdZbac/cg7ry/0x4AAAAAAAc2BQjPEms9tKlM/auto/fbE/failure_retry/normal?lang=auto:0
[-3325350ms] [WARNING] WebGL: INVALID_ENUM: getInternalformatParameter: invalid internalformat when EXT_color_buffer_float is not enabled @ https://challenges.cloudflare.com/cdn-cgi/challenge-platform/h/g/turnstile/f/av0/rchbol8i0NlaV3I2DkS29AOSXpa_rxAA9813ZnYwsGvvhQ-1785747165-1.3.1.1-p4oGIEAlapsqKR0hAnF9SXaGAmdYQM7TY..WEKdZbac/cg7ry/0x4AAAAAAAc2BQjPEms9tKlM/auto/fbE/failure_retry/normal?lang=auto:0
[-3325350ms] [WARNING] WebGL: INVALID_ENUM: getInternalformatParameter: invalid internalformat @ https://challenges.cloudflare.com/cdn-cgi/challenge-platform/h/g/turnstile/f/av0/rchbol8i0NlaV3I2DkS29AOSXpa_rxAA9813ZnYwsGvvhQ-1785747165-1.3.1.1-p4oGIEAlapsqKR0hAnF9SXaGAmdYQM7TY..WEKdZbac/cg7ry/0x4AAAAAAAc2BQjPEms9tKlM/auto/fbE/failure_retry/normal?lang=auto:0
[-3325350ms] [WARNING] WebGL: INVALID_ENUM: getInternalformatParameter: invalid internalformat when EXT_color_buffer_[half_]float is not enabled @ https://challenges.cloudflare.com/cdn-cgi/challenge-platform/h/g/turnstile/f/av0/rchbol8i0NlaV3I2DkS29AOSXpa_rxAA9813ZnYwsGvvhQ-1785747165-1.3.1.1-p4oGIEAlapsqKR0hAnF9SXaGAmdYQM7TY..WEKdZbac/cg7ry/0x4AAAAAAAc2BQjPEms9tKlM/auto/fbE/failure_retry/normal?lang=auto:0
[-3325349ms] [WARNING] WebGL: INVALID_ENUM: getInternalformatParameter: invalid internalformat when EXT_color_buffer_float is not enabled @ https://challenges.cloudflare.com/cdn-cgi/challenge-platform/h/g/turnstile/f/av0/rchbol8i0NlaV3I2DkS29AOSXpa_rxAA9813ZnYwsGvvhQ-1785747165-1.3.1.1-p4oGIEAlapsqKR0hAnF9SXaGAmdYQM7TY..WEKdZbac/cg7ry/0x4AAAAAAAc2BQjPEms9tKlM/auto/fbE/failure_retry/normal?lang=auto:0
[-3325348ms] [WARNING] WebGL: INVALID_ENUM: getInternalformatParameter: invalid internalformat when EXT_color_buffer_[half_]float is not enabled @ https://challenges.cloudflare.com/cdn-cgi/challenge-platform/h/g/turnstile/f/av0/rchbol8i0NlaV3I2DkS29AOSXpa_rxAA9813ZnYwsGvvhQ-1785747165-1.3.1.1-p4oGIEAlapsqKR0hAnF9SXaGAmdYQM7TY..WEKdZbac/cg7ry/0x4AAAAAAAc2BQjPEms9tKlM/auto/fbE/failure_retry/normal?lang=auto:0
[-3325348ms] [WARNING] WebGL: INVALID_ENUM: getInternalformatParameter: invalid internalformat when EXT_color_buffer_float is not enabled @ https://challenges.cloudflare.com/cdn-cgi/challenge-platform/h/g/turnstile/f/av0/rchbol8i0NlaV3I2DkS29AOSXpa_rxAA9813ZnYwsGvvhQ-1785747165-1.3.1.1-p4oGIEAlapsqKR0hAnF9SXaGAmdYQM7TY..WEKdZbac/cg7ry/0x4AAAAAAAc2BQjPEms9tKlM/auto/fbE/failure_retry/normal?lang=auto:0
[-3325156ms] [WARNING] OTS parsing error: Size of decompressed WOFF 2.0 is less than compressed size @ https://challenges.cloudflare.com/cdn-cgi/challenge-platform/h/g/turnstile/f/av0/rchbol8i0NlaV3I2DkS29AOSXpa_rxAA9813ZnYwsGvvhQ-1785747165-1.3.1.1-p4oGIEAlapsqKR0hAnF9SXaGAmdYQM7TY..WEKdZbac/cg7ry/0x4AAAAAAAc2BQjPEms9tKlM/auto/fbE/failure_retry/normal?lang=auto:0
[-3325139ms] [WARNING] The powerPreference option is currently ignored when calling requestAdapter() on Windows. See https://crbug.com/369219127 @ https://challenges.cloudflare.com/cdn-cgi/challenge-platform/h/g/turnstile/f/av0/rchbol8i0NlaV3I2DkS29AOSXpa_rxAA9813ZnYwsGvvhQ-1785747165-1.3.1.1-p4oGIEAlapsqKR0hAnF9SXaGAmdYQM7TY..WEKdZbac/cg7ry/0x4AAAAAAAc2BQjPEms9tKlM/auto/fbE/failure_retry/normal?lang=auto:0
[-3325138ms] [WARNING] The powerPreference option is currently ignored when calling requestAdapter() on Windows. See https://crbug.com/369219127 @ https://challenges.cloudflare.com/cdn-cgi/challenge-platform/h/g/turnstile/f/av0/rchbol8i0NlaV3I2DkS29AOSXpa_rxAA9813ZnYwsGvvhQ-1785747165-1.3.1.1-p4oGIEAlapsqKR0hAnF9SXaGAmdYQM7TY..WEKdZbac/cg7ry/0x4AAAAAAAc2BQjPEms9tKlM/auto/fbE/failure_retry/normal?lang=auto:0
[-3325125ms] [WARNING] No available adapters. @ https://challenges.cloudflare.com/cdn-cgi/challenge-platform/h/g/turnstile/f/av0/rchbol8i0NlaV3I2DkS29AOSXpa_rxAA9813ZnYwsGvvhQ-1785747165-1.3.1.1-p4oGIEAlapsqKR0hAnF9SXaGAmdYQM7TY..WEKdZbac/cg7ry/0x4AAAAAAAc2BQjPEms9tKlM/auto/fbE/failure_retry/normal?lang=auto:0
[-3032040ms] [ERROR] Creating a TrustedTypePolicy named 'sanitizer' violates the following Content Security policy directive: "trusted-types nfFM8 default". The action has been blocked. @ chrome-extension://gjkaolmncjlagdhkamocpknlngfbfmnm/content_script.js:4931
[-3031802ms] [ERROR] Blocked script execution in 'about:blank' because the document's frame is sandboxed and the 'allow-scripts' permission is not set. @ https://challenges.cloudflare.com/cdn-cgi/challenge-platform/h/g/turnstile/f/av0/rch/cg7ry/0x4AAAAAAAc2BQjPEms9tKlM/auto/fbE/auto_expire/normal?lang=auto:0
[-3031802ms] [ERROR] Blocked script execution in 'about:blank' because the document's frame is sandboxed and the 'allow-scripts' permission is not set. @ https://challenges.cloudflare.com/cdn-cgi/challenge-platform/h/g/turnstile/f/av0/rch/cg7ry/0x4AAAAAAAc2BQjPEms9tKlM/auto/fbE/auto_expire/normal?lang=auto:0
[-3031800ms] [ERROR] Blocked script execution in 'about:blank' because the document's frame is sandboxed and the 'allow-scripts' permission is not set. @ https://challenges.cloudflare.com/cdn-cgi/challenge-platform/h/g/turnstile/f/av0/rch/cg7ry/0x4AAAAAAAc2BQjPEms9tKlM/auto/fbE/auto_expire/normal?lang=auto:0
[-3028130ms] [ERROR] Blocked script execution in 'about:blank' because the document's frame is sandboxed and the 'allow-scripts' permission is not set. @ https://challenges.cloudflare.com/cdn-cgi/challenge-platform/h/g/turnstile/f/av0/rch/cg7ry/0x4AAAAAAAc2BQjPEms9tKlM/auto/fbE/auto_expire/normal?lang=auto:0
[-3028129ms] [ERROR] Blocked script execution in 'about:blank' because the document's frame is sandboxed and the 'allow-scripts' permission is not set. @ https://challenges.cloudflare.com/cdn-cgi/challenge-platform/h/g/turnstile/f/av0/rch/cg7ry/0x4AAAAAAAc2BQjPEms9tKlM/auto/fbE/auto_expire/normal?lang=auto:0
[-3028123ms] [ERROR] Blocked script execution in 'about:blank' because the document's frame is sandboxed and the 'allow-scripts' permission is not set. @ https://challenges.cloudflare.com/cdn-cgi/challenge-platform/h/g/turnstile/f/av0/rch/cg7ry/0x4AAAAAAAc2BQjPEms9tKlM/auto/fbE/auto_expire/normal?lang=auto:0
[-3026172ms] [WARNING] WebGL: INVALID_ENUM: getInternalformatParameter: invalid internalformat @ https://challenges.cloudflare.com/cdn-cgi/challenge-platform/h/g/turnstile/f/av0/rch/cg7ry/0x4AAAAAAAc2BQjPEms9tKlM/auto/fbE/auto_expire/normal?lang=auto:0
[-3026171ms] [WARNING] WebGL: INVALID_ENUM: getInternalformatParameter: invalid internalformat @ https://challenges.cloudflare.com/cdn-cgi/challenge-platform/h/g/turnstile/f/av0/rch/cg7ry/0x4AAAAAAAc2BQjPEms9tKlM/auto/fbE/auto_expire/normal?lang=auto:0
[-3026170ms] [WARNING] WebGL: INVALID_ENUM: getInternalformatParameter: invalid internalformat @ https://challenges.cloudflare.com/cdn-cgi/challenge-platform/h/g/turnstile/f/av0/rch/cg7ry/0x4AAAAAAAc2BQjPEms9tKlM/auto/fbE/auto_expire/normal?lang=auto:0
[-3026169ms] [WARNING] WebGL: INVALID_ENUM: getInternalformatParameter: invalid internalformat @ https://challenges.cloudflare.com/cdn-cgi/challenge-platform/h/g/turnstile/f/av0/rch/cg7ry/0x4AAAAAAAc2BQjPEms9tKlM/auto/fbE/auto_expire/normal?lang=auto:0
[-3026169ms] [WARNING] WebGL: INVALID_ENUM: getInternalformatParameter: invalid internalformat @ https://challenges.cloudflare.com/cdn-cgi/challenge-platform/h/g/turnstile/f/av0/rch/cg7ry/0x4AAAAAAAc2BQjPEms9tKlM/auto/fbE/auto_expire/normal?lang=auto:0
[-3026169ms] [WARNING] WebGL: INVALID_ENUM: getInternalformatParameter: invalid internalformat @ https://challenges.cloudflare.com/cdn-cgi/challenge-platform/h/g/turnstile/f/av0/rch/cg7ry/0x4AAAAAAAc2BQjPEms9tKlM/auto/fbE/auto_expire/normal?lang=auto:0
[-3026169ms] [WARNING] WebGL: INVALID_ENUM: getInternalformatParameter: invalid internalformat @ https://challenges.cloudflare.com/cdn-cgi/challenge-platform/h/g/turnstile/f/av0/rch/cg7ry/0x4AAAAAAAc2BQjPEms9tKlM/auto/fbE/auto_expire/normal?lang=auto:0
[-3026169ms] [WARNING] WebGL: INVALID_ENUM: getInternalformatParameter: invalid internalformat @ https://challenges.cloudflare.com/cdn-cgi/challenge-platform/h/g/turnstile/f/av0/rch/cg7ry/0x4AAAAAAAc2BQjPEms9tKlM/auto/fbE/auto_expire/normal?lang=auto:0
[-3026169ms] [WARNING] WebGL: INVALID_ENUM: getInternalformatParameter: invalid internalformat @ https://challenges.cloudflare.com/cdn-cgi/challenge-platform/h/g/turnstile/f/av0/rch/cg7ry/0x4AAAAAAAc2BQjPEms9tKlM/auto/fbE/auto_expire/normal?lang=auto:0
[-3026168ms] [WARNING] WebGL: INVALID_ENUM: getInternalformatParameter: invalid internalformat @ https://challenges.cloudflare.com/cdn-cgi/challenge-platform/h/g/turnstile/f/av0/rch/cg7ry/0x4AAAAAAAc2BQjPEms9tKlM/auto/fbE/auto_expire/normal?lang=auto:0
[-3026168ms] [WARNING] WebGL: INVALID_ENUM: getInternalformatParameter: invalid internalformat @ https://challenges.cloudflare.com/cdn-cgi/challenge-platform/h/g/turnstile/f/av0/rch/cg7ry/0x4AAAAAAAc2BQjPEms9tKlM/auto/fbE/auto_expire/normal?lang=auto:0
[-3026164ms] [WARNING] WebGL: INVALID_ENUM: getInternalformatParameter: invalid internalformat when EXT_color_buffer_[half_]float is not enabled @ https://challenges.cloudflare.com/cdn-cgi/challenge-platform/h/g/turnstile/f/av0/rch/cg7ry/0x4AAAAAAAc2BQjPEms9tKlM/auto/fbE/auto_expire/normal?lang=auto:0
[-3026164ms] [WARNING] WebGL: INVALID_ENUM: getInternalformatParameter: invalid internalformat when EXT_color_buffer_float is not enabled @ https://challenges.cloudflare.com/cdn-cgi/challenge-platform/h/g/turnstile/f/av0/rch/cg7ry/0x4AAAAAAAc2BQjPEms9tKlM/auto/fbE/auto_expire/normal?lang=auto:0
[-3026164ms] [WARNING] WebGL: INVALID_ENUM: getInternalformatParameter: invalid internalformat when EXT_color_buffer_float is not enabled @ https://challenges.cloudflare.com/cdn-cgi/challenge-platform/h/g/turnstile/f/av0/rch/cg7ry/0x4AAAAAAAc2BQjPEms9tKlM/auto/fbE/auto_expire/normal?lang=auto:0
[-3026164ms] [WARNING] WebGL: INVALID_ENUM: getInternalformatParameter: invalid internalformat @ https://challenges.cloudflare.com/cdn-cgi/challenge-platform/h/g/turnstile/f/av0/rch/cg7ry/0x4AAAAAAAc2BQjPEms9tKlM/auto/fbE/auto_expire/normal?lang=auto:0
[-3026163ms] [WARNING] WebGL: INVALID_ENUM: getInternalformatParameter: invalid internalformat when EXT_color_buffer_[half_]float is not enabled @ https://challenges.cloudflare.com/cdn-cgi/challenge-platform/h/g/turnstile/f/av0/rch/cg7ry/0x4AAAAAAAc2BQjPEms9tKlM/auto/fbE/auto_expire/normal?lang=auto:0
[-3026163ms] [WARNING] WebGL: INVALID_ENUM: getInternalformatParameter: invalid internalformat when EXT_color_buffer_float is not enabled @ https://challenges.cloudflare.com/cdn-cgi/challenge-platform/h/g/turnstile/f/av0/rch/cg7ry/0x4AAAAAAAc2BQjPEms9tKlM/auto/fbE/auto_expire/normal?lang=auto:0
[-3026163ms] [WARNING] WebGL: INVALID_ENUM: getInternalformatParameter: invalid internalformat when EXT_color_buffer_[half_]float is not enabled @ https://challenges.cloudflare.com/cdn-cgi/challenge-platform/h/g/turnstile/f/av0/rch/cg7ry/0x4AAAAAAAc2BQjPEms9tKlM/auto/fbE/auto_expire/normal?lang=auto:0
[-3026163ms] [WARNING] WebGL: INVALID_ENUM: getInternalformatParameter: invalid internalformat when EXT_color_buffer_float is not enabled @ https://challenges.cloudflare.com/cdn-cgi/challenge-platform/h/g/turnstile/f/av0/rch/cg7ry/0x4AAAAAAAc2BQjPEms9tKlM/auto/fbE/auto_expire/normal?lang=auto:0
[-3026058ms] [WARNING] OTS parsing error: Size of decompressed WOFF 2.0 is less than compressed size @ https://challenges.cloudflare.com/cdn-cgi/challenge-platform/h/g/turnstile/f/av0/rch/cg7ry/0x4AAAAAAAc2BQjPEms9tKlM/auto/fbE/auto_expire/normal?lang=auto:0
[-3026022ms] [WARNING] The powerPreference option is currently ignored when calling requestAdapter() on Windows. See https://crbug.com/369219127 @ https://challenges.cloudflare.com/cdn-cgi/challenge-platform/h/g/turnstile/f/av0/rch/cg7ry/0x4AAAAAAAc2BQjPEms9tKlM/auto/fbE/auto_expire/normal?lang=auto:0
[-3026021ms] [WARNING] The powerPreference option is currently ignored when calling requestAdapter() on Windows. See https://crbug.com/369219127 @ https://challenges.cloudflare.com/cdn-cgi/challenge-platform/h/g/turnstile/f/av0/rch/cg7ry/0x4AAAAAAAc2BQjPEms9tKlM/auto/fbE/auto_expire/normal?lang=auto:0
[-3026011ms] [WARNING] No available adapters. @ https://challenges.cloudflare.com/cdn-cgi/challenge-platform/h/g/turnstile/f/av0/rch/cg7ry/0x4AAAAAAAc2BQjPEms9tKlM/auto/fbE/auto_expire/normal?lang=auto:0
[-2733545ms] [ERROR] Creating a TrustedTypePolicy named 'sanitizer' violates the following Content Security policy directive: "trusted-types nfFM8 default". The action has been blocked. @ chrome-extension://gjkaolmncjlagdhkamocpknlngfbfmnm/content_script.js:4931
[-2733105ms] [ERROR] Blocked script execution in 'about:blank' because the document's frame is sandboxed and the 'allow-scripts' permission is not set. @ https://challenges.cloudflare.com/cdn-cgi/challenge-platform/h/g/turnstile/f/av0/rch/cg7ry/0x4AAAAAAAc2BQjPEms9tKlM/auto/fbE/auto_expire/normal?lang=auto:0
[-2733105ms] [ERROR] Blocked script execution in 'about:blank' because the document's frame is sandboxed and the 'allow-scripts' permission is not set. @ https://challenges.cloudflare.com/cdn-cgi/challenge-platform/h/g/turnstile/f/av0/rch/cg7ry/0x4AAAAAAAc2BQjPEms9tKlM/auto/fbE/auto_expire/normal?lang=auto:0
[-2733102ms] [ERROR] Blocked script execution in 'about:blank' because the document's frame is sandboxed and the 'allow-scripts' permission is not set. @ https://challenges.cloudflare.com/cdn-cgi/challenge-platform/h/g/turnstile/f/av0/rch/cg7ry/0x4AAAAAAAc2BQjPEms9tKlM/auto/fbE/auto_expire/normal?lang=auto:0
[-2728887ms] [ERROR] Blocked script execution in 'about:blank' because the document's frame is sandboxed and the 'allow-scripts' permission is not set. @ https://challenges.cloudflare.com/cdn-cgi/challenge-platform/h/g/turnstile/f/av0/rch/cg7ry/0x4AAAAAAAc2BQjPEms9tKlM/auto/fbE/auto_expire/normal?lang=auto:0
[-2728887ms] [ERROR] Blocked script execution in 'about:blank' because the document's frame is sandboxed and the 'allow-scripts' permission is not set. @ https://challenges.cloudflare.com/cdn-cgi/challenge-platform/h/g/turnstile/f/av0/rch/cg7ry/0x4AAAAAAAc2BQjPEms9tKlM/auto/fbE/auto_expire/normal?lang=auto:0
[-2728885ms] [ERROR] Blocked script execution in 'about:blank' because the document's frame is sandboxed and the 'allow-scripts' permission is not set. @ https://challenges.cloudflare.com/cdn-cgi/challenge-platform/h/g/turnstile/f/av0/rch/cg7ry/0x4AAAAAAAc2BQjPEms9tKlM/auto/fbE/auto_expire/normal?lang=auto:0
[-2728554ms] [WARNING] WebGL: INVALID_ENUM: getInternalformatParameter: invalid internalformat @ https://challenges.cloudflare.com/cdn-cgi/challenge-platform/h/g/turnstile/f/av0/rch/cg7ry/0x4AAAAAAAc2BQjPEms9tKlM/auto/fbE/auto_expire/normal?lang=auto:0
[-2728552ms] [WARNING] WebGL: INVALID_ENUM: getInternalformatParameter: invalid internalformat @ https://challenges.cloudflare.com/cdn-cgi/challenge-platform/h/g/turnstile/f/av0/rch/cg7ry/0x4AAAAAAAc2BQjPEms9tKlM/auto/fbE/auto_expire/normal?lang=auto:0
[-2728551ms] [WARNING] WebGL: INVALID_ENUM: getInternalformatParameter: invalid internalformat @ https://challenges.cloudflare.com/cdn-cgi/challenge-platform/h/g/turnstile/f/av0/rch/cg7ry/0x4AAAAAAAc2BQjPEms9tKlM/auto/fbE/auto_expire/normal?lang=auto:0
[-2728551ms] [WARNING] WebGL: INVALID_ENUM: getInternalformatParameter: invalid internalformat @ https://challenges.cloudflare.com/cdn-cgi/challenge-platform/h/g/turnstile/f/av0/rch/cg7ry/0x4AAAAAAAc2BQjPEms9tKlM/auto/fbE/auto_expire/normal?lang=auto:0
[-2728550ms] [WARNING] WebGL: INVALID_ENUM: getInternalformatParameter: invalid internalformat @ https://challenges.cloudflare.com/cdn-cgi/challenge-platform/h/g/turnstile/f/av0/rch/cg7ry/0x4AAAAAAAc2BQjPEms9tKlM/auto/fbE/auto_expire/normal?lang=auto:0
[-2728550ms] [WARNING] WebGL: INVALID_ENUM: getInternalformatParameter: invalid internalformat @ https://challenges.cloudflare.com/cdn-cgi/challenge-platform/h/g/turnstile/f/av0/rch/cg7ry/0x4AAAAAAAc2BQjPEms9tKlM/auto/fbE/auto_expire/normal?lang=auto:0
[-2728550ms] [WARNING] WebGL: INVALID_ENUM: getInternalformatParameter: invalid internalformat @ https://challenges.cloudflare.com/cdn-cgi/challenge-platform/h/g/turnstile/f/av0/rch/cg7ry/0x4AAAAAAAc2BQjPEms9tKlM/auto/fbE/auto_expire/normal?lang=auto:0
[-2728550ms] [WARNING] WebGL: INVALID_ENUM: getInternalformatParameter: invalid internalformat @ https://challenges.cloudflare.com/cdn-cgi/challenge-platform/h/g/turnstile/f/av0/rch/cg7ry/0x4AAAAAAAc2BQjPEms9tKlM/auto/fbE/auto_expire/normal?lang=auto:0
[-2728550ms] [WARNING] WebGL: INVALID_ENUM: getInternalformatParameter: invalid internalformat @ https://challenges.cloudflare.com/cdn-cgi/challenge-platform/h/g/turnstile/f/av0/rch/cg7ry/0x4AAAAAAAc2BQjPEms9tKlM/auto/fbE/auto_expire/normal?lang=auto:0
[-2728550ms] [WARNING] WebGL: INVALID_ENUM: getInternalformatParameter: invalid internalformat @ https://challenges.cloudflare.com/cdn-cgi/challenge-platform/h/g/turnstile/f/av0/rch/cg7ry/0x4AAAAAAAc2BQjPEms9tKlM/auto/fbE/auto_expire/normal?lang=auto:0
[-2728549ms] [WARNING] WebGL: INVALID_ENUM: getInternalformatParameter: invalid internalformat @ https://challenges.cloudflare.com/cdn-cgi/challenge-platform/h/g/turnstile/f/av0/rch/cg7ry/0x4AAAAAAAc2BQjPEms9tKlM/auto/fbE/auto_expire/normal?lang=auto:0
[-2728547ms] [WARNING] WebGL: INVALID_ENUM: getInternalformatParameter: invalid internalformat when EXT_color_buffer_[half_]float is not enabled @ https://challenges.cloudflare.com/cdn-cgi/challenge-platform/h/g/turnstile/f/av0/rch/cg7ry/0x4AAAAAAAc2BQjPEms9tKlM/auto/fbE/auto_expire/normal?lang=auto:0
[-2728547ms] [WARNING] WebGL: INVALID_ENUM: getInternalformatParameter: invalid internalformat when EXT_color_buffer_float is not enabled @ https://challenges.cloudflare.com/cdn-cgi/challenge-platform/h/g/turnstile/f/av0/rch/cg7ry/0x4AAAAAAAc2BQjPEms9tKlM/auto/fbE/auto_expire/normal?lang=auto:0
[-2728547ms] [WARNING] WebGL: INVALID_ENUM: getInternalformatParameter: invalid internalformat when EXT_color_buffer_float is not enabled @ https://challenges.cloudflare.com/cdn-cgi/challenge-platform/h/g/turnstile/f/av0/rch/cg7ry/0x4AAAAAAAc2BQjPEms9tKlM/auto/fbE/auto_expire/normal?lang=auto:0
[-2728547ms] [WARNING] WebGL: INVALID_ENUM: getInternalformatParameter: invalid internalformat @ https://challenges.cloudflare.com/cdn-cgi/challenge-platform/h/g/turnstile/f/av0/rch/cg7ry/0x4AAAAAAAc2BQjPEms9tKlM/auto/fbE/auto_expire/normal?lang=auto:0
[-2728547ms] [WARNING] WebGL: INVALID_ENUM: getInternalformatParameter: invalid internalformat when EXT_color_buffer_[half_]float is not enabled @ https://challenges.cloudflare.com/cdn-cgi/challenge-platform/h/g/turnstile/f/av0/rch/cg7ry/0x4AAAAAAAc2BQjPEms9tKlM/auto/fbE/auto_expire/normal?lang=auto:0
[-2728547ms] [WARNING] WebGL: INVALID_ENUM: getInternalformatParameter: invalid internalformat when EXT_color_buffer_float is not enabled @ https://challenges.cloudflare.com/cdn-cgi/challenge-platform/h/g/turnstile/f/av0/rch/cg7ry/0x4AAAAAAAc2BQjPEms9tKlM/auto/fbE/auto_expire/normal?lang=auto:0
[-2728547ms] [WARNING] WebGL: INVALID_ENUM: getInternalformatParameter: invalid internalformat when EXT_color_buffer_[half_]float is not enabled @ https://challenges.cloudflare.com/cdn-cgi/challenge-platform/h/g/turnstile/f/av0/rch/cg7ry/0x4AAAAAAAc2BQjPEms9tKlM/auto/fbE/auto_expire/normal?lang=auto:0
[-2728547ms] [WARNING] WebGL: INVALID_ENUM: getInternalformatParameter: invalid internalformat when EXT_color_buffer_float is not enabled @ https://challenges.cloudflare.com/cdn-cgi/challenge-platform/h/g/turnstile/f/av0/rch/cg7ry/0x4AAAAAAAc2BQjPEms9tKlM/auto/fbE/auto_expire/normal?lang=auto:0
[-2728412ms] [WARNING] The powerPreference option is currently ignored when calling requestAdapter() on Windows. See https://crbug.com/369219127 @ https://challenges.cloudflare.com/cdn-cgi/challenge-platform/h/g/turnstile/f/av0/rch/cg7ry/0x4AAAAAAAc2BQjPEms9tKlM/auto/fbE/auto_expire/normal?lang=auto:0
[-2728412ms] [WARNING] The powerPreference option is currently ignored when calling requestAdapter() on Windows. See https://crbug.com/369219127 @ https://challenges.cloudflare.com/cdn-cgi/challenge-platform/h/g/turnstile/f/av0/rch/cg7ry/0x4AAAAAAAc2BQjPEms9tKlM/auto/fbE/auto_expire/normal?lang=auto:0
[-2728381ms] [WARNING] No available adapters. @ https://challenges.cloudflare.com/cdn-cgi/challenge-platform/h/g/turnstile/f/av0/rch/cg7ry/0x4AAAAAAAc2BQjPEms9tKlM/auto/fbE/auto_expire/normal?lang=auto:0
[-2726864ms] [WARNING] OTS parsing error: Size of decompressed WOFF 2.0 is less than compressed size @ https://challenges.cloudflare.com/cdn-cgi/challenge-platform/h/g/turnstile/f/av0/rch/cg7ry/0x4AAAAAAAc2BQjPEms9tKlM/auto/fbE/auto_expire/normal?lang=auto:0
[-2659663ms] [ERROR] Creating a TrustedTypePolicy named 'sanitizer' violates the following Content Security policy directive: "trusted-types nfFM8 default". The action has been blocked. @ chrome-extension://gjkaolmncjlagdhkamocpknlngfbfmnm/content_script.js:4931
[-2658596ms] [ERROR] Blocked script execution in 'about:blank' because the document's frame is sandboxed and the 'allow-scripts' permission is not set. @ https://challenges.cloudflare.com/cdn-cgi/challenge-platform/h/g/turnstile/f/av0/rch/cg7ry/0x4AAAAAAAc2BQjPEms9tKlM/auto/fbE/upgrade_reload/normal?lang=auto:0
[-2658595ms] [ERROR] Blocked script execution in 'about:blank' because the document's frame is sandboxed and the 'allow-scripts' permission is not set. @ https://challenges.cloudflare.com/cdn-cgi/challenge-platform/h/g/turnstile/f/av0/rch/cg7ry/0x4AAAAAAAc2BQjPEms9tKlM/auto/fbE/upgrade_reload/normal?lang=auto:0
[-2658593ms] [ERROR] Blocked script execution in 'about:blank' because the document's frame is sandboxed and the 'allow-scripts' permission is not set. @ https://challenges.cloudflare.com/cdn-cgi/challenge-platform/h/g/turnstile/f/av0/rch/cg7ry/0x4AAAAAAAc2BQjPEms9tKlM/auto/fbE/upgrade_reload/normal?lang=auto:0
[-2644400ms] [WARNING] WebGL: INVALID_ENUM: getInternalformatParameter: invalid internalformat @ https://challenges.cloudflare.com/cdn-cgi/challenge-platform/h/g/turnstile/f/av0/rch/cg7ry/0x4AAAAAAAc2BQjPEms9tKlM/auto/fbE/upgrade_reload/normal?lang=auto:0
[-2644399ms] [WARNING] WebGL: INVALID_ENUM: getInternalformatParameter: invalid internalformat @ https://challenges.cloudflare.com/cdn-cgi/challenge-platform/h/g/turnstile/f/av0/rch/cg7ry/0x4AAAAAAAc2BQjPEms9tKlM/auto/fbE/upgrade_reload/normal?lang=auto:0
[-2644398ms] [WARNING] WebGL: INVALID_ENUM: getInternalformatParameter: invalid internalformat @ https://challenges.cloudflare.com/cdn-cgi/challenge-platform/h/g/turnstile/f/av0/rch/cg7ry/0x4AAAAAAAc2BQjPEms9tKlM/auto/fbE/upgrade_reload/normal?lang=auto:0
[-2644398ms] [WARNING] WebGL: INVALID_ENUM: getInternalformatParameter: invalid internalformat @ https://challenges.cloudflare.com/cdn-cgi/challenge-platform/h/g/turnstile/f/av0/rch/cg7ry/0x4AAAAAAAc2BQjPEms9tKlM/auto/fbE/upgrade_reload/normal?lang=auto:0
[-2644398ms] [WARNING] WebGL: INVALID_ENUM: getInternalformatParameter: invalid internalformat @ https://challenges.cloudflare.com/cdn-cgi/challenge-platform/h/g/turnstile/f/av0/rch/cg7ry/0x4AAAAAAAc2BQjPEms9tKlM/auto/fbE/upgrade_reload/normal?lang=auto:0
[-2644398ms] [WARNING] WebGL: INVALID_ENUM: getInternalformatParameter: invalid internalformat @ https://challenges.cloudflare.com/cdn-cgi/challenge-platform/h/g/turnstile/f/av0/rch/cg7ry/0x4AAAAAAAc2BQjPEms9tKlM/auto/fbE/upgrade_reload/normal?lang=auto:0
[-2644398ms] [WARNING] WebGL: INVALID_ENUM: getInternalformatParameter: invalid internalformat @ https://challenges.cloudflare.com/cdn-cgi/challenge-platform/h/g/turnstile/f/av0/rch/cg7ry/0x4AAAAAAAc2BQjPEms9tKlM/auto/fbE/upgrade_reload/normal?lang=auto:0
[-2644397ms] [WARNING] WebGL: INVALID_ENUM: getInternalformatParameter: invalid internalformat @ https://challenges.cloudflare.com/cdn-cgi/challenge-platform/h/g/turnstile/f/av0/rch/cg7ry/0x4AAAAAAAc2BQjPEms9tKlM/auto/fbE/upgrade_reload/normal?lang=auto:0
[-2644397ms] [WARNING] WebGL: INVALID_ENUM: getInternalformatParameter: invalid internalformat @ https://challenges.cloudflare.com/cdn-cgi/challenge-platform/h/g/turnstile/f/av0/rch/cg7ry/0x4AAAAAAAc2BQjPEms9tKlM/auto/fbE/upgrade_reload/normal?lang=auto:0
[-2644397ms] [WARNING] WebGL: INVALID_ENUM: getInternalformatParameter: invalid internalformat @ https://challenges.cloudflare.com/cdn-cgi/challenge-platform/h/g/turnstile/f/av0/rch/cg7ry/0x4AAAAAAAc2BQjPEms9tKlM/auto/fbE/upgrade_reload/normal?lang=auto:0
[-2644397ms] [WARNING] WebGL: INVALID_ENUM: getInternalformatParameter: invalid internalformat @ https://challenges.cloudflare.com/cdn-cgi/challenge-platform/h/g/turnstile/f/av0/rch/cg7ry/0x4AAAAAAAc2BQjPEms9tKlM/auto/fbE/upgrade_reload/normal?lang=auto:0
[-2644395ms] [WARNING] WebGL: INVALID_ENUM: getInternalformatParameter: invalid internalformat when EXT_color_buffer_[half_]float is not enabled @ https://challenges.cloudflare.com/cdn-cgi/challenge-platform/h/g/turnstile/f/av0/rch/cg7ry/0x4AAAAAAAc2BQjPEms9tKlM/auto/fbE/upgrade_reload/normal?lang=auto:0
[-2644395ms] [WARNING] WebGL: INVALID_ENUM: getInternalformatParameter: invalid internalformat when EXT_color_buffer_float is not enabled @ https://challenges.cloudflare.com/cdn-cgi/challenge-platform/h/g/turnstile/f/av0/rch/cg7ry/0x4AAAAAAAc2BQjPEms9tKlM/auto/fbE/upgrade_reload/normal?lang=auto:0
[-2644395ms] [WARNING] WebGL: INVALID_ENUM: getInternalformatParameter: invalid internalformat when EXT_color_buffer_float is not enabled @ https://challenges.cloudflare.com/cdn-cgi/challenge-platform/h/g/turnstile/f/av0/rch/cg7ry/0x4AAAAAAAc2BQjPEms9tKlM/auto/fbE/upgrade_reload/normal?lang=auto:0
[-2644395ms] [WARNING] WebGL: INVALID_ENUM: getInternalformatParameter: invalid internalformat @ https://challenges.cloudflare.com/cdn-cgi/challenge-platform/h/g/turnstile/f/av0/rch/cg7ry/0x4AAAAAAAc2BQjPEms9tKlM/auto/fbE/upgrade_reload/normal?lang=auto:0
[-2644395ms] [WARNING] WebGL: INVALID_ENUM: getInternalformatParameter: invalid internalformat when EXT_color_buffer_[half_]float is not enabled @ https://challenges.cloudflare.com/cdn-cgi/challenge-platform/h/g/turnstile/f/av0/rch/cg7ry/0x4AAAAAAAc2BQjPEms9tKlM/auto/fbE/upgrade_reload/normal?lang=auto:0
[-2644395ms] [WARNING] WebGL: INVALID_ENUM: getInternalformatParameter: invalid internalformat when EXT_color_buffer_float is not enabled @ https://challenges.cloudflare.com/cdn-cgi/challenge-platform/h/g/turnstile/f/av0/rch/cg7ry/0x4AAAAAAAc2BQjPEms9tKlM/auto/fbE/upgrade_reload/normal?lang=auto:0
[-2644395ms] [WARNING] WebGL: INVALID_ENUM: getInternalformatParameter: invalid internalformat when EXT_color_buffer_[half_]float is not enabled @ https://challenges.cloudflare.com/cdn-cgi/challenge-platform/h/g/turnstile/f/av0/rch/cg7ry/0x4AAAAAAAc2BQjPEms9tKlM/auto/fbE/upgrade_reload/normal?lang=auto:0
[-2644395ms] [WARNING] WebGL: INVALID_ENUM: getInternalformatParameter: invalid internalformat when EXT_color_buffer_float is not enabled @ https://challenges.cloudflare.com/cdn-cgi/challenge-platform/h/g/turnstile/f/av0/rch/cg7ry/0x4AAAAAAAc2BQjPEms9tKlM/auto/fbE/upgrade_reload/normal?lang=auto:0
[-2644226ms] [WARNING] The powerPreference option is currently ignored when calling requestAdapter() on Windows. See https://crbug.com/369219127 @ https://challenges.cloudflare.com/cdn-cgi/challenge-platform/h/g/turnstile/f/av0/rch/cg7ry/0x4AAAAAAAc2BQjPEms9tKlM/auto/fbE/upgrade_reload/normal?lang=auto:0
[-2644226ms] [WARNING] The powerPreference option is currently ignored when calling requestAdapter() on Windows. See https://crbug.com/369219127 @ https://challenges.cloudflare.com/cdn-cgi/challenge-platform/h/g/turnstile/f/av0/rch/cg7ry/0x4AAAAAAAc2BQjPEms9tKlM/auto/fbE/upgrade_reload/normal?lang=auto:0
[-2644213ms] [WARNING] No available adapters. @ https://challenges.cloudflare.com/cdn-cgi/challenge-platform/h/g/turnstile/f/av0/rch/cg7ry/0x4AAAAAAAc2BQjPEms9tKlM/auto/fbE/upgrade_reload/normal?lang=auto:0
[-2643780ms] [ERROR] Blocked script execution in 'about:blank' because the document's frame is sandboxed and the 'allow-scripts' permission is not set. @ https://challenges.cloudflare.com/cdn-cgi/challenge-platform/h/g/turnstile/f/av0/rch/cg7ry/0x4AAAAAAAc2BQjPEms9tKlM/auto/fbE/upgrade_reload/normal?lang=auto:0
[-2643780ms] [ERROR] Blocked script execution in 'about:blank' because the document's frame is sandboxed and the 'allow-scripts' permission is not set. @ https://challenges.cloudflare.com/cdn-cgi/challenge-platform/h/g/turnstile/f/av0/rch/cg7ry/0x4AAAAAAAc2BQjPEms9tKlM/auto/fbE/upgrade_reload/normal?lang=auto:0
[-2643777ms] [ERROR] Blocked script execution in 'about:blank' because the document's frame is sandboxed and the 'allow-scripts' permission is not set. @ https://challenges.cloudflare.com/cdn-cgi/challenge-platform/h/g/turnstile/f/av0/rch/cg7ry/0x4AAAAAAAc2BQjPEms9tKlM/auto/fbE/upgrade_reload/normal?lang=auto:0
[-2643685ms] [WARNING] OTS parsing error: Size of decompressed WOFF 2.0 is less than compressed size @ https://challenges.cloudflare.com/cdn-cgi/challenge-platform/h/g/turnstile/f/av0/rch/cg7ry/0x4AAAAAAAc2BQjPEms9tKlM/auto/fbE/upgrade_reload/normal?lang=auto:0
[-2351286ms] [ERROR] Creating a TrustedTypePolicy named 'sanitizer' violates the following Content Security policy directive: "trusted-types nfFM8 default". The action has been blocked. @ chrome-extension://gjkaolmncjlagdhkamocpknlngfbfmnm/content_script.js:4931
[-2350504ms] [ERROR] Blocked script execution in 'about:blank' because the document's frame is sandboxed and the 'allow-scripts' permission is not set. @ https://challenges.cloudflare.com/cdn-cgi/challenge-platform/h/g/turnstile/f/av0/rch/cg7ry/0x4AAAAAAAc2BQjPEms9tKlM/auto/fbE/auto_expire/normal?lang=auto:0
[-2350503ms] [ERROR] Blocked script execution in 'about:blank' because the document's frame is sandboxed and the 'allow-scripts' permission is not set. @ https://challenges.cloudflare.com/cdn-cgi/challenge-platform/h/g/turnstile/f/av0/rch/cg7ry/0x4AAAAAAAc2BQjPEms9tKlM/auto/fbE/auto_expire/normal?lang=auto:0
[-2350498ms] [ERROR] Blocked script execution in 'about:blank' because the document's frame is sandboxed and the 'allow-scripts' permission is not set. @ https://challenges.cloudflare.com/cdn-cgi/challenge-platform/h/g/turnstile/f/av0/rch/cg7ry/0x4AAAAAAAc2BQjPEms9tKlM/auto/fbE/auto_expire/normal?lang=auto:0
[ -719386ms] [ERROR] Blocked script execution in 'about:blank' because the document's frame is sandboxed and the 'allow-scripts' permission is not set. @ https://challenges.cloudflare.com/cdn-cgi/challenge-platform/h/g/turnstile/f/av0/rch/cg7ry/0x4AAAAAAAc2BQjPEms9tKlM/auto/fbE/auto_expire/normal?lang=auto:0
[ -719386ms] [ERROR] Blocked script execution in 'about:blank' because the document's frame is sandboxed and the 'allow-scripts' permission is not set. @ https://challenges.cloudflare.com/cdn-cgi/challenge-platform/h/g/turnstile/f/av0/rch/cg7ry/0x4AAAAAAAc2BQjPEms9tKlM/auto/fbE/auto_expire/normal?lang=auto:0
[ -719379ms] [ERROR] Blocked script execution in 'about:blank' because the document's frame is sandboxed and the 'allow-scripts' permission is not set. @ https://challenges.cloudflare.com/cdn-cgi/challenge-platform/h/g/turnstile/f/av0/rch/cg7ry/0x4AAAAAAAc2BQjPEms9tKlM/auto/fbE/auto_expire/normal?lang=auto:0
[ -716941ms] [WARNING] WebGL: INVALID_ENUM: getInternalformatParameter: invalid internalformat @ https://challenges.cloudflare.com/cdn-cgi/challenge-platform/h/g/turnstile/f/av0/rch/cg7ry/0x4AAAAAAAc2BQjPEms9tKlM/auto/fbE/auto_expire/normal?lang=auto:0
[ -716935ms] [WARNING] WebGL: INVALID_ENUM: getInternalformatParameter: invalid internalformat @ https://challenges.cloudflare.com/cdn-cgi/challenge-platform/h/g/turnstile/f/av0/rch/cg7ry/0x4AAAAAAAc2BQjPEms9tKlM/auto/fbE/auto_expire/normal?lang=auto:0
[ -716928ms] [WARNING] WebGL: INVALID_ENUM: getInternalformatParameter: invalid internalformat @ https://challenges.cloudflare.com/cdn-cgi/challenge-platform/h/g/turnstile/f/av0/rch/cg7ry/0x4AAAAAAAc2BQjPEms9tKlM/auto/fbE/auto_expire/normal?lang=auto:0
[ -716928ms] [WARNING] WebGL: INVALID_ENUM: getInternalformatParameter: invalid internalformat @ https://challenges.cloudflare.com/cdn-cgi/challenge-platform/h/g/turnstile/f/av0/rch/cg7ry/0x4AAAAAAAc2BQjPEms9tKlM/auto/fbE/auto_expire/normal?lang=auto:0
[ -716928ms] [WARNING] WebGL: INVALID_ENUM: getInternalformatParameter: invalid internalformat @ https://challenges.cloudflare.com/cdn-cgi/challenge-platform/h/g/turnstile/f/av0/rch/cg7ry/0x4AAAAAAAc2BQjPEms9tKlM/auto/fbE/auto_expire/normal?lang=auto:0
[ -716928ms] [WARNING] WebGL: INVALID_ENUM: getInternalformatParameter: invalid internalformat @ https://challenges.cloudflare.com/cdn-cgi/challenge-platform/h/g/turnstile/f/av0/rch/cg7ry/0x4AAAAAAAc2BQjPEms9tKlM/auto/fbE/auto_expire/normal?lang=auto:0
[ -716928ms] [WARNING] WebGL: INVALID_ENUM: getInternalformatParameter: invalid internalformat @ https://challenges.cloudflare.com/cdn-cgi/challenge-platform/h/g/turnstile/f/av0/rch/cg7ry/0x4AAAAAAAc2BQjPEms9tKlM/auto/fbE/auto_expire/normal?lang=auto:0
[ -716920ms] [WARNING] WebGL: INVALID_ENUM: getInternalformatParameter: invalid internalformat @ https://challenges.cloudflare.com/cdn-cgi/challenge-platform/h/g/turnstile/f/av0/rch/cg7ry/0x4AAAAAAAc2BQjPEms9tKlM/auto/fbE/auto_expire/normal?lang=auto:0
[ -716918ms] [WARNING] WebGL: INVALID_ENUM: getInternalformatParameter: invalid internalformat @ https://challenges.cloudflare.com/cdn-cgi/challenge-platform/h/g/turnstile/f/av0/rch/cg7ry/0x4AAAAAAAc2BQjPEms9tKlM/auto/fbE/auto_expire/normal?lang=auto:0
[ -716918ms] [WARNING] WebGL: INVALID_ENUM: getInternalformatParameter: invalid internalformat @ https://challenges.cloudflare.com/cdn-cgi/challenge-platform/h/g/turnstile/f/av0/rch/cg7ry/0x4AAAAAAAc2BQjPEms9tKlM/auto/fbE/auto_expire/normal?lang=auto:0
[ -716908ms] [WARNING] WebGL: INVALID_ENUM: getInternalformatParameter: invalid internalformat @ https://challenges.cloudflare.com/cdn-cgi/challenge-platform/h/g/turnstile/f/av0/rch/cg7ry/0x4AAAAAAAc2BQjPEms9tKlM/auto/fbE/auto_expire/normal?lang=auto:0
[ -716881ms] [WARNING] WebGL: INVALID_ENUM: getInternalformatParameter: invalid internalformat when EXT_color_buffer_[half_]float is not enabled @ https://challenges.cloudflare.com/cdn-cgi/challenge-platform/h/g/turnstile/f/av0/rch/cg7ry/0x4AAAAAAAc2BQjPEms9tKlM/auto/fbE/auto_expire/normal?lang=auto:0
[ -716880ms] [WARNING] WebGL: INVALID_ENUM: getInternalformatParameter: invalid internalformat when EXT_color_buffer_float is not enabled @ https://challenges.cloudflare.com/cdn-cgi/challenge-platform/h/g/turnstile/f/av0/rch/cg7ry/0x4AAAAAAAc2BQjPEms9tKlM/auto/fbE/auto_expire/normal?lang=auto:0
[ -716879ms] [WARNING] WebGL: INVALID_ENUM: getInternalformatParameter: invalid internalformat when EXT_color_buffer_float is not enabled @ https://challenges.cloudflare.com/cdn-cgi/challenge-platform/h/g/turnstile/f/av0/rch/cg7ry/0x4AAAAAAAc2BQjPEms9tKlM/auto/fbE/auto_expire/normal?lang=auto:0
[ -716877ms] [WARNING] WebGL: INVALID_ENUM: getInternalformatParameter: invalid internalformat @ https://challenges.cloudflare.com/cdn-cgi/challenge-platform/h/g/turnstile/f/av0/rch/cg7ry/0x4AAAAAAAc2BQjPEms9tKlM/auto/fbE/auto_expire/normal?lang=auto:0
[ -716877ms] [WARNING] WebGL: INVALID_ENUM: getInternalformatParameter: invalid internalformat when EXT_color_buffer_[half_]float is not enabled @ https://challenges.cloudflare.com/cdn-cgi/challenge-platform/h/g/turnstile/f/av0/rch/cg7ry/0x4AAAAAAAc2BQjPEms9tKlM/auto/fbE/auto_expire/normal?lang=auto:0
[ -716875ms] [WARNING] WebGL: INVALID_ENUM: getInternalformatParameter: invalid internalformat when EXT_color_buffer_float is not enabled @ https://challenges.cloudflare.com/cdn-cgi/challenge-platform/h/g/turnstile/f/av0/rch/cg7ry/0x4AAAAAAAc2BQjPEms9tKlM/auto/fbE/auto_expire/normal?lang=auto:0
[ -716872ms] [WARNING] WebGL: INVALID_ENUM: getInternalformatParameter: invalid internalformat when EXT_color_buffer_[half_]float is not enabled @ https://challenges.cloudflare.com/cdn-cgi/challenge-platform/h/g/turnstile/f/av0/rch/cg7ry/0x4AAAAAAAc2BQjPEms9tKlM/auto/fbE/auto_expire/normal?lang=auto:0
[ -716870ms] [WARNING] WebGL: INVALID_ENUM: getInternalformatParameter: invalid internalformat when EXT_color_buffer_float is not enabled @ https://challenges.cloudflare.com/cdn-cgi/challenge-platform/h/g/turnstile/f/av0/rch/cg7ry/0x4AAAAAAAc2BQjPEms9tKlM/auto/fbE/auto_expire/normal?lang=auto:0
[ -711094ms] [WARNING] The powerPreference option is currently ignored when calling requestAdapter() on Windows. See https://crbug.com/369219127 @ https://challenges.cloudflare.com/cdn-cgi/challenge-platform/h/g/turnstile/f/av0/rch/cg7ry/0x4AAAAAAAc2BQjPEms9tKlM/auto/fbE/auto_expire/normal?lang=auto:0
[ -711090ms] [WARNING] The powerPreference option is currently ignored when calling requestAdapter() on Windows. See https://crbug.com/369219127 @ https://challenges.cloudflare.com/cdn-cgi/challenge-platform/h/g/turnstile/f/av0/rch/cg7ry/0x4AAAAAAAc2BQjPEms9tKlM/auto/fbE/auto_expire/normal?lang=auto:0
[ -710784ms] [WARNING] No available adapters. @ https://challenges.cloudflare.com/cdn-cgi/challenge-platform/h/g/turnstile/f/av0/rch/cg7ry/0x4AAAAAAAc2BQjPEms9tKlM/auto/fbE/auto_expire/normal?lang=auto:0
[ -707336ms] [WARNING] OTS parsing error: Size of decompressed WOFF 2.0 is less than compressed size @ https://challenges.cloudflare.com/cdn-cgi/challenge-platform/h/g/turnstile/f/av0/rch/cg7ry/0x4AAAAAAAc2BQjPEms9tKlM/auto/fbE/auto_expire/normal?lang=auto:0
[ -704965ms] [ERROR] Failed to load resource: the server responded with a status of 400 () @ https://challenges.cloudflare.com/cdn-cgi/challenge-platform/h/g/ci/a25430250e99cb96/1785748216967/C5426Hgj.QfnyfKFNJ5mkZ9UfPQsTzxZnTP1sjSTXj4-1785748216-1.3.1.1-ceDmj85kAbKzjmqRHfP5jZHUNB8bYz9DtwrBWIPiaymCL3NKgM_pqSjNAjVaM1rFLZc4.VDuwu._TySz2sC7u3fHKPDeZWz4h5XL0cZ4xXuhKDz.1uL7AzkC3bH2mTCcp6yuysNM8oCMmuji6CPo0n0ZuNrUz.yTF5ZeLuGhfi9L.lOTvNkAvomUx5BmqWFSKrntftCRqmv7XaOm3VA5ty1O8GulC_r3qUrLEYTPAIpfXW39Uq3VUipAThGldLXtf1d.VPncKEqH1YXtlc9XyZvcGxbvj0iwCuR0xSlvlKk8x5psYFA3unAMqh5KVvenkTcgCsl91ohqXHyqORSMZH7IfS1JxaEVx.hMsK4DLjbV.ukQOAMx_nGGG6HgFAwTqy12ZAIc_LYiuGXf9Z2z9YmIApL6V7O.GAOCmmObUJQzk3W6PzrwO0ErL5CjnkT0A8SIAgf2wWWDJwjh4FQ0eOrldtd5IPQq2AH2kRXkeLnamK_L7b0YVsHo7YhWY2BZ1tfCTYBAsauq5ULyS8c4.xS_A1QWdGb0iyFD.hO4tCT3WU_oPSitRkZjjPyBXnyv9Id1p_nNiVDdvXrVHcpbrv2AO231oH5hAtiCJl86K.Ntj8Z0OY1Mw6YEnVZCgwvRWGmme8YIjJv3tHff9mSj8G_LlAJMziRiNTj4Wv4MNioJMTM23DN3ViW9u_WidCbJZKSnx7KITzIN2A_qzSkdlvL.gh7937vwS1YQMPaUb6o:0
[ -700682ms] [ERROR] Failed to load resource: the server responded with a status of 400 () @ https://challenges.cloudflare.com/cdn-cgi/challenge-platform/h/g/fo/3654541318:1785744017:dQ_GYsJZeDeI3abWVUvIrvFwQJtfQuhU7fedU1gUe-0/a25430250e99cb96/QIjIqV138ksHRhw59x6HSrraZaxXu1wRyEJ_Bb32z4s-1785748214-1.2.1.1-CSXahLZcUGb_eixT7M1yErU94R3xg8xPwN1Sqc8FolQpI_iXSLyLZRyaVZq4VIDu:0
[ -673809ms] [ERROR] Creating a TrustedTypePolicy named 'sanitizer' violates the following Content Security policy directive: "trusted-types nfFM8 default". The action has been blocked. @ chrome-extension://gjkaolmncjlagdhkamocpknlngfbfmnm/content_script.js:4931
[ -673416ms] [ERROR] Blocked script execution in 'about:blank' because the document's frame is sandboxed and the 'allow-scripts' permission is not set. @ https://challenges.cloudflare.com/cdn-cgi/challenge-platform/h/g/turnstile/f/av0/rchlEUlPuBW.GM8SOgJtX0RHtECCWF7QN1bMg5cjjPWTO0-1785748214-1.3.1.1-1tL_8TMx7sxmzq.NL9zQ3990ADitL91d9j38YYoz5_4/cg7ry/0x4AAAAAAAc2BQjPEms9tKlM/auto/fbE/failure_retry/normal?lang=auto:0
[ -673416ms] [ERROR] Blocked script execution in 'about:blank' because the document's frame is sandboxed and the 'allow-scripts' permission is not set. @ https://challenges.cloudflare.com/cdn-cgi/challenge-platform/h/g/turnstile/f/av0/rchlEUlPuBW.GM8SOgJtX0RHtECCWF7QN1bMg5cjjPWTO0-1785748214-1.3.1.1-1tL_8TMx7sxmzq.NL9zQ3990ADitL91d9j38YYoz5_4/cg7ry/0x4AAAAAAAc2BQjPEms9tKlM/auto/fbE/failure_retry/normal?lang=auto:0
[ -673414ms] [ERROR] Blocked script execution in 'about:blank' because the document's frame is sandboxed and the 'allow-scripts' permission is not set. @ https://challenges.cloudflare.com/cdn-cgi/challenge-platform/h/g/turnstile/f/av0/rchlEUlPuBW.GM8SOgJtX0RHtECCWF7QN1bMg5cjjPWTO0-1785748214-1.3.1.1-1tL_8TMx7sxmzq.NL9zQ3990ADitL91d9j38YYoz5_4/cg7ry/0x4AAAAAAAc2BQjPEms9tKlM/auto/fbE/failure_retry/normal?lang=auto:0
[ -671338ms] [ERROR] Blocked script execution in 'about:blank' because the document's frame is sandboxed and the 'allow-scripts' permission is not set. @ https://challenges.cloudflare.com/cdn-cgi/challenge-platform/h/g/turnstile/f/av0/rchlEUlPuBW.GM8SOgJtX0RHtECCWF7QN1bMg5cjjPWTO0-1785748214-1.3.1.1-1tL_8TMx7sxmzq.NL9zQ3990ADitL91d9j38YYoz5_4/cg7ry/0x4AAAAAAAc2BQjPEms9tKlM/auto/fbE/failure_retry/normal?lang=auto:0
[ -671338ms] [ERROR] Blocked script execution in 'about:blank' because the document's frame is sandboxed and the 'allow-scripts' permission is not set. @ https://challenges.cloudflare.com/cdn-cgi/challenge-platform/h/g/turnstile/f/av0/rchlEUlPuBW.GM8SOgJtX0RHtECCWF7QN1bMg5cjjPWTO0-1785748214-1.3.1.1-1tL_8TMx7sxmzq.NL9zQ3990ADitL91d9j38YYoz5_4/cg7ry/0x4AAAAAAAc2BQjPEms9tKlM/auto/fbE/failure_retry/normal?lang=auto:0
[ -671337ms] [ERROR] Blocked script execution in 'about:blank' because the document's frame is sandboxed and the 'allow-scripts' permission is not set. @ https://challenges.cloudflare.com/cdn-cgi/challenge-platform/h/g/turnstile/f/av0/rchlEUlPuBW.GM8SOgJtX0RHtECCWF7QN1bMg5cjjPWTO0-1785748214-1.3.1.1-1tL_8TMx7sxmzq.NL9zQ3990ADitL91d9j38YYoz5_4/cg7ry/0x4AAAAAAAc2BQjPEms9tKlM/auto/fbE/failure_retry/normal?lang=auto:0
[ -671121ms] [WARNING] WebGL: INVALID_ENUM: getInternalformatParameter: invalid internalformat @ https://challenges.cloudflare.com/cdn-cgi/challenge-platform/h/g/turnstile/f/av0/rchlEUlPuBW.GM8SOgJtX0RHtECCWF7QN1bMg5cjjPWTO0-1785748214-1.3.1.1-1tL_8TMx7sxmzq.NL9zQ3990ADitL91d9j38YYoz5_4/cg7ry/0x4AAAAAAAc2BQjPEms9tKlM/auto/fbE/failure_retry/normal?lang=auto:0
[ -671120ms] [WARNING] WebGL: INVALID_ENUM: getInternalformatParameter: invalid internalformat @ https://challenges.cloudflare.com/cdn-cgi/challenge-platform/h/g/turnstile/f/av0/rchlEUlPuBW.GM8SOgJtX0RHtECCWF7QN1bMg5cjjPWTO0-1785748214-1.3.1.1-1tL_8TMx7sxmzq.NL9zQ3990ADitL91d9j38YYoz5_4/cg7ry/0x4AAAAAAAc2BQjPEms9tKlM/auto/fbE/failure_retry/normal?lang=auto:0
[ -671119ms] [WARNING] WebGL: INVALID_ENUM: getInternalformatParameter: invalid internalformat @ https://challenges.cloudflare.com/cdn-cgi/challenge-platform/h/g/turnstile/f/av0/rchlEUlPuBW.GM8SOgJtX0RHtECCWF7QN1bMg5cjjPWTO0-1785748214-1.3.1.1-1tL_8TMx7sxmzq.NL9zQ3990ADitL91d9j38YYoz5_4/cg7ry/0x4AAAAAAAc2BQjPEms9tKlM/auto/fbE/failure_retry/normal?lang=auto:0
[ -671119ms] [WARNING] WebGL: INVALID_ENUM: getInternalformatParameter: invalid internalformat @ https://challenges.cloudflare.com/cdn-cgi/challenge-platform/h/g/turnstile/f/av0/rchlEUlPuBW.GM8SOgJtX0RHtECCWF7QN1bMg5cjjPWTO0-1785748214-1.3.1.1-1tL_8TMx7sxmzq.NL9zQ3990ADitL91d9j38YYoz5_4/cg7ry/0x4AAAAAAAc2BQjPEms9tKlM/auto/fbE/failure_retry/normal?lang=auto:0
[ -671119ms] [WARNING] WebGL: INVALID_ENUM: getInternalformatParameter: invalid internalformat @ https://challenges.cloudflare.com/cdn-cgi/challenge-platform/h/g/turnstile/f/av0/rchlEUlPuBW.GM8SOgJtX0RHtECCWF7QN1bMg5cjjPWTO0-1785748214-1.3.1.1-1tL_8TMx7sxmzq.NL9zQ3990ADitL91d9j38YYoz5_4/cg7ry/0x4AAAAAAAc2BQjPEms9tKlM/auto/fbE/failure_retry/normal?lang=auto:0
[ -671119ms] [WARNING] WebGL: INVALID_ENUM: getInternalformatParameter: invalid internalformat @ https://challenges.cloudflare.com/cdn-cgi/challenge-platform/h/g/turnstile/f/av0/rchlEUlPuBW.GM8SOgJtX0RHtECCWF7QN1bMg5cjjPWTO0-1785748214-1.3.1.1-1tL_8TMx7sxmzq.NL9zQ3990ADitL91d9j38YYoz5_4/cg7ry/0x4AAAAAAAc2BQjPEms9tKlM/auto/fbE/failure_retry/normal?lang=auto:0
[ -671119ms] [WARNING] WebGL: INVALID_ENUM: getInternalformatParameter: invalid internalformat @ https://challenges.cloudflare.com/cdn-cgi/challenge-platform/h/g/turnstile/f/av0/rchlEUlPuBW.GM8SOgJtX0RHtECCWF7QN1bMg5cjjPWTO0-1785748214-1.3.1.1-1tL_8TMx7sxmzq.NL9zQ3990ADitL91d9j38YYoz5_4/cg7ry/0x4AAAAAAAc2BQjPEms9tKlM/auto/fbE/failure_retry/normal?lang=auto:0
[ -671119ms] [WARNING] WebGL: INVALID_ENUM: getInternalformatParameter: invalid internalformat @ https://challenges.cloudflare.com/cdn-cgi/challenge-platform/h/g/turnstile/f/av0/rchlEUlPuBW.GM8SOgJtX0RHtECCWF7QN1bMg5cjjPWTO0-1785748214-1.3.1.1-1tL_8TMx7sxmzq.NL9zQ3990ADitL91d9j38YYoz5_4/cg7ry/0x4AAAAAAAc2BQjPEms9tKlM/auto/fbE/failure_retry/normal?lang=auto:0
[ -671119ms] [WARNING] WebGL: INVALID_ENUM: getInternalformatParameter: invalid internalformat @ https://challenges.cloudflare.com/cdn-cgi/challenge-platform/h/g/turnstile/f/av0/rchlEUlPuBW.GM8SOgJtX0RHtECCWF7QN1bMg5cjjPWTO0-1785748214-1.3.1.1-1tL_8TMx7sxmzq.NL9zQ3990ADitL91d9j38YYoz5_4/cg7ry/0x4AAAAAAAc2BQjPEms9tKlM/auto/fbE/failure_retry/normal?lang=auto:0
[ -671119ms] [WARNING] WebGL: INVALID_ENUM: getInternalformatParameter: invalid internalformat @ https://challenges.cloudflare.com/cdn-cgi/challenge-platform/h/g/turnstile/f/av0/rchlEUlPuBW.GM8SOgJtX0RHtECCWF7QN1bMg5cjjPWTO0-1785748214-1.3.1.1-1tL_8TMx7sxmzq.NL9zQ3990ADitL91d9j38YYoz5_4/cg7ry/0x4AAAAAAAc2BQjPEms9tKlM/auto/fbE/failure_retry/normal?lang=auto:0
[ -671118ms] [WARNING] WebGL: INVALID_ENUM: getInternalformatParameter: invalid internalformat @ https://challenges.cloudflare.com/cdn-cgi/challenge-platform/h/g/turnstile/f/av0/rchlEUlPuBW.GM8SOgJtX0RHtECCWF7QN1bMg5cjjPWTO0-1785748214-1.3.1.1-1tL_8TMx7sxmzq.NL9zQ3990ADitL91d9j38YYoz5_4/cg7ry/0x4AAAAAAAc2BQjPEms9tKlM/auto/fbE/failure_retry/normal?lang=auto:0
[ -671117ms] [WARNING] WebGL: INVALID_ENUM: getInternalformatParameter: invalid internalformat when EXT_color_buffer_[half_]float is not enabled @ https://challenges.cloudflare.com/cdn-cgi/challenge-platform/h/g/turnstile/f/av0/rchlEUlPuBW.GM8SOgJtX0RHtECCWF7QN1bMg5cjjPWTO0-1785748214-1.3.1.1-1tL_8TMx7sxmzq.NL9zQ3990ADitL91d9j38YYoz5_4/cg7ry/0x4AAAAAAAc2BQjPEms9tKlM/auto/fbE/failure_retry/normal?lang=auto:0
[ -671116ms] [WARNING] WebGL: INVALID_ENUM: getInternalformatParameter: invalid internalformat when EXT_color_buffer_float is not enabled @ https://challenges.cloudflare.com/cdn-cgi/challenge-platform/h/g/turnstile/f/av0/rchlEUlPuBW.GM8SOgJtX0RHtECCWF7QN1bMg5cjjPWTO0-1785748214-1.3.1.1-1tL_8TMx7sxmzq.NL9zQ3990ADitL91d9j38YYoz5_4/cg7ry/0x4AAAAAAAc2BQjPEms9tKlM/auto/fbE/failure_retry/normal?lang=auto:0
[ -671116ms] [WARNING] WebGL: INVALID_ENUM: getInternalformatParameter: invalid internalformat when EXT_color_buffer_float is not enabled @ https://challenges.cloudflare.com/cdn-cgi/challenge-platform/h/g/turnstile/f/av0/rchlEUlPuBW.GM8SOgJtX0RHtECCWF7QN1bMg5cjjPWTO0-1785748214-1.3.1.1-1tL_8TMx7sxmzq.NL9zQ3990ADitL91d9j38YYoz5_4/cg7ry/0x4AAAAAAAc2BQjPEms9tKlM/auto/fbE/failure_retry/normal?lang=auto:0
[ -671116ms] [WARNING] WebGL: INVALID_ENUM: getInternalformatParameter: invalid internalformat @ https://challenges.cloudflare.com/cdn-cgi/challenge-platform/h/g/turnstile/f/av0/rchlEUlPuBW.GM8SOgJtX0RHtECCWF7QN1bMg5cjjPWTO0-1785748214-1.3.1.1-1tL_8TMx7sxmzq.NL9zQ3990ADitL91d9j38YYoz5_4/cg7ry/0x4AAAAAAAc2BQjPEms9tKlM/auto/fbE/failure_retry/normal?lang=auto:0
[ -671116ms] [WARNING] WebGL: INVALID_ENUM: getInternalformatParameter: invalid internalformat when EXT_color_buffer_[half_]float is not enabled @ https://challenges.cloudflare.com/cdn-cgi/challenge-platform/h/g/turnstile/f/av0/rchlEUlPuBW.GM8SOgJtX0RHtECCWF7QN1bMg5cjjPWTO0-1785748214-1.3.1.1-1tL_8TMx7sxmzq.NL9zQ3990ADitL91d9j38YYoz5_4/cg7ry/0x4AAAAAAAc2BQjPEms9tKlM/auto/fbE/failure_retry/normal?lang=auto:0
[ -671116ms] [WARNING] WebGL: INVALID_ENUM: getInternalformatParameter: invalid internalformat when EXT_color_buffer_float is not enabled @ https://challenges.cloudflare.com/cdn-cgi/challenge-platform/h/g/turnstile/f/av0/rchlEUlPuBW.GM8SOgJtX0RHtECCWF7QN1bMg5cjjPWTO0-1785748214-1.3.1.1-1tL_8TMx7sxmzq.NL9zQ3990ADitL91d9j38YYoz5_4/cg7ry/0x4AAAAAAAc2BQjPEms9tKlM/auto/fbE/failure_retry/normal?lang=auto:0
[ -671116ms] [WARNING] WebGL: INVALID_ENUM: getInternalformatParameter: invalid internalformat when EXT_color_buffer_[half_]float is not enabled @ https://challenges.cloudflare.com/cdn-cgi/challenge-platform/h/g/turnstile/f/av0/rchlEUlPuBW.GM8SOgJtX0RHtECCWF7QN1bMg5cjjPWTO0-1785748214-1.3.1.1-1tL_8TMx7sxmzq.NL9zQ3990ADitL91d9j38YYoz5_4/cg7ry/0x4AAAAAAAc2BQjPEms9tKlM/auto/fbE/failure_retry/normal?lang=auto:0
[ -671116ms] [WARNING] WebGL: INVALID_ENUM: getInternalformatParameter: invalid internalformat when EXT_color_buffer_float is not enabled @ https://challenges.cloudflare.com/cdn-cgi/challenge-platform/h/g/turnstile/f/av0/rchlEUlPuBW.GM8SOgJtX0RHtECCWF7QN1bMg5cjjPWTO0-1785748214-1.3.1.1-1tL_8TMx7sxmzq.NL9zQ3990ADitL91d9j38YYoz5_4/cg7ry/0x4AAAAAAAc2BQjPEms9tKlM/auto/fbE/failure_retry/normal?lang=auto:0
[ -670944ms] [WARNING] OTS parsing error: Size of decompressed WOFF 2.0 is less than compressed size @ https://challenges.cloudflare.com/cdn-cgi/challenge-platform/h/g/turnstile/f/av0/rchlEUlPuBW.GM8SOgJtX0RHtECCWF7QN1bMg5cjjPWTO0-1785748214-1.3.1.1-1tL_8TMx7sxmzq.NL9zQ3990ADitL91d9j38YYoz5_4/cg7ry/0x4AAAAAAAc2BQjPEms9tKlM/auto/fbE/failure_retry/normal?lang=auto:0
[ -670921ms] [WARNING] The powerPreference option is currently ignored when calling requestAdapter() on Windows. See https://crbug.com/369219127 @ https://challenges.cloudflare.com/cdn-cgi/challenge-platform/h/g/turnstile/f/av0/rchlEUlPuBW.GM8SOgJtX0RHtECCWF7QN1bMg5cjjPWTO0-1785748214-1.3.1.1-1tL_8TMx7sxmzq.NL9zQ3990ADitL91d9j38YYoz5_4/cg7ry/0x4AAAAAAAc2BQjPEms9tKlM/auto/fbE/failure_retry/normal?lang=auto:0
[ -670921ms] [WARNING] The powerPreference option is currently ignored when calling requestAdapter() on Windows. See https://crbug.com/369219127 @ https://challenges.cloudflare.com/cdn-cgi/challenge-platform/h/g/turnstile/f/av0/rchlEUlPuBW.GM8SOgJtX0RHtECCWF7QN1bMg5cjjPWTO0-1785748214-1.3.1.1-1tL_8TMx7sxmzq.NL9zQ3990ADitL91d9j38YYoz5_4/cg7ry/0x4AAAAAAAc2BQjPEms9tKlM/auto/fbE/failure_retry/normal?lang=auto:0
[ -670897ms] [WARNING] No available adapters. @ https://challenges.cloudflare.com/cdn-cgi/challenge-platform/h/g/turnstile/f/av0/rchlEUlPuBW.GM8SOgJtX0RHtECCWF7QN1bMg5cjjPWTO0-1785748214-1.3.1.1-1tL_8TMx7sxmzq.NL9zQ3990ADitL91d9j38YYoz5_4/cg7ry/0x4AAAAAAAc2BQjPEms9tKlM/auto/fbE/failure_retry/normal?lang=auto:0
[ -376726ms] [ERROR] Creating a TrustedTypePolicy named 'sanitizer' violates the following Content Security policy directive: "trusted-types nfFM8 default". The action has been blocked. @ chrome-extension://gjkaolmncjlagdhkamocpknlngfbfmnm/content_script.js:4931
[ -376339ms] [ERROR] Blocked script execution in 'about:blank' because the document's frame is sandboxed and the 'allow-scripts' permission is not set. @ https://challenges.cloudflare.com/cdn-cgi/challenge-platform/h/g/turnstile/f/av0/rch/cg7ry/0x4AAAAAAAc2BQjPEms9tKlM/auto/fbE/auto_expire/normal?lang=auto:0
[ -376339ms] [ERROR] Blocked script execution in 'about:blank' because the document's frame is sandboxed and the 'allow-scripts' permission is not set. @ https://challenges.cloudflare.com/cdn-cgi/challenge-platform/h/g/turnstile/f/av0/rch/cg7ry/0x4AAAAAAAc2BQjPEms9tKlM/auto/fbE/auto_expire/normal?lang=auto:0
[ -376335ms] [ERROR] Blocked script execution in 'about:blank' because the document's frame is sandboxed and the 'allow-scripts' permission is not set. @ https://challenges.cloudflare.com/cdn-cgi/challenge-platform/h/g/turnstile/f/av0/rch/cg7ry/0x4AAAAAAAc2BQjPEms9tKlM/auto/fbE/auto_expire/normal?lang=auto:0
[ -372426ms] [WARNING] WebGL: INVALID_ENUM: getInternalformatParameter: invalid internalformat @ https://challenges.cloudflare.com/cdn-cgi/challenge-platform/h/g/turnstile/f/av0/rch/cg7ry/0x4AAAAAAAc2BQjPEms9tKlM/auto/fbE/auto_expire/normal?lang=auto:0
[ -372422ms] [WARNING] WebGL: INVALID_ENUM: getInternalformatParameter: invalid internalformat @ https://challenges.cloudflare.com/cdn-cgi/challenge-platform/h/g/turnstile/f/av0/rch/cg7ry/0x4AAAAAAAc2BQjPEms9tKlM/auto/fbE/auto_expire/normal?lang=auto:0
[ -372418ms] [WARNING] WebGL: INVALID_ENUM: getInternalformatParameter: invalid internalformat @ https://challenges.cloudflare.com/cdn-cgi/challenge-platform/h/g/turnstile/f/av0/rch/cg7ry/0x4AAAAAAAc2BQjPEms9tKlM/auto/fbE/auto_expire/normal?lang=auto:0
[ -372418ms] [WARNING] WebGL: INVALID_ENUM: getInternalformatParameter: invalid internalformat @ https://challenges.cloudflare.com/cdn-cgi/challenge-platform/h/g/turnstile/f/av0/rch/cg7ry/0x4AAAAAAAc2BQjPEms9tKlM/auto/fbE/auto_expire/normal?lang=auto:0
[ -372418ms] [WARNING] WebGL: INVALID_ENUM: getInternalformatParameter: invalid internalformat @ https://challenges.cloudflare.com/cdn-cgi/challenge-platform/h/g/turnstile/f/av0/rch/cg7ry/0x4AAAAAAAc2BQjPEms9tKlM/auto/fbE/auto_expire/normal?lang=auto:0
[ -372417ms] [WARNING] WebGL: INVALID_ENUM: getInternalformatParameter: invalid internalformat @ https://challenges.cloudflare.com/cdn-cgi/challenge-platform/h/g/turnstile/f/av0/rch/cg7ry/0x4AAAAAAAc2BQjPEms9tKlM/auto/fbE/auto_expire/normal?lang=auto:0
[ -372417ms] [WARNING] WebGL: INVALID_ENUM: getInternalformatParameter: invalid internalformat @ https://challenges.cloudflare.com/cdn-cgi/challenge-platform/h/g/turnstile/f/av0/rch/cg7ry/0x4AAAAAAAc2BQjPEms9tKlM/auto/fbE/auto_expire/normal?lang=auto:0
[ -372417ms] [WARNING] WebGL: INVALID_ENUM: getInternalformatParameter: invalid internalformat @ https://challenges.cloudflare.com/cdn-cgi/challenge-platform/h/g/turnstile/f/av0/rch/cg7ry/0x4AAAAAAAc2BQjPEms9tKlM/auto/fbE/auto_expire/normal?lang=auto:0
[ -372416ms] [WARNING] WebGL: INVALID_ENUM: getInternalformatParameter: invalid internalformat @ https://challenges.cloudflare.com/cdn-cgi/challenge-platform/h/g/turnstile/f/av0/rch/cg7ry/0x4AAAAAAAc2BQjPEms9tKlM/auto/fbE/auto_expire/normal?lang=auto:0
[ -372416ms] [WARNING] WebGL: INVALID_ENUM: getInternalformatParameter: invalid internalformat @ https://challenges.cloudflare.com/cdn-cgi/challenge-platform/h/g/turnstile/f/av0/rch/cg7ry/0x4AAAAAAAc2BQjPEms9tKlM/auto/fbE/auto_expire/normal?lang=auto:0
[ -372414ms] [WARNING] WebGL: INVALID_ENUM: getInternalformatParameter: invalid internalformat @ https://challenges.cloudflare.com/cdn-cgi/challenge-platform/h/g/turnstile/f/av0/rch/cg7ry/0x4AAAAAAAc2BQjPEms9tKlM/auto/fbE/auto_expire/normal?lang=auto:0
[ -372335ms] [WARNING] WebGL: INVALID_ENUM: getInternalformatParameter: invalid internalformat when EXT_color_buffer_[half_]float is not enabled @ https://challenges.cloudflare.com/cdn-cgi/challenge-platform/h/g/turnstile/f/av0/rch/cg7ry/0x4AAAAAAAc2BQjPEms9tKlM/auto/fbE/auto_expire/normal?lang=auto:0
[ -372334ms] [WARNING] WebGL: INVALID_ENUM: getInternalformatParameter: invalid internalformat when EXT_color_buffer_float is not enabled @ https://challenges.cloudflare.com/cdn-cgi/challenge-platform/h/g/turnstile/f/av0/rch/cg7ry/0x4AAAAAAAc2BQjPEms9tKlM/auto/fbE/auto_expire/normal?lang=auto:0
[ -372334ms] [WARNING] WebGL: INVALID_ENUM: getInternalformatParameter: invalid internalformat when EXT_color_buffer_float is not enabled @ https://challenges.cloudflare.com/cdn-cgi/challenge-platform/h/g/turnstile/f/av0/rch/cg7ry/0x4AAAAAAAc2BQjPEms9tKlM/auto/fbE/auto_expire/normal?lang=auto:0
[ -372333ms] [WARNING] WebGL: INVALID_ENUM: getInternalformatParameter: invalid internalformat @ https://challenges.cloudflare.com/cdn-cgi/challenge-platform/h/g/turnstile/f/av0/rch/cg7ry/0x4AAAAAAAc2BQjPEms9tKlM/auto/fbE/auto_expire/normal?lang=auto:0
[ -372333ms] [WARNING] WebGL: INVALID_ENUM: getInternalformatParameter: invalid internalformat when EXT_color_buffer_[half_]float is not enabled @ https://challenges.cloudflare.com/cdn-cgi/challenge-platform/h/g/turnstile/f/av0/rch/cg7ry/0x4AAAAAAAc2BQjPEms9tKlM/auto/fbE/auto_expire/normal?lang=auto:0
[ -372333ms] [WARNING] WebGL: INVALID_ENUM: getInternalformatParameter: invalid internalformat when EXT_color_buffer_float is not enabled @ https://challenges.cloudflare.com/cdn-cgi/challenge-platform/h/g/turnstile/f/av0/rch/cg7ry/0x4AAAAAAAc2BQjPEms9tKlM/auto/fbE/auto_expire/normal?lang=auto:0
[ -372332ms] [WARNING] WebGL: INVALID_ENUM: getInternalformatParameter: invalid internalformat when EXT_color_buffer_[half_]float is not enabled @ https://challenges.cloudflare.com/cdn-cgi/challenge-platform/h/g/turnstile/f/av0/rch/cg7ry/0x4AAAAAAAc2BQjPEms9tKlM/auto/fbE/auto_expire/normal?lang=auto:0
[ -372332ms] [WARNING] WebGL: INVALID_ENUM: getInternalformatParameter: invalid internalformat when EXT_color_buffer_float is not enabled @ https://challenges.cloudflare.com/cdn-cgi/challenge-platform/h/g/turnstile/f/av0/rch/cg7ry/0x4AAAAAAAc2BQjPEms9tKlM/auto/fbE/auto_expire/normal?lang=auto:0
[ -371813ms] [WARNING] The powerPreference option is currently ignored when calling requestAdapter() on Windows. See https://crbug.com/369219127 @ https://challenges.cloudflare.com/cdn-cgi/challenge-platform/h/g/turnstile/f/av0/rch/cg7ry/0x4AAAAAAAc2BQjPEms9tKlM/auto/fbE/auto_expire/normal?lang=auto:0
[ -371813ms] [WARNING] The powerPreference option is currently ignored when calling requestAdapter() on Windows. See https://crbug.com/369219127 @ https://challenges.cloudflare.com/cdn-cgi/challenge-platform/h/g/turnstile/f/av0/rch/cg7ry/0x4AAAAAAAc2BQjPEms9tKlM/auto/fbE/auto_expire/normal?lang=auto:0
[ -371773ms] [WARNING] No available adapters. @ https://challenges.cloudflare.com/cdn-cgi/challenge-platform/h/g/turnstile/f/av0/rch/cg7ry/0x4AAAAAAAc2BQjPEms9tKlM/auto/fbE/auto_expire/normal?lang=auto:0
[ -371215ms] [WARNING] OTS parsing error: Size of decompressed WOFF 2.0 is less than compressed size @ https://challenges.cloudflare.com/cdn-cgi/challenge-platform/h/g/turnstile/f/av0/rch/cg7ry/0x4AAAAAAAc2BQjPEms9tKlM/auto/fbE/auto_expire/normal?lang=auto:0
[ -370767ms] [ERROR] Blocked script execution in 'about:blank' because the document's frame is sandboxed and the 'allow-scripts' permission is not set. @ https://challenges.cloudflare.com/cdn-cgi/challenge-platform/h/g/turnstile/f/av0/rch/cg7ry/0x4AAAAAAAc2BQjPEms9tKlM/auto/fbE/auto_expire/normal?lang=auto:0
[ -370767ms] [ERROR] Blocked script execution in 'about:blank' because the document's frame is sandboxed and the 'allow-scripts' permission is not set. @ https://challenges.cloudflare.com/cdn-cgi/challenge-platform/h/g/turnstile/f/av0/rch/cg7ry/0x4AAAAAAAc2BQjPEms9tKlM/auto/fbE/auto_expire/normal?lang=auto:0
[ -370759ms] [ERROR] Blocked script execution in 'about:blank' because the document's frame is sandboxed and the 'allow-scripts' permission is not set. @ https://challenges.cloudflare.com/cdn-cgi/challenge-platform/h/g/turnstile/f/av0/rch/cg7ry/0x4AAAAAAAc2BQjPEms9tKlM/auto/fbE/auto_expire/normal?lang=auto:0
[  -75482ms] [ERROR] Creating a TrustedTypePolicy named 'sanitizer' violates the following Content Security policy directive: "trusted-types nfFM8 default". The action has been blocked. @ chrome-extension://gjkaolmncjlagdhkamocpknlngfbfmnm/content_script.js:4931
[  -74690ms] [ERROR] Blocked script execution in 'about:blank' because the document's frame is sandboxed and the 'allow-scripts' permission is not set. @ https://challenges.cloudflare.com/cdn-cgi/challenge-platform/h/g/turnstile/f/av0/rch/cg7ry/0x4AAAAAAAc2BQjPEms9tKlM/auto/fbE/auto_expire/normal?lang=auto:0
[  -74690ms] [ERROR] Blocked script execution in 'about:blank' because the document's frame is sandboxed and the 'allow-scripts' permission is not set. @ https://challenges.cloudflare.com/cdn-cgi/challenge-platform/h/g/turnstile/f/av0/rch/cg7ry/0x4AAAAAAAc2BQjPEms9tKlM/auto/fbE/auto_expire/normal?lang=auto:0
[  -74688ms] [ERROR] Blocked script execution in 'about:blank' because the document's frame is sandboxed and the 'allow-scripts' permission is not set. @ https://challenges.cloudflare.com/cdn-cgi/challenge-platform/h/g/turnstile/f/av0/rch/cg7ry/0x4AAAAAAAc2BQjPEms9tKlM/auto/fbE/auto_expire/normal?lang=auto:0
[  -71326ms] [WARNING] WebGL: INVALID_ENUM: getInternalformatParameter: invalid internalformat @ https://challenges.cloudflare.com/cdn-cgi/challenge-platform/h/g/turnstile/f/av0/rch/cg7ry/0x4AAAAAAAc2BQjPEms9tKlM/auto/fbE/auto_expire/normal?lang=auto:0
[  -71325ms] [WARNING] WebGL: INVALID_ENUM: getInternalformatParameter: invalid internalformat @ https://challenges.cloudflare.com/cdn-cgi/challenge-platform/h/g/turnstile/f/av0/rch/cg7ry/0x4AAAAAAAc2BQjPEms9tKlM/auto/fbE/auto_expire/normal?lang=auto:0
[  -71324ms] [WARNING] WebGL: INVALID_ENUM: getInternalformatParameter: invalid internalformat @ https://challenges.cloudflare.com/cdn-cgi/challenge-platform/h/g/turnstile/f/av0/rch/cg7ry/0x4AAAAAAAc2BQjPEms9tKlM/auto/fbE/auto_expire/normal?lang=auto:0
[  -71324ms] [WARNING] WebGL: INVALID_ENUM: getInternalformatParameter: invalid internalformat @ https://challenges.cloudflare.com/cdn-cgi/challenge-platform/h/g/turnstile/f/av0/rch/cg7ry/0x4AAAAAAAc2BQjPEms9tKlM/auto/fbE/auto_expire/normal?lang=auto:0
[  -71324ms] [WARNING] WebGL: INVALID_ENUM: getInternalformatParameter: invalid internalformat @ https://challenges.cloudflare.com/cdn-cgi/challenge-platform/h/g/turnstile/f/av0/rch/cg7ry/0x4AAAAAAAc2BQjPEms9tKlM/auto/fbE/auto_expire/normal?lang=auto:0
[  -71323ms] [WARNING] WebGL: INVALID_ENUM: getInternalformatParameter: invalid internalformat @ https://challenges.cloudflare.com/cdn-cgi/challenge-platform/h/g/turnstile/f/av0/rch/cg7ry/0x4AAAAAAAc2BQjPEms9tKlM/auto/fbE/auto_expire/normal?lang=auto:0
[  -71323ms] [WARNING] WebGL: INVALID_ENUM: getInternalformatParameter: invalid internalformat @ https://challenges.cloudflare.com/cdn-cgi/challenge-platform/h/g/turnstile/f/av0/rch/cg7ry/0x4AAAAAAAc2BQjPEms9tKlM/auto/fbE/auto_expire/normal?lang=auto:0
[  -71323ms] [WARNING] WebGL: INVALID_ENUM: getInternalformatParameter: invalid internalformat @ https://challenges.cloudflare.com/cdn-cgi/challenge-platform/h/g/turnstile/f/av0/rch/cg7ry/0x4AAAAAAAc2BQjPEms9tKlM/auto/fbE/auto_expire/normal?lang=auto:0
[  -71323ms] [WARNING] WebGL: INVALID_ENUM: getInternalformatParameter: invalid internalformat @ https://challenges.cloudflare.com/cdn-cgi/challenge-platform/h/g/turnstile/f/av0/rch/cg7ry/0x4AAAAAAAc2BQjPEms9tKlM/auto/fbE/auto_expire/normal?lang=auto:0
[  -71323ms] [WARNING] WebGL: INVALID_ENUM: getInternalformatParameter: invalid internalformat @ https://challenges.cloudflare.com/cdn-cgi/challenge-platform/h/g/turnstile/f/av0/rch/cg7ry/0x4AAAAAAAc2BQjPEms9tKlM/auto/fbE/auto_expire/normal?lang=auto:0
[  -71323ms] [WARNING] WebGL: INVALID_ENUM: getInternalformatParameter: invalid internalformat @ https://challenges.cloudflare.com/cdn-cgi/challenge-platform/h/g/turnstile/f/av0/rch/cg7ry/0x4AAAAAAAc2BQjPEms9tKlM/auto/fbE/auto_expire/normal?lang=auto:0
[  -71321ms] [WARNING] WebGL: INVALID_ENUM: getInternalformatParameter: invalid internalformat when EXT_color_buffer_[half_]float is not enabled @ https://challenges.cloudflare.com/cdn-cgi/challenge-platform/h/g/turnstile/f/av0/rch/cg7ry/0x4AAAAAAAc2BQjPEms9tKlM/auto/fbE/auto_expire/normal?lang=auto:0
[  -71321ms] [WARNING] WebGL: INVALID_ENUM: getInternalformatParameter: invalid internalformat when EXT_color_buffer_float is not enabled @ https://challenges.cloudflare.com/cdn-cgi/challenge-platform/h/g/turnstile/f/av0/rch/cg7ry/0x4AAAAAAAc2BQjPEms9tKlM/auto/fbE/auto_expire/normal?lang=auto:0
[  -71321ms] [WARNING] WebGL: INVALID_ENUM: getInternalformatParameter: invalid internalformat when EXT_color_buffer_float is not enabled @ https://challenges.cloudflare.com/cdn-cgi/challenge-platform/h/g/turnstile/f/av0/rch/cg7ry/0x4AAAAAAAc2BQjPEms9tKlM/auto/fbE/auto_expire/normal?lang=auto:0
[  -71319ms] [WARNING] WebGL: INVALID_ENUM: getInternalformatParameter: invalid internalformat @ https://challenges.cloudflare.com/cdn-cgi/challenge-platform/h/g/turnstile/f/av0/rch/cg7ry/0x4AAAAAAAc2BQjPEms9tKlM/auto/fbE/auto_expire/normal?lang=auto:0
[  -71319ms] [WARNING] WebGL: INVALID_ENUM: getInternalformatParameter: invalid internalformat when EXT_color_buffer_[half_]float is not enabled @ https://challenges.cloudflare.com/cdn-cgi/challenge-platform/h/g/turnstile/f/av0/rch/cg7ry/0x4AAAAAAAc2BQjPEms9tKlM/auto/fbE/auto_expire/normal?lang=auto:0
[  -71319ms] [WARNING] WebGL: INVALID_ENUM: getInternalformatParameter: invalid internalformat when EXT_color_buffer_float is not enabled @ https://challenges.cloudflare.com/cdn-cgi/challenge-platform/h/g/turnstile/f/av0/rch/cg7ry/0x4AAAAAAAc2BQjPEms9tKlM/auto/fbE/auto_expire/normal?lang=auto:0
[  -71318ms] [WARNING] WebGL: INVALID_ENUM: getInternalformatParameter: invalid internalformat when EXT_color_buffer_[half_]float is not enabled @ https://challenges.cloudflare.com/cdn-cgi/challenge-platform/h/g/turnstile/f/av0/rch/cg7ry/0x4AAAAAAAc2BQjPEms9tKlM/auto/fbE/auto_expire/normal?lang=auto:0
[  -71318ms] [WARNING] WebGL: INVALID_ENUM: getInternalformatParameter: invalid internalformat when EXT_color_buffer_float is not enabled @ https://challenges.cloudflare.com/cdn-cgi/challenge-platform/h/g/turnstile/f/av0/rch/cg7ry/0x4AAAAAAAc2BQjPEms9tKlM/auto/fbE/auto_expire/normal?lang=auto:0
[  -71176ms] [WARNING] The powerPreference option is currently ignored when calling requestAdapter() on Windows. See https://crbug.com/369219127 @ https://challenges.cloudflare.com/cdn-cgi/challenge-platform/h/g/turnstile/f/av0/rch/cg7ry/0x4AAAAAAAc2BQjPEms9tKlM/auto/fbE/auto_expire/normal?lang=auto:0
[  -71176ms] [WARNING] The powerPreference option is currently ignored when calling requestAdapter() on Windows. See https://crbug.com/369219127 @ https://challenges.cloudflare.com/cdn-cgi/challenge-platform/h/g/turnstile/f/av0/rch/cg7ry/0x4AAAAAAAc2BQjPEms9tKlM/auto/fbE/auto_expire/normal?lang=auto:0
[  -71167ms] [WARNING] No available adapters. @ https://challenges.cloudflare.com/cdn-cgi/challenge-platform/h/g/turnstile/f/av0/rch/cg7ry/0x4AAAAAAAc2BQjPEms9tKlM/auto/fbE/auto_expire/normal?lang=auto:0
[  -71004ms] [ERROR] Blocked script execution in 'about:blank' because the document's frame is sandboxed and the 'allow-scripts' permission is not set. @ https://challenges.cloudflare.com/cdn-cgi/challenge-platform/h/g/turnstile/f/av0/rch/cg7ry/0x4AAAAAAAc2BQjPEms9tKlM/auto/fbE/auto_expire/normal?lang=auto:0
[  -71004ms] [ERROR] Blocked script execution in 'about:blank' because the document's frame is sandboxed and the 'allow-scripts' permission is not set. @ https://challenges.cloudflare.com/cdn-cgi/challenge-platform/h/g/turnstile/f/av0/rch/cg7ry/0x4AAAAAAAc2BQjPEms9tKlM/auto/fbE/auto_expire/normal?lang=auto:0
[  -71003ms] [ERROR] Blocked script execution in 'about:blank' because the document's frame is sandboxed and the 'allow-scripts' permission is not set. @ https://challenges.cloudflare.com/cdn-cgi/challenge-platform/h/g/turnstile/f/av0/rch/cg7ry/0x4AAAAAAAc2BQjPEms9tKlM/auto/fbE/auto_expire/normal?lang=auto:0
[  -70581ms] [WARNING] OTS parsing error: Size of decompressed WOFF 2.0 is less than compressed size @ https://challenges.cloudflare.com/cdn-cgi/challenge-platform/h/g/turnstile/f/av0/rch/cg7ry/0x4AAAAAAAc2BQjPEms9tKlM/auto/fbE/auto_expire/normal?lang=auto:0
[  221882ms] [ERROR] Creating a TrustedTypePolicy named 'sanitizer' violates the following Content Security policy directive: "trusted-types nfFM8 default". The action has been blocked. @ chrome-extension://gjkaolmncjlagdhkamocpknlngfbfmnm/content_script.js:4931
[  223595ms] [ERROR] Blocked script execution in 'about:blank' because the document's frame is sandboxed and the 'allow-scripts' permission is not set. @ https://challenges.cloudflare.com/cdn-cgi/challenge-platform/h/g/turnstile/f/av0/rch/cg7ry/0x4AAAAAAAc2BQjPEms9tKlM/auto/fbE/auto_expire/normal?lang=auto:0
[  223595ms] [ERROR] Blocked script execution in 'about:blank' because the document's frame is sandboxed and the 'allow-scripts' permission is not set. @ https://challenges.cloudflare.com/cdn-cgi/challenge-platform/h/g/turnstile/f/av0/rch/cg7ry/0x4AAAAAAAc2BQjPEms9tKlM/auto/fbE/auto_expire/normal?lang=auto:0
[  223598ms] [ERROR] Blocked script execution in 'about:blank' because the document's frame is sandboxed and the 'allow-scripts' permission is not set. @ https://challenges.cloudflare.com/cdn-cgi/challenge-platform/h/g/turnstile/f/av0/rch/cg7ry/0x4AAAAAAAc2BQjPEms9tKlM/auto/fbE/auto_expire/normal?lang=auto:0
[  254748ms] [ERROR] Blocked script execution in 'about:blank' because the document's frame is sandboxed and the 'allow-scripts' permission is not set. @ https://challenges.cloudflare.com/cdn-cgi/challenge-platform/h/g/turnstile/f/av0/rch/cg7ry/0x4AAAAAAAc2BQjPEms9tKlM/auto/fbE/auto_expire/normal?lang=auto:0
[  254748ms] [ERROR] Blocked script execution in 'about:blank' because the document's frame is sandboxed and the 'allow-scripts' permission is not set. @ https://challenges.cloudflare.com/cdn-cgi/challenge-platform/h/g/turnstile/f/av0/rch/cg7ry/0x4AAAAAAAc2BQjPEms9tKlM/auto/fbE/auto_expire/normal?lang=auto:0
[  254750ms] [ERROR] Blocked script execution in 'about:blank' because the document's frame is sandboxed and the 'allow-scripts' permission is not set. @ https://challenges.cloudflare.com/cdn-cgi/challenge-platform/h/g/turnstile/f/av0/rch/cg7ry/0x4AAAAAAAc2BQjPEms9tKlM/auto/fbE/auto_expire/normal?lang=auto:0
[  254750ms] [LOG] /.*.*=.*/ @ https://challenges.cloudflare.com/cdn-cgi/challenge-platform/h/g/turnstile/f/av0/rch/cg7ry/0x4AAAAAAAc2BQjPEms9tKlM/auto/fbE/auto_expire/normal?lang=auto:0
[  254750ms] [LOG] /.*.*=.*/ @ https://challenges.cloudflare.com/cdn-cgi/challenge-platform/h/g/turnstile/f/av0/rch/cg7ry/0x4AAAAAAAc2BQjPEms9tKlM/auto/fbE/auto_expire/normal?lang=auto:0
[  254751ms] [LOG] function () { [native code] } @ https://challenges.cloudflare.com/cdn-cgi/challenge-platform/h/g/turnstile/f/av0/rch/cg7ry/0x4AAAAAAAc2BQjPEms9tKlM/auto/fbE/auto_expire/normal?lang=auto:0
[  254751ms] [LOG] function () { [native code] } @ https://challenges.cloudflare.com/cdn-cgi/challenge-platform/h/g/turnstile/f/av0/rch/cg7ry/0x4AAAAAAAc2BQjPEms9tKlM/auto/fbE/auto_expire/normal?lang=auto:0
[  254752ms] [LOG] JSHandle@node @ https://challenges.cloudflare.com/cdn-cgi/challenge-platform/h/g/turnstile/f/av0/rch/cg7ry/0x4AAAAAAAc2BQjPEms9tKlM/auto/fbE/auto_expire/normal?lang=auto:0
[  254752ms] [LOG] JSHandle@node @ https://challenges.cloudflare.com/cdn-cgi/challenge-platform/h/g/turnstile/f/av0/rch/cg7ry/0x4AAAAAAAc2BQjPEms9tKlM/auto/fbE/auto_expire/normal?lang=auto:0
[  254752ms] [COUNT]  : 1 @ https://challenges.cloudflare.com/cdn-cgi/challenge-platform/h/g/turnstile/f/av0/rch/cg7ry/0x4AAAAAAAc2BQjPEms9tKlM/auto/fbE/auto_expire/normal?lang=auto:0
[  254752ms] [COUNT]  : 1 @ https://challenges.cloudflare.com/cdn-cgi/challenge-platform/h/g/turnstile/f/av0/rch/cg7ry/0x4AAAAAAAc2BQjPEms9tKlM/auto/fbE/auto_expire/normal?lang=auto:0
[  254753ms] [DIR]  Error @ https://challenges.cloudflare.com/cdn-cgi/challenge-platform/h/g/turnstile/f/av0/rch/cg7ry/0x4AAAAAAAc2BQjPEms9tKlM/auto/fbE/auto_expire/normal?lang=auto:0
[  254753ms] [DIR]  Error @ https://challenges.cloudflare.com/cdn-cgi/challenge-platform/h/g/turnstile/f/av0/rch/cg7ry/0x4AAAAAAAc2BQjPEms9tKlM/auto/fbE/auto_expire/normal?lang=auto:0
[  254753ms] [DIRXML] %c%d font-size:0;color:transparent Error @ https://challenges.cloudflare.com/cdn-cgi/challenge-platform/h/g/turnstile/f/av0/rch/cg7ry/0x4AAAAAAAc2BQjPEms9tKlM/auto/fbE/auto_expire/normal?lang=auto:0
[  254754ms] [DIRXML] %c%d font-size:0;color:transparent Error @ https://challenges.cloudflare.com/cdn-cgi/challenge-platform/h/g/turnstile/f/av0/rch/cg7ry/0x4AAAAAAAc2BQjPEms9tKlM/auto/fbE/auto_expire/normal?lang=auto:0
[  254754ms] [ERROR] %c%d font-size:0;color:transparent NaN @ https://challenges.cloudflare.com/cdn-cgi/challenge-platform/h/g/turnstile/f/av0/rch/cg7ry/0x4AAAAAAAc2BQjPEms9tKlM/auto/fbE/auto_expire/normal?lang=auto:0
[  254754ms] [ERROR] %c%d font-size:0;color:transparent NaN @ https://challenges.cloudflare.com/cdn-cgi/challenge-platform/h/g/turnstile/f/av0/rch/cg7ry/0x4AAAAAAAc2BQjPEms9tKlM/auto/fbE/auto_expire/normal?lang=auto:0
[  254754ms] [INFO] %c%d font-size:0;color:transparent NaN @ https://challenges.cloudflare.com/cdn-cgi/challenge-platform/h/g/turnstile/f/av0/rch/cg7ry/0x4AAAAAAAc2BQjPEms9tKlM/auto/fbE/auto_expire/normal?lang=auto:0
[  254754ms] [INFO] %c%d font-size:0;color:transparent NaN @ https://challenges.cloudflare.com/cdn-cgi/challenge-platform/h/g/turnstile/f/av0/rch/cg7ry/0x4AAAAAAAc2BQjPEms9tKlM/auto/fbE/auto_expire/normal?lang=auto:0
[  254754ms] [LOG] %c%d font-size:0;color:transparent NaN @ https://challenges.cloudflare.com/cdn-cgi/challenge-platform/h/g/turnstile/f/av0/rch/cg7ry/0x4AAAAAAAc2BQjPEms9tKlM/auto/fbE/auto_expire/normal?lang=auto:0
[  254755ms] [LOG] %c%d font-size:0;color:transparent NaN @ https://challenges.cloudflare.com/cdn-cgi/challenge-platform/h/g/turnstile/f/av0/rch/cg7ry/0x4AAAAAAAc2BQjPEms9tKlM/auto/fbE/auto_expire/normal?lang=auto:0
[  254755ms] [TABLE] %c%d font-size:0;color:transparent Error @ https://challenges.cloudflare.com/cdn-cgi/challenge-platform/h/g/turnstile/f/av0/rch/cg7ry/0x4AAAAAAAc2BQjPEms9tKlM/auto/fbE/auto_expire/normal?lang=auto:0
[  254755ms] [TABLE] %c%d font-size:0;color:transparent Error @ https://challenges.cloudflare.com/cdn-cgi/challenge-platform/h/g/turnstile/f/av0/rch/cg7ry/0x4AAAAAAAc2BQjPEms9tKlM/auto/fbE/auto_expire/normal?lang=auto:0
[  254755ms] [WARNING] %c%d font-size:0;color:transparent NaN @ https://challenges.cloudflare.com/cdn-cgi/challenge-platform/h/g/turnstile/f/av0/rch/cg7ry/0x4AAAAAAAc2BQjPEms9tKlM/auto/fbE/auto_expire/normal?lang=auto:0
[  254756ms] [WARNING] %c%d font-size:0;color:transparent NaN @ https://challenges.cloudflare.com/cdn-cgi/challenge-platform/h/g/turnstile/f/av0/rch/cg7ry/0x4AAAAAAAc2BQjPEms9tKlM/auto/fbE/auto_expire/normal?lang=auto:0
[  254758ms] [WARNING] OTS parsing error: Size of decompressed WOFF 2.0 is less than compressed size @ https://challenges.cloudflare.com/cdn-cgi/challenge-platform/h/g/turnstile/f/av0/rch/cg7ry/0x4AAAAAAAc2BQjPEms9tKlM/auto/fbE/auto_expire/normal?lang=auto:0
[  255342ms] [WARNING] WebGL: INVALID_ENUM: getInternalformatParameter: invalid internalformat @ https://challenges.cloudflare.com/cdn-cgi/challenge-platform/h/g/turnstile/f/av0/rch/cg7ry/0x4AAAAAAAc2BQjPEms9tKlM/auto/fbE/auto_expire/normal?lang=auto:0
[  255343ms] [WARNING] WebGL: INVALID_ENUM: getInternalformatParameter: invalid internalformat @ https://challenges.cloudflare.com/cdn-cgi/challenge-platform/h/g/turnstile/f/av0/rch/cg7ry/0x4AAAAAAAc2BQjPEms9tKlM/auto/fbE/auto_expire/normal?lang=auto:0
[  255344ms] [WARNING] WebGL: INVALID_ENUM: getInternalformatParameter: invalid internalformat @ https://challenges.cloudflare.com/cdn-cgi/challenge-platform/h/g/turnstile/f/av0/rch/cg7ry/0x4AAAAAAAc2BQjPEms9tKlM/auto/fbE/auto_expire/normal?lang=auto:0
[  255344ms] [WARNING] WebGL: INVALID_ENUM: getInternalformatParameter: invalid internalformat @ https://challenges.cloudflare.com/cdn-cgi/challenge-platform/h/g/turnstile/f/av0/rch/cg7ry/0x4AAAAAAAc2BQjPEms9tKlM/auto/fbE/auto_expire/normal?lang=auto:0
[  255344ms] [WARNING] WebGL: INVALID_ENUM: getInternalformatParameter: invalid internalformat @ https://challenges.cloudflare.com/cdn-cgi/challenge-platform/h/g/turnstile/f/av0/rch/cg7ry/0x4AAAAAAAc2BQjPEms9tKlM/auto/fbE/auto_expire/normal?lang=auto:0
[  255344ms] [WARNING] WebGL: INVALID_ENUM: getInternalformatParameter: invalid internalformat @ https://challenges.cloudflare.com/cdn-cgi/challenge-platform/h/g/turnstile/f/av0/rch/cg7ry/0x4AAAAAAAc2BQjPEms9tKlM/auto/fbE/auto_expire/normal?lang=auto:0
[  255344ms] [WARNING] WebGL: INVALID_ENUM: getInternalformatParameter: invalid internalformat @ https://challenges.cloudflare.com/cdn-cgi/challenge-platform/h/g/turnstile/f/av0/rch/cg7ry/0x4AAAAAAAc2BQjPEms9tKlM/auto/fbE/auto_expire/normal?lang=auto:0
[  255344ms] [WARNING] WebGL: INVALID_ENUM: getInternalformatParameter: invalid internalformat @ https://challenges.cloudflare.com/cdn-cgi/challenge-platform/h/g/turnstile/f/av0/rch/cg7ry/0x4AAAAAAAc2BQjPEms9tKlM/auto/fbE/auto_expire/normal?lang=auto:0
[  255344ms] [WARNING] WebGL: INVALID_ENUM: getInternalformatParameter: invalid internalformat @ https://challenges.cloudflare.com/cdn-cgi/challenge-platform/h/g/turnstile/f/av0/rch/cg7ry/0x4AAAAAAAc2BQjPEms9tKlM/auto/fbE/auto_expire/normal?lang=auto:0
[  255345ms] [WARNING] WebGL: INVALID_ENUM: getInternalformatParameter: invalid internalformat @ https://challenges.cloudflare.com/cdn-cgi/challenge-platform/h/g/turnstile/f/av0/rch/cg7ry/0x4AAAAAAAc2BQjPEms9tKlM/auto/fbE/auto_expire/normal?lang=auto:0
[  255345ms] [WARNING] WebGL: INVALID_ENUM: getInternalformatParameter: invalid internalformat @ https://challenges.cloudflare.com/cdn-cgi/challenge-platform/h/g/turnstile/f/av0/rch/cg7ry/0x4AAAAAAAc2BQjPEms9tKlM/auto/fbE/auto_expire/normal?lang=auto:0
[  255347ms] [WARNING] WebGL: INVALID_ENUM: getInternalformatParameter: invalid internalformat when EXT_color_buffer_[half_]float is not enabled @ https://challenges.cloudflare.com/cdn-cgi/challenge-platform/h/g/turnstile/f/av0/rch/cg7ry/0x4AAAAAAAc2BQjPEms9tKlM/auto/fbE/auto_expire/normal?lang=auto:0
[  255347ms] [WARNING] WebGL: INVALID_ENUM: getInternalformatParameter: invalid internalformat when EXT_color_buffer_float is not enabled @ https://challenges.cloudflare.com/cdn-cgi/challenge-platform/h/g/turnstile/f/av0/rch/cg7ry/0x4AAAAAAAc2BQjPEms9tKlM/auto/fbE/auto_expire/normal?lang=auto:0
[  255347ms] [WARNING] WebGL: INVALID_ENUM: getInternalformatParameter: invalid internalformat when EXT_color_buffer_float is not enabled @ https://challenges.cloudflare.com/cdn-cgi/challenge-platform/h/g/turnstile/f/av0/rch/cg7ry/0x4AAAAAAAc2BQjPEms9tKlM/auto/fbE/auto_expire/normal?lang=auto:0
[  255348ms] [WARNING] WebGL: INVALID_ENUM: getInternalformatParameter: invalid internalformat @ https://challenges.cloudflare.com/cdn-cgi/challenge-platform/h/g/turnstile/f/av0/rch/cg7ry/0x4AAAAAAAc2BQjPEms9tKlM/auto/fbE/auto_expire/normal?lang=auto:0
[  255348ms] [WARNING] WebGL: INVALID_ENUM: getInternalformatParameter: invalid internalformat when EXT_color_buffer_[half_]float is not enabled @ https://challenges.cloudflare.com/cdn-cgi/challenge-platform/h/g/turnstile/f/av0/rch/cg7ry/0x4AAAAAAAc2BQjPEms9tKlM/auto/fbE/auto_expire/normal?lang=auto:0
[  255348ms] [WARNING] WebGL: INVALID_ENUM: getInternalformatParameter: invalid internalformat when EXT_color_buffer_float is not enabled @ https://challenges.cloudflare.com/cdn-cgi/challenge-platform/h/g/turnstile/f/av0/rch/cg7ry/0x4AAAAAAAc2BQjPEms9tKlM/auto/fbE/auto_expire/normal?lang=auto:0
[  255348ms] [WARNING] WebGL: INVALID_ENUM: getInternalformatParameter: invalid internalformat when EXT_color_buffer_[half_]float is not enabled @ https://challenges.cloudflare.com/cdn-cgi/challenge-platform/h/g/turnstile/f/av0/rch/cg7ry/0x4AAAAAAAc2BQjPEms9tKlM/auto/fbE/auto_expire/normal?lang=auto:0
[  255348ms] [WARNING] WebGL: INVALID_ENUM: getInternalformatParameter: invalid internalformat when EXT_color_buffer_float is not enabled @ https://challenges.cloudflare.com/cdn-cgi/challenge-platform/h/g/turnstile/f/av0/rch/cg7ry/0x4AAAAAAAc2BQjPEms9tKlM/auto/fbE/auto_expire/normal?lang=auto:0
[  255463ms] [WARNING] The powerPreference option is currently ignored when calling requestAdapter() on Windows. See https://crbug.com/369219127 @ https://challenges.cloudflare.com/cdn-cgi/challenge-platform/h/g/turnstile/f/av0/rch/cg7ry/0x4AAAAAAAc2BQjPEms9tKlM/auto/fbE/auto_expire/normal?lang=auto:0
[  255463ms] [WARNING] The powerPreference option is currently ignored when calling requestAdapter() on Windows. See https://crbug.com/369219127 @ https://challenges.cloudflare.com/cdn-cgi/challenge-platform/h/g/turnstile/f/av0/rch/cg7ry/0x4AAAAAAAc2BQjPEms9tKlM/auto/fbE/auto_expire/normal?lang=auto:0
[  255476ms] [WARNING] No available adapters. @ https://challenges.cloudflare.com/cdn-cgi/challenge-platform/h/g/turnstile/f/av0/rch/cg7ry/0x4AAAAAAAc2BQjPEms9tKlM/auto/fbE/auto_expire/normal?lang=auto:0
[-4036370ms] [ERROR] Creating a TrustedTypePolicy named 'sanitizer' violates the following Content Security policy directive: "trusted-types nfFM8 default". The action has been blocked. @ chrome-extension://gjkaolmncjlagdhkamocpknlngfbfmnm/content_script.js:4931
[-4035916ms] [ERROR] Blocked script execution in 'about:blank' because the document's frame is sandboxed and the 'allow-scripts' permission is not set. @ https://challenges.cloudflare.com/cdn-cgi/challenge-platform/h/g/turnstile/f/av0/rchImdUintTElE_YEl0XJX6A3wuih5h6umLMAZLOcSkAF0-1785746163-1.3.1.1-PyOWBAXQ9T.cC82iHOWeieY1MSbZe62Hp297ZLu.8b4/cg7ry/0x4AAAAAAAc2BQjPEms9tKlM/auto/fbE/crashed_retry/normal?lang=auto:0
[-4035916ms] [ERROR] Blocked script execution in 'about:blank' because the document's frame is sandboxed and the 'allow-scripts' permission is not set. @ https://challenges.cloudflare.com/cdn-cgi/challenge-platform/h/g/turnstile/f/av0/rchImdUintTElE_YEl0XJX6A3wuih5h6umLMAZLOcSkAF0-1785746163-1.3.1.1-PyOWBAXQ9T.cC82iHOWeieY1MSbZe62Hp297ZLu.8b4/cg7ry/0x4AAAAAAAc2BQjPEms9tKlM/auto/fbE/crashed_retry/normal?lang=auto:0
[-4035908ms] [ERROR] Blocked script execution in 'about:blank' because the document's frame is sandboxed and the 'allow-scripts' permission is not set. @ https://challenges.cloudflare.com/cdn-cgi/challenge-platform/h/g/turnstile/f/av0/rchImdUintTElE_YEl0XJX6A3wuih5h6umLMAZLOcSkAF0-1785746163-1.3.1.1-PyOWBAXQ9T.cC82iHOWeieY1MSbZe62Hp297ZLu.8b4/cg7ry/0x4AAAAAAAc2BQjPEms9tKlM/auto/fbE/crashed_retry/normal?lang=auto:0
[-4023188ms] [ERROR] Blocked script execution in 'about:blank' because the document's frame is sandboxed and the 'allow-scripts' permission is not set. @ https://challenges.cloudflare.com/cdn-cgi/challenge-platform/h/g/turnstile/f/av0/rchImdUintTElE_YEl0XJX6A3wuih5h6umLMAZLOcSkAF0-1785746163-1.3.1.1-PyOWBAXQ9T.cC82iHOWeieY1MSbZe62Hp297ZLu.8b4/cg7ry/0x4AAAAAAAc2BQjPEms9tKlM/auto/fbE/crashed_retry/normal?lang=auto:0
[-4023187ms] [ERROR] Blocked script execution in 'about:blank' because the document's frame is sandboxed and the 'allow-scripts' permission is not set. @ https://challenges.cloudflare.com/cdn-cgi/challenge-platform/h/g/turnstile/f/av0/rchImdUintTElE_YEl0XJX6A3wuih5h6umLMAZLOcSkAF0-1785746163-1.3.1.1-PyOWBAXQ9T.cC82iHOWeieY1MSbZe62Hp297ZLu.8b4/cg7ry/0x4AAAAAAAc2BQjPEms9tKlM/auto/fbE/crashed_retry/normal?lang=auto:0
[-4023181ms] [ERROR] Blocked script execution in 'about:blank' because the document's frame is sandboxed and the 'allow-scripts' permission is not set. @ https://challenges.cloudflare.com/cdn-cgi/challenge-platform/h/g/turnstile/f/av0/rchImdUintTElE_YEl0XJX6A3wuih5h6umLMAZLOcSkAF0-1785746163-1.3.1.1-PyOWBAXQ9T.cC82iHOWeieY1MSbZe62Hp297ZLu.8b4/cg7ry/0x4AAAAAAAc2BQjPEms9tKlM/auto/fbE/crashed_retry/normal?lang=auto:0
[-4022669ms] [WARNING] WebGL: INVALID_ENUM: getInternalformatParameter: invalid internalformat @ https://challenges.cloudflare.com/cdn-cgi/challenge-platform/h/g/turnstile/f/av0/rchImdUintTElE_YEl0XJX6A3wuih5h6umLMAZLOcSkAF0-1785746163-1.3.1.1-PyOWBAXQ9T.cC82iHOWeieY1MSbZe62Hp297ZLu.8b4/cg7ry/0x4AAAAAAAc2BQjPEms9tKlM/auto/fbE/crashed_retry/normal?lang=auto:0
[-4022668ms] [WARNING] WebGL: INVALID_ENUM: getInternalformatParameter: invalid internalformat @ https://challenges.cloudflare.com/cdn-cgi/challenge-platform/h/g/turnstile/f/av0/rchImdUintTElE_YEl0XJX6A3wuih5h6umLMAZLOcSkAF0-1785746163-1.3.1.1-PyOWBAXQ9T.cC82iHOWeieY1MSbZe62Hp297ZLu.8b4/cg7ry/0x4AAAAAAAc2BQjPEms9tKlM/auto/fbE/crashed_retry/normal?lang=auto:0
[-4022667ms] [WARNING] WebGL: INVALID_ENUM: getInternalformatParameter: invalid internalformat @ https://challenges.cloudflare.com/cdn-cgi/challenge-platform/h/g/turnstile/f/av0/rchImdUintTElE_YEl0XJX6A3wuih5h6umLMAZLOcSkAF0-1785746163-1.3.1.1-PyOWBAXQ9T.cC82iHOWeieY1MSbZe62Hp297ZLu.8b4/cg7ry/0x4AAAAAAAc2BQjPEms9tKlM/auto/fbE/crashed_retry/normal?lang=auto:0
[-4022667ms] [WARNING] WebGL: INVALID_ENUM: getInternalformatParameter: invalid internalformat @ https://challenges.cloudflare.com/cdn-cgi/challenge-platform/h/g/turnstile/f/av0/rchImdUintTElE_YEl0XJX6A3wuih5h6umLMAZLOcSkAF0-1785746163-1.3.1.1-PyOWBAXQ9T.cC82iHOWeieY1MSbZe62Hp297ZLu.8b4/cg7ry/0x4AAAAAAAc2BQjPEms9tKlM/auto/fbE/crashed_retry/normal?lang=auto:0
[-4022666ms] [WARNING] WebGL: INVALID_ENUM: getInternalformatParameter: invalid internalformat @ https://challenges.cloudflare.com/cdn-cgi/challenge-platform/h/g/turnstile/f/av0/rchImdUintTElE_YEl0XJX6A3wuih5h6umLMAZLOcSkAF0-1785746163-1.3.1.1-PyOWBAXQ9T.cC82iHOWeieY1MSbZe62Hp297ZLu.8b4/cg7ry/0x4AAAAAAAc2BQjPEms9tKlM/auto/fbE/crashed_retry/normal?lang=auto:0
[-4022666ms] [WARNING] WebGL: INVALID_ENUM: getInternalformatParameter: invalid internalformat @ https://challenges.cloudflare.com/cdn-cgi/challenge-platform/h/g/turnstile/f/av0/rchImdUintTElE_YEl0XJX6A3wuih5h6umLMAZLOcSkAF0-1785746163-1.3.1.1-PyOWBAXQ9T.cC82iHOWeieY1MSbZe62Hp297ZLu.8b4/cg7ry/0x4AAAAAAAc2BQjPEms9tKlM/auto/fbE/crashed_retry/normal?lang=auto:0
[-4022666ms] [WARNING] WebGL: INVALID_ENUM: getInternalformatParameter: invalid internalformat @ https://challenges.cloudflare.com/cdn-cgi/challenge-platform/h/g/turnstile/f/av0/rchImdUintTElE_YEl0XJX6A3wuih5h6umLMAZLOcSkAF0-1785746163-1.3.1.1-PyOWBAXQ9T.cC82iHOWeieY1MSbZe62Hp297ZLu.8b4/cg7ry/0x4AAAAAAAc2BQjPEms9tKlM/auto/fbE/crashed_retry/normal?lang=auto:0
[-4022666ms] [WARNING] WebGL: INVALID_ENUM: getInternalformatParameter: invalid internalformat @ https://challenges.cloudflare.com/cdn-cgi/challenge-platform/h/g/turnstile/f/av0/rchImdUintTElE_YEl0XJX6A3wuih5h6umLMAZLOcSkAF0-1785746163-1.3.1.1-PyOWBAXQ9T.cC82iHOWeieY1MSbZe62Hp297ZLu.8b4/cg7ry/0x4AAAAAAAc2BQjPEms9tKlM/auto/fbE/crashed_retry/normal?lang=auto:0
[-4022665ms] [WARNING] WebGL: INVALID_ENUM: getInternalformatParameter: invalid internalformat @ https://challenges.cloudflare.com/cdn-cgi/challenge-platform/h/g/turnstile/f/av0/rchImdUintTElE_YEl0XJX6A3wuih5h6umLMAZLOcSkAF0-1785746163-1.3.1.1-PyOWBAXQ9T.cC82iHOWeieY1MSbZe62Hp297ZLu.8b4/cg7ry/0x4AAAAAAAc2BQjPEms9tKlM/auto/fbE/crashed_retry/normal?lang=auto:0
[-4022665ms] [WARNING] WebGL: INVALID_ENUM: getInternalformatParameter: invalid internalformat @ https://challenges.cloudflare.com/cdn-cgi/challenge-platform/h/g/turnstile/f/av0/rchImdUintTElE_YEl0XJX6A3wuih5h6umLMAZLOcSkAF0-1785746163-1.3.1.1-PyOWBAXQ9T.cC82iHOWeieY1MSbZe62Hp297ZLu.8b4/cg7ry/0x4AAAAAAAc2BQjPEms9tKlM/auto/fbE/crashed_retry/normal?lang=auto:0
[-4022664ms] [WARNING] WebGL: INVALID_ENUM: getInternalformatParameter: invalid internalformat @ https://challenges.cloudflare.com/cdn-cgi/challenge-platform/h/g/turnstile/f/av0/rchImdUintTElE_YEl0XJX6A3wuih5h6umLMAZLOcSkAF0-1785746163-1.3.1.1-PyOWBAXQ9T.cC82iHOWeieY1MSbZe62Hp297ZLu.8b4/cg7ry/0x4AAAAAAAc2BQjPEms9tKlM/auto/fbE/crashed_retry/normal?lang=auto:0
[-4022662ms] [WARNING] WebGL: INVALID_ENUM: getInternalformatParameter: invalid internalformat when EXT_color_buffer_[half_]float is not enabled @ https://challenges.cloudflare.com/cdn-cgi/challenge-platform/h/g/turnstile/f/av0/rchImdUintTElE_YEl0XJX6A3wuih5h6umLMAZLOcSkAF0-1785746163-1.3.1.1-PyOWBAXQ9T.cC82iHOWeieY1MSbZe62Hp297ZLu.8b4/cg7ry/0x4AAAAAAAc2BQjPEms9tKlM/auto/fbE/crashed_retry/normal?lang=auto:0
[-4022662ms] [WARNING] WebGL: INVALID_ENUM: getInternalformatParameter: invalid internalformat when EXT_color_buffer_float is not enabled @ https://challenges.cloudflare.com/cdn-cgi/challenge-platform/h/g/turnstile/f/av0/rchImdUintTElE_YEl0XJX6A3wuih5h6umLMAZLOcSkAF0-1785746163-1.3.1.1-PyOWBAXQ9T.cC82iHOWeieY1MSbZe62Hp297ZLu.8b4/cg7ry/0x4AAAAAAAc2BQjPEms9tKlM/auto/fbE/crashed_retry/normal?lang=auto:0
[-4022662ms] [WARNING] WebGL: INVALID_ENUM: getInternalformatParameter: invalid internalformat when EXT_color_buffer_float is not enabled @ https://challenges.cloudflare.com/cdn-cgi/challenge-platform/h/g/turnstile/f/av0/rchImdUintTElE_YEl0XJX6A3wuih5h6umLMAZLOcSkAF0-1785746163-1.3.1.1-PyOWBAXQ9T.cC82iHOWeieY1MSbZe62Hp297ZLu.8b4/cg7ry/0x4AAAAAAAc2BQjPEms9tKlM/auto/fbE/crashed_retry/normal?lang=auto:0
[-4022662ms] [WARNING] WebGL: INVALID_ENUM: getInternalformatParameter: invalid internalformat @ https://challenges.cloudflare.com/cdn-cgi/challenge-platform/h/g/turnstile/f/av0/rchImdUintTElE_YEl0XJX6A3wuih5h6umLMAZLOcSkAF0-1785746163-1.3.1.1-PyOWBAXQ9T.cC82iHOWeieY1MSbZe62Hp297ZLu.8b4/cg7ry/0x4AAAAAAAc2BQjPEms9tKlM/auto/fbE/crashed_retry/normal?lang=auto:0
[-4022661ms] [WARNING] WebGL: INVALID_ENUM: getInternalformatParameter: invalid internalformat when EXT_color_buffer_[half_]float is not enabled @ https://challenges.cloudflare.com/cdn-cgi/challenge-platform/h/g/turnstile/f/av0/rchImdUintTElE_YEl0XJX6A3wuih5h6umLMAZLOcSkAF0-1785746163-1.3.1.1-PyOWBAXQ9T.cC82iHOWeieY1MSbZe62Hp297ZLu.8b4/cg7ry/0x4AAAAAAAc2BQjPEms9tKlM/auto/fbE/crashed_retry/normal?lang=auto:0
[-4022661ms] [WARNING] WebGL: INVALID_ENUM: getInternalformatParameter: invalid internalformat when EXT_color_buffer_float is not enabled @ https://challenges.cloudflare.com/cdn-cgi/challenge-platform/h/g/turnstile/f/av0/rchImdUintTElE_YEl0XJX6A3wuih5h6umLMAZLOcSkAF0-1785746163-1.3.1.1-PyOWBAXQ9T.cC82iHOWeieY1MSbZe62Hp297ZLu.8b4/cg7ry/0x4AAAAAAAc2BQjPEms9tKlM/auto/fbE/crashed_retry/normal?lang=auto:0
[-4022661ms] [WARNING] WebGL: INVALID_ENUM: getInternalformatParameter: invalid internalformat when EXT_color_buffer_[half_]float is not enabled @ https://challenges.cloudflare.com/cdn-cgi/challenge-platform/h/g/turnstile/f/av0/rchImdUintTElE_YEl0XJX6A3wuih5h6umLMAZLOcSkAF0-1785746163-1.3.1.1-PyOWBAXQ9T.cC82iHOWeieY1MSbZe62Hp297ZLu.8b4/cg7ry/0x4AAAAAAAc2BQjPEms9tKlM/auto/fbE/crashed_retry/normal?lang=auto:0
[-4022661ms] [WARNING] WebGL: INVALID_ENUM: getInternalformatParameter: invalid internalformat when EXT_color_buffer_float is not enabled @ https://challenges.cloudflare.com/cdn-cgi/challenge-platform/h/g/turnstile/f/av0/rchImdUintTElE_YEl0XJX6A3wuih5h6umLMAZLOcSkAF0-1785746163-1.3.1.1-PyOWBAXQ9T.cC82iHOWeieY1MSbZe62Hp297ZLu.8b4/cg7ry/0x4AAAAAAAc2BQjPEms9tKlM/auto/fbE/crashed_retry/normal?lang=auto:0
[-4022451ms] [WARNING] The powerPreference option is currently ignored when calling requestAdapter() on Windows. See https://crbug.com/369219127 @ https://challenges.cloudflare.com/cdn-cgi/challenge-platform/h/g/turnstile/f/av0/rchImdUintTElE_YEl0XJX6A3wuih5h6umLMAZLOcSkAF0-1785746163-1.3.1.1-PyOWBAXQ9T.cC82iHOWeieY1MSbZe62Hp297ZLu.8b4/cg7ry/0x4AAAAAAAc2BQjPEms9tKlM/auto/fbE/crashed_retry/normal?lang=auto:0
[-4022451ms] [WARNING] The powerPreference option is currently ignored when calling requestAdapter() on Windows. See https://crbug.com/369219127 @ https://challenges.cloudflare.com/cdn-cgi/challenge-platform/h/g/turnstile/f/av0/rchImdUintTElE_YEl0XJX6A3wuih5h6umLMAZLOcSkAF0-1785746163-1.3.1.1-PyOWBAXQ9T.cC82iHOWeieY1MSbZe62Hp297ZLu.8b4/cg7ry/0x4AAAAAAAc2BQjPEms9tKlM/auto/fbE/crashed_retry/normal?lang=auto:0
[-4022444ms] [WARNING] No available adapters. @ https://challenges.cloudflare.com/cdn-cgi/challenge-platform/h/g/turnstile/f/av0/rchImdUintTElE_YEl0XJX6A3wuih5h6umLMAZLOcSkAF0-1785746163-1.3.1.1-PyOWBAXQ9T.cC82iHOWeieY1MSbZe62Hp297ZLu.8b4/cg7ry/0x4AAAAAAAc2BQjPEms9tKlM/auto/fbE/crashed_retry/normal?lang=auto:0
[-4021719ms] [WARNING] OTS parsing error: Size of decompressed WOFF 2.0 is less than compressed size @ https://challenges.cloudflare.com/cdn-cgi/challenge-platform/h/g/turnstile/f/av0/rchImdUintTElE_YEl0XJX6A3wuih5h6umLMAZLOcSkAF0-1785746163-1.3.1.1-PyOWBAXQ9T.cC82iHOWeieY1MSbZe62Hp297ZLu.8b4/cg7ry/0x4AAAAAAAc2BQjPEms9tKlM/auto/fbE/crashed_retry/normal?lang=auto:0
[-3728176ms] [ERROR] Creating a TrustedTypePolicy named 'sanitizer' violates the following Content Security policy directive: "trusted-types nfFM8 default". The action has been blocked. @ chrome-extension://gjkaolmncjlagdhkamocpknlngfbfmnm/content_script.js:4931
[-3727690ms] [ERROR] Blocked script execution in 'about:blank' because the document's frame is sandboxed and the 'allow-scripts' permission is not set. @ https://challenges.cloudflare.com/cdn-cgi/challenge-platform/h/g/turnstile/f/av0/rch/cg7ry/0x4AAAAAAAc2BQjPEms9tKlM/auto/fbE/auto_expire/normal?lang=auto:0
[-3727689ms] [ERROR] Blocked script execution in 'about:blank' because the document's frame is sandboxed and the 'allow-scripts' permission is not set. @ https://challenges.cloudflare.com/cdn-cgi/challenge-platform/h/g/turnstile/f/av0/rch/cg7ry/0x4AAAAAAAc2BQjPEms9tKlM/auto/fbE/auto_expire/normal?lang=auto:0
[-3727684ms] [ERROR] Blocked script execution in 'about:blank' because the document's frame is sandboxed and the 'allow-scripts' permission is not set. @ https://challenges.cloudflare.com/cdn-cgi/challenge-platform/h/g/turnstile/f/av0/rch/cg7ry/0x4AAAAAAAc2BQjPEms9tKlM/auto/fbE/auto_expire/normal?lang=auto:0
[-3695986ms] [WARNING] OTS parsing error: Size of decompressed WOFF 2.0 is less than compressed size @ https://challenges.cloudflare.com/cdn-cgi/challenge-platform/h/g/turnstile/f/av0/rch/cg7ry/0x4AAAAAAAc2BQjPEms9tKlM/auto/fbE/auto_expire/normal?lang=auto:0
[-3695718ms] [ERROR] Blocked script execution in 'about:blank' because the document's frame is sandboxed and the 'allow-scripts' permission is not set. @ https://challenges.cloudflare.com/cdn-cgi/challenge-platform/h/g/turnstile/f/av0/rch/cg7ry/0x4AAAAAAAc2BQjPEms9tKlM/auto/fbE/auto_expire/normal?lang=auto:0
[-3695716ms] [ERROR] Blocked script execution in 'about:blank' because the document's frame is sandboxed and the 'allow-scripts' permission is not set. @ https://challenges.cloudflare.com/cdn-cgi/challenge-platform/h/g/turnstile/f/av0/rch/cg7ry/0x4AAAAAAAc2BQjPEms9tKlM/auto/fbE/auto_expire/normal?lang=auto:0
[-3695708ms] [ERROR] Blocked script execution in 'about:blank' because the document's frame is sandboxed and the 'allow-scripts' permission is not set. @ https://challenges.cloudflare.com/cdn-cgi/challenge-platform/h/g/turnstile/f/av0/rch/cg7ry/0x4AAAAAAAc2BQjPEms9tKlM/auto/fbE/auto_expire/normal?lang=auto:0
[-3695108ms] [WARNING] WebGL: INVALID_ENUM: getInternalformatParameter: invalid internalformat @ https://challenges.cloudflare.com/cdn-cgi/challenge-platform/h/g/turnstile/f/av0/rch/cg7ry/0x4AAAAAAAc2BQjPEms9tKlM/auto/fbE/auto_expire/normal?lang=auto:0
[-3695105ms] [WARNING] WebGL: INVALID_ENUM: getInternalformatParameter: invalid internalformat @ https://challenges.cloudflare.com/cdn-cgi/challenge-platform/h/g/turnstile/f/av0/rch/cg7ry/0x4AAAAAAAc2BQjPEms9tKlM/auto/fbE/auto_expire/normal?lang=auto:0
[-3695104ms] [WARNING] WebGL: INVALID_ENUM: getInternalformatParameter: invalid internalformat @ https://challenges.cloudflare.com/cdn-cgi/challenge-platform/h/g/turnstile/f/av0/rch/cg7ry/0x4AAAAAAAc2BQjPEms9tKlM/auto/fbE/auto_expire/normal?lang=auto:0
[-3695103ms] [WARNING] WebGL: INVALID_ENUM: getInternalformatParameter: invalid internalformat @ https://challenges.cloudflare.com/cdn-cgi/challenge-platform/h/g/turnstile/f/av0/rch/cg7ry/0x4AAAAAAAc2BQjPEms9tKlM/auto/fbE/auto_expire/normal?lang=auto:0
[-3695103ms] [WARNING] WebGL: INVALID_ENUM: getInternalformatParameter: invalid internalformat @ https://challenges.cloudflare.com/cdn-cgi/challenge-platform/h/g/turnstile/f/av0/rch/cg7ry/0x4AAAAAAAc2BQjPEms9tKlM/auto/fbE/auto_expire/normal?lang=auto:0
[-3695102ms] [WARNING] WebGL: INVALID_ENUM: getInternalformatParameter: invalid internalformat @ https://challenges.cloudflare.com/cdn-cgi/challenge-platform/h/g/turnstile/f/av0/rch/cg7ry/0x4AAAAAAAc2BQjPEms9tKlM/auto/fbE/auto_expire/normal?lang=auto:0
[-3695102ms] [WARNING] WebGL: INVALID_ENUM: getInternalformatParameter: invalid internalformat @ https://challenges.cloudflare.com/cdn-cgi/challenge-platform/h/g/turnstile/f/av0/rch/cg7ry/0x4AAAAAAAc2BQjPEms9tKlM/auto/fbE/auto_expire/normal?lang=auto:0
[-3695102ms] [WARNING] WebGL: INVALID_ENUM: getInternalformatParameter: invalid internalformat @ https://challenges.cloudflare.com/cdn-cgi/challenge-platform/h/g/turnstile/f/av0/rch/cg7ry/0x4AAAAAAAc2BQjPEms9tKlM/auto/fbE/auto_expire/normal?lang=auto:0
[-3695101ms] [WARNING] WebGL: INVALID_ENUM: getInternalformatParameter: invalid internalformat @ https://challenges.cloudflare.com/cdn-cgi/challenge-platform/h/g/turnstile/f/av0/rch/cg7ry/0x4AAAAAAAc2BQjPEms9tKlM/auto/fbE/auto_expire/normal?lang=auto:0
[-3695101ms] [WARNING] WebGL: INVALID_ENUM: getInternalformatParameter: invalid internalformat @ https://challenges.cloudflare.com/cdn-cgi/challenge-platform/h/g/turnstile/f/av0/rch/cg7ry/0x4AAAAAAAc2BQjPEms9tKlM/auto/fbE/auto_expire/normal?lang=auto:0
[-3695099ms] [WARNING] WebGL: INVALID_ENUM: getInternalformatParameter: invalid internalformat @ https://challenges.cloudflare.com/cdn-cgi/challenge-platform/h/g/turnstile/f/av0/rch/cg7ry/0x4AAAAAAAc2BQjPEms9tKlM/auto/fbE/auto_expire/normal?lang=auto:0
[-3695096ms] [WARNING] WebGL: INVALID_ENUM: getInternalformatParameter: invalid internalformat when EXT_color_buffer_[half_]float is not enabled @ https://challenges.cloudflare.com/cdn-cgi/challenge-platform/h/g/turnstile/f/av0/rch/cg7ry/0x4AAAAAAAc2BQjPEms9tKlM/auto/fbE/auto_expire/normal?lang=auto:0
[-3695096ms] [WARNING] WebGL: INVALID_ENUM: getInternalformatParameter: invalid internalformat when EXT_color_buffer_float is not enabled @ https://challenges.cloudflare.com/cdn-cgi/challenge-platform/h/g/turnstile/f/av0/rch/cg7ry/0x4AAAAAAAc2BQjPEms9tKlM/auto/fbE/auto_expire/normal?lang=auto:0
[-3695095ms] [WARNING] WebGL: INVALID_ENUM: getInternalformatParameter: invalid internalformat when EXT_color_buffer_float is not enabled @ https://challenges.cloudflare.com/cdn-cgi/challenge-platform/h/g/turnstile/f/av0/rch/cg7ry/0x4AAAAAAAc2BQjPEms9tKlM/auto/fbE/auto_expire/normal?lang=auto:0
[-3695095ms] [WARNING] WebGL: INVALID_ENUM: getInternalformatParameter: invalid internalformat @ https://challenges.cloudflare.com/cdn-cgi/challenge-platform/h/g/turnstile/f/av0/rch/cg7ry/0x4AAAAAAAc2BQjPEms9tKlM/auto/fbE/auto_expire/normal?lang=auto:0
[-3695094ms] [WARNING] WebGL: INVALID_ENUM: getInternalformatParameter: invalid internalformat when EXT_color_buffer_[half_]float is not enabled @ https://challenges.cloudflare.com/cdn-cgi/challenge-platform/h/g/turnstile/f/av0/rch/cg7ry/0x4AAAAAAAc2BQjPEms9tKlM/auto/fbE/auto_expire/normal?lang=auto:0
[-3695094ms] [WARNING] WebGL: INVALID_ENUM: getInternalformatParameter: invalid internalformat when EXT_color_buffer_float is not enabled @ https://challenges.cloudflare.com/cdn-cgi/challenge-platform/h/g/turnstile/f/av0/rch/cg7ry/0x4AAAAAAAc2BQjPEms9tKlM/auto/fbE/auto_expire/normal?lang=auto:0
[-3695094ms] [WARNING] WebGL: INVALID_ENUM: getInternalformatParameter: invalid internalformat when EXT_color_buffer_[half_]float is not enabled @ https://challenges.cloudflare.com/cdn-cgi/challenge-platform/h/g/turnstile/f/av0/rch/cg7ry/0x4AAAAAAAc2BQjPEms9tKlM/auto/fbE/auto_expire/normal?lang=auto:0
[-3695094ms] [WARNING] WebGL: INVALID_ENUM: getInternalformatParameter: invalid internalformat when EXT_color_buffer_float is not enabled @ https://challenges.cloudflare.com/cdn-cgi/challenge-platform/h/g/turnstile/f/av0/rch/cg7ry/0x4AAAAAAAc2BQjPEms9tKlM/auto/fbE/auto_expire/normal?lang=auto:0
[-3694766ms] [WARNING] The powerPreference option is currently ignored when calling requestAdapter() on Windows. See https://crbug.com/369219127 @ https://challenges.cloudflare.com/cdn-cgi/challenge-platform/h/g/turnstile/f/av0/rch/cg7ry/0x4AAAAAAAc2BQjPEms9tKlM/auto/fbE/auto_expire/normal?lang=auto:0
[-3694765ms] [WARNING] The powerPreference option is currently ignored when calling requestAdapter() on Windows. See https://crbug.com/369219127 @ https://challenges.cloudflare.com/cdn-cgi/challenge-platform/h/g/turnstile/f/av0/rch/cg7ry/0x4AAAAAAAc2BQjPEms9tKlM/auto/fbE/auto_expire/normal?lang=auto:0
[-3694751ms] [WARNING] No available adapters. @ https://challenges.cloudflare.com/cdn-cgi/challenge-platform/h/g/turnstile/f/av0/rch/cg7ry/0x4AAAAAAAc2BQjPEms9tKlM/auto/fbE/auto_expire/normal?lang=auto:0
[-3399954ms] [ERROR] Creating a TrustedTypePolicy named 'sanitizer' violates the following Content Security policy directive: "trusted-types nfFM8 default". The action has been blocked. @ chrome-extension://gjkaolmncjlagdhkamocpknlngfbfmnm/content_script.js:4931
[-3392932ms] [ERROR] Blocked script execution in 'about:blank' because the document's frame is sandboxed and the 'allow-scripts' permission is not set. @ https://challenges.cloudflare.com/cdn-cgi/challenge-platform/h/g/turnstile/f/av0/rch/cg7ry/0x4AAAAAAAc2BQjPEms9tKlM/auto/fbE/auto_expire/normal?lang=auto:0
[-3392931ms] [ERROR] Blocked script execution in 'about:blank' because the document's frame is sandboxed and the 'allow-scripts' permission is not set. @ https://challenges.cloudflare.com/cdn-cgi/challenge-platform/h/g/turnstile/f/av0/rch/cg7ry/0x4AAAAAAAc2BQjPEms9tKlM/auto/fbE/auto_expire/normal?lang=auto:0
[-3392912ms] [ERROR] Blocked script execution in 'about:blank' because the document's frame is sandboxed and the 'allow-scripts' permission is not set. @ https://challenges.cloudflare.com/cdn-cgi/challenge-platform/h/g/turnstile/f/av0/rch/cg7ry/0x4AAAAAAAc2BQjPEms9tKlM/auto/fbE/auto_expire/normal?lang=auto:0
[-3341893ms] [ERROR] Creating a TrustedTypePolicy named 'sanitizer' violates the following Content Security policy directive: "trusted-types nfFM8 default". The action has been blocked. @ chrome-extension://gjkaolmncjlagdhkamocpknlngfbfmnm/content_script.js:4931
[-3340838ms] [ERROR] Blocked script execution in 'about:blank' because the document's frame is sandboxed and the 'allow-scripts' permission is not set. @ https://challenges.cloudflare.com/cdn-cgi/challenge-platform/h/g/turnstile/f/av0/rchbol8i0NlaV3I2DkS29AOSXpa_rxAA9813ZnYwsGvvhQ-1785747165-1.3.1.1-p4oGIEAlapsqKR0hAnF9SXaGAmdYQM7TY..WEKdZbac/cg7ry/0x4AAAAAAAc2BQjPEms9tKlM/auto/fbE/failure_retry/normal?lang=auto:0
[-3340838ms] [ERROR] Blocked script execution in 'about:blank' because the document's frame is sandboxed and the 'allow-scripts' permission is not set. @ https://challenges.cloudflare.com/cdn-cgi/challenge-platform/h/g/turnstile/f/av0/rchbol8i0NlaV3I2DkS29AOSXpa_rxAA9813ZnYwsGvvhQ-1785747165-1.3.1.1-p4oGIEAlapsqKR0hAnF9SXaGAmdYQM7TY..WEKdZbac/cg7ry/0x4AAAAAAAc2BQjPEms9tKlM/auto/fbE/failure_retry/normal?lang=auto:0
[-3340836ms] [ERROR] Blocked script execution in 'about:blank' because the document's frame is sandboxed and the 'allow-scripts' permission is not set. @ https://challenges.cloudflare.com/cdn-cgi/challenge-platform/h/g/turnstile/f/av0/rchbol8i0NlaV3I2DkS29AOSXpa_rxAA9813ZnYwsGvvhQ-1785747165-1.3.1.1-p4oGIEAlapsqKR0hAnF9SXaGAmdYQM7TY..WEKdZbac/cg7ry/0x4AAAAAAAc2BQjPEms9tKlM/auto/fbE/failure_retry/normal?lang=auto:0
[-3326033ms] [ERROR] Blocked script execution in 'about:blank' because the document's frame is sandboxed and the 'allow-scripts' permission is not set. @ https://challenges.cloudflare.com/cdn-cgi/challenge-platform/h/g/turnstile/f/av0/rchbol8i0NlaV3I2DkS29AOSXpa_rxAA9813ZnYwsGvvhQ-1785747165-1.3.1.1-p4oGIEAlapsqKR0hAnF9SXaGAmdYQM7TY..WEKdZbac/cg7ry/0x4AAAAAAAc2BQjPEms9tKlM/auto/fbE/failure_retry/normal?lang=auto:0
[-3326032ms] [ERROR] Blocked script execution in 'about:blank' because the document's frame is sandboxed and the 'allow-scripts' permission is not set. @ https://challenges.cloudflare.com/cdn-cgi/challenge-platform/h/g/turnstile/f/av0/rchbol8i0NlaV3I2DkS29AOSXpa_rxAA9813ZnYwsGvvhQ-1785747165-1.3.1.1-p4oGIEAlapsqKR0hAnF9SXaGAmdYQM7TY..WEKdZbac/cg7ry/0x4AAAAAAAc2BQjPEms9tKlM/auto/fbE/failure_retry/normal?lang=auto:0
[-3326027ms] [ERROR] Blocked script execution in 'about:blank' because the document's frame is sandboxed and the 'allow-scripts' permission is not set. @ https://challenges.cloudflare.com/cdn-cgi/challenge-platform/h/g/turnstile/f/av0/rchbol8i0NlaV3I2DkS29AOSXpa_rxAA9813ZnYwsGvvhQ-1785747165-1.3.1.1-p4oGIEAlapsqKR0hAnF9SXaGAmdYQM7TY..WEKdZbac/cg7ry/0x4AAAAAAAc2BQjPEms9tKlM/auto/fbE/failure_retry/normal?lang=auto:0
[-3325358ms] [WARNING] WebGL: INVALID_ENUM: getInternalformatParameter: invalid internalformat @ https://challenges.cloudflare.com/cdn-cgi/challenge-platform/h/g/turnstile/f/av0/rchbol8i0NlaV3I2DkS29AOSXpa_rxAA9813ZnYwsGvvhQ-1785747165-1.3.1.1-p4oGIEAlapsqKR0hAnF9SXaGAmdYQM7TY..WEKdZbac/cg7ry/0x4AAAAAAAc2BQjPEms9tKlM/auto/fbE/failure_retry/normal?lang=auto:0
[-3325357ms] [WARNING] WebGL: INVALID_ENUM: getInternalformatParameter: invalid internalformat @ https://challenges.cloudflare.com/cdn-cgi/challenge-platform/h/g/turnstile/f/av0/rchbol8i0NlaV3I2DkS29AOSXpa_rxAA9813ZnYwsGvvhQ-1785747165-1.3.1.1-p4oGIEAlapsqKR0hAnF9SXaGAmdYQM7TY..WEKdZbac/cg7ry/0x4AAAAAAAc2BQjPEms9tKlM/auto/fbE/failure_retry/normal?lang=auto:0
[-3325355ms] [WARNING] WebGL: INVALID_ENUM: getInternalformatParameter: invalid internalformat @ https://challenges.cloudflare.com/cdn-cgi/challenge-platform/h/g/turnstile/f/av0/rchbol8i0NlaV3I2DkS29AOSXpa_rxAA9813ZnYwsGvvhQ-1785747165-1.3.1.1-p4oGIEAlapsqKR0hAnF9SXaGAmdYQM7TY..WEKdZbac/cg7ry/0x4AAAAAAAc2BQjPEms9tKlM/auto/fbE/failure_retry/normal?lang=auto:0
[-3325355ms] [WARNING] WebGL: INVALID_ENUM: getInternalformatParameter: invalid internalformat @ https://challenges.cloudflare.com/cdn-cgi/challenge-platform/h/g/turnstile/f/av0/rchbol8i0NlaV3I2DkS29AOSXpa_rxAA9813ZnYwsGvvhQ-1785747165-1.3.1.1-p4oGIEAlapsqKR0hAnF9SXaGAmdYQM7TY..WEKdZbac/cg7ry/0x4AAAAAAAc2BQjPEms9tKlM/auto/fbE/failure_retry/normal?lang=auto:0
[-3325355ms] [WARNING] WebGL: INVALID_ENUM: getInternalformatParameter: invalid internalformat @ https://challenges.cloudflare.com/cdn-cgi/challenge-platform/h/g/turnstile/f/av0/rchbol8i0NlaV3I2DkS29AOSXpa_rxAA9813ZnYwsGvvhQ-1785747165-1.3.1.1-p4oGIEAlapsqKR0hAnF9SXaGAmdYQM7TY..WEKdZbac/cg7ry/0x4AAAAAAAc2BQjPEms9tKlM/auto/fbE/failure_retry/normal?lang=auto:0
[-3325355ms] [WARNING] WebGL: INVALID_ENUM: getInternalformatParameter: invalid internalformat @ https://challenges.cloudflare.com/cdn-cgi/challenge-platform/h/g/turnstile/f/av0/rchbol8i0NlaV3I2DkS29AOSXpa_rxAA9813ZnYwsGvvhQ-1785747165-1.3.1.1-p4oGIEAlapsqKR0hAnF9SXaGAmdYQM7TY..WEKdZbac/cg7ry/0x4AAAAAAAc2BQjPEms9tKlM/auto/fbE/failure_retry/normal?lang=auto:0
[-3325354ms] [WARNING] WebGL: INVALID_ENUM: getInternalformatParameter: invalid internalformat @ https://challenges.cloudflare.com/cdn-cgi/challenge-platform/h/g/turnstile/f/av0/rchbol8i0NlaV3I2DkS29AOSXpa_rxAA9813ZnYwsGvvhQ-1785747165-1.3.1.1-p4oGIEAlapsqKR0hAnF9SXaGAmdYQM7TY..WEKdZbac/cg7ry/0x4AAAAAAAc2BQjPEms9tKlM/auto/fbE/failure_retry/normal?lang=auto:0
[-3325354ms] [WARNING] WebGL: INVALID_ENUM: getInternalformatParameter: invalid internalformat @ https://challenges.cloudflare.com/cdn-cgi/challenge-platform/h/g/turnstile/f/av0/rchbol8i0NlaV3I2DkS29AOSXpa_rxAA9813ZnYwsGvvhQ-1785747165-1.3.1.1-p4oGIEAlapsqKR0hAnF9SXaGAmdYQM7TY..WEKdZbac/cg7ry/0x4AAAAAAAc2BQjPEms9tKlM/auto/fbE/failure_retry/normal?lang=auto:0
[-3325354ms] [WARNING] WebGL: INVALID_ENUM: getInternalformatParameter: invalid internalformat @ https://challenges.cloudflare.com/cdn-cgi/challenge-platform/h/g/turnstile/f/av0/rchbol8i0NlaV3I2DkS29AOSXpa_rxAA9813ZnYwsGvvhQ-1785747165-1.3.1.1-p4oGIEAlapsqKR0hAnF9SXaGAmdYQM7TY..WEKdZbac/cg7ry/0x4AAAAAAAc2BQjPEms9tKlM/auto/fbE/failure_retry/normal?lang=auto:0
[-3325354ms] [WARNING] WebGL: INVALID_ENUM: getInternalformatParameter: invalid internalformat @ https://challenges.cloudflare.com/cdn-cgi/challenge-platform/h/g/turnstile/f/av0/rchbol8i0NlaV3I2DkS29AOSXpa_rxAA9813ZnYwsGvvhQ-1785747165-1.3.1.1-p4oGIEAlapsqKR0hAnF9SXaGAmdYQM7TY..WEKdZbac/cg7ry/0x4AAAAAAAc2BQjPEms9tKlM/auto/fbE/failure_retry/normal?lang=auto:0
[-3325353ms] [WARNING] WebGL: INVALID_ENUM: getInternalformatParameter: invalid internalformat @ https://challenges.cloudflare.com/cdn-cgi/challenge-platform/h/g/turnstile/f/av0/rchbol8i0NlaV3I2DkS29AOSXpa_rxAA9813ZnYwsGvvhQ-1785747165-1.3.1.1-p4oGIEAlapsqKR0hAnF9SXaGAmdYQM7TY..WEKdZbac/cg7ry/0x4AAAAAAAc2BQjPEms9tKlM/auto/fbE/failure_retry/normal?lang=auto:0
[-3325350ms] [WARNING] WebGL: INVALID_ENUM: getInternalformatParameter: invalid internalformat when EXT_color_buffer_[half_]float is not enabled @ https://challenges.cloudflare.com/cdn-cgi/challenge-platform/h/g/turnstile/f/av0/rchbol8i0NlaV3I2DkS29AOSXpa_rxAA9813ZnYwsGvvhQ-1785747165-1.3.1.1-p4oGIEAlapsqKR0hAnF9SXaGAmdYQM7TY..WEKdZbac/cg7ry/0x4AAAAAAAc2BQjPEms9tKlM/auto/fbE/failure_retry/normal?lang=auto:0
[-3325350ms] [WARNING] WebGL: INVALID_ENUM: getInternalformatParameter: invalid internalformat when EXT_color_buffer_float is not enabled @ https://challenges.cloudflare.com/cdn-cgi/challenge-platform/h/g/turnstile/f/av0/rchbol8i0NlaV3I2DkS29AOSXpa_rxAA9813ZnYwsGvvhQ-1785747165-1.3.1.1-p4oGIEAlapsqKR0hAnF9SXaGAmdYQM7TY..WEKdZbac/cg7ry/0x4AAAAAAAc2BQjPEms9tKlM/auto/fbE/failure_retry/normal?lang=auto:0
[-3325350ms] [WARNING] WebGL: INVALID_ENUM: getInternalformatParameter: invalid internalformat when EXT_color_buffer_float is not enabled @ https://challenges.cloudflare.com/cdn-cgi/challenge-platform/h/g/turnstile/f/av0/rchbol8i0NlaV3I2DkS29AOSXpa_rxAA9813ZnYwsGvvhQ-1785747165-1.3.1.1-p4oGIEAlapsqKR0hAnF9SXaGAmdYQM7TY..WEKdZbac/cg7ry/0x4AAAAAAAc2BQjPEms9tKlM/auto/fbE/failure_retry/normal?lang=auto:0
[-3325350ms] [WARNING] WebGL: INVALID_ENUM: getInternalformatParameter: invalid internalformat @ https://challenges.cloudflare.com/cdn-cgi/challenge-platform/h/g/turnstile/f/av0/rchbol8i0NlaV3I2DkS29AOSXpa_rxAA9813ZnYwsGvvhQ-1785747165-1.3.1.1-p4oGIEAlapsqKR0hAnF9SXaGAmdYQM7TY..WEKdZbac/cg7ry/0x4AAAAAAAc2BQjPEms9tKlM/auto/fbE/failure_retry/normal?lang=auto:0
[-3325350ms] [WARNING] WebGL: INVALID_ENUM: getInternalformatParameter: invalid internalformat when EXT_color_buffer_[half_]float is not enabled @ https://challenges.cloudflare.com/cdn-cgi/challenge-platform/h/g/turnstile/f/av0/rchbol8i0NlaV3I2DkS29AOSXpa_rxAA9813ZnYwsGvvhQ-1785747165-1.3.1.1-p4oGIEAlapsqKR0hAnF9SXaGAmdYQM7TY..WEKdZbac/cg7ry/0x4AAAAAAAc2BQjPEms9tKlM/auto/fbE/failure_retry/normal?lang=auto:0
[-3325349ms] [WARNING] WebGL: INVALID_ENUM: getInternalformatParameter: invalid internalformat when EXT_color_buffer_float is not enabled @ https://challenges.cloudflare.com/cdn-cgi/challenge-platform/h/g/turnstile/f/av0/rchbol8i0NlaV3I2DkS29AOSXpa_rxAA9813ZnYwsGvvhQ-1785747165-1.3.1.1-p4oGIEAlapsqKR0hAnF9SXaGAmdYQM7TY..WEKdZbac/cg7ry/0x4AAAAAAAc2BQjPEms9tKlM/auto/fbE/failure_retry/normal?lang=auto:0
[-3325348ms] [WARNING] WebGL: INVALID_ENUM: getInternalformatParameter: invalid internalformat when EXT_color_buffer_[half_]float is not enabled @ https://challenges.cloudflare.com/cdn-cgi/challenge-platform/h/g/turnstile/f/av0/rchbol8i0NlaV3I2DkS29AOSXpa_rxAA9813ZnYwsGvvhQ-1785747165-1.3.1.1-p4oGIEAlapsqKR0hAnF9SXaGAmdYQM7TY..WEKdZbac/cg7ry/0x4AAAAAAAc2BQjPEms9tKlM/auto/fbE/failure_retry/normal?lang=auto:0
[-3325348ms] [WARNING] WebGL: INVALID_ENUM: getInternalformatParameter: invalid internalformat when EXT_color_buffer_float is not enabled @ https://challenges.cloudflare.com/cdn-cgi/challenge-platform/h/g/turnstile/f/av0/rchbol8i0NlaV3I2DkS29AOSXpa_rxAA9813ZnYwsGvvhQ-1785747165-1.3.1.1-p4oGIEAlapsqKR0hAnF9SXaGAmdYQM7TY..WEKdZbac/cg7ry/0x4AAAAAAAc2BQjPEms9tKlM/auto/fbE/failure_retry/normal?lang=auto:0
[-3325156ms] [WARNING] OTS parsing error: Size of decompressed WOFF 2.0 is less than compressed size @ https://challenges.cloudflare.com/cdn-cgi/challenge-platform/h/g/turnstile/f/av0/rchbol8i0NlaV3I2DkS29AOSXpa_rxAA9813ZnYwsGvvhQ-1785747165-1.3.1.1-p4oGIEAlapsqKR0hAnF9SXaGAmdYQM7TY..WEKdZbac/cg7ry/0x4AAAAAAAc2BQjPEms9tKlM/auto/fbE/failure_retry/normal?lang=auto:0
[-3325139ms] [WARNING] The powerPreference option is currently ignored when calling requestAdapter() on Windows. See https://crbug.com/369219127 @ https://challenges.cloudflare.com/cdn-cgi/challenge-platform/h/g/turnstile/f/av0/rchbol8i0NlaV3I2DkS29AOSXpa_rxAA9813ZnYwsGvvhQ-1785747165-1.3.1.1-p4oGIEAlapsqKR0hAnF9SXaGAmdYQM7TY..WEKdZbac/cg7ry/0x4AAAAAAAc2BQjPEms9tKlM/auto/fbE/failure_retry/normal?lang=auto:0
[-3325138ms] [WARNING] The powerPreference option is currently ignored when calling requestAdapter() on Windows. See https://crbug.com/369219127 @ https://challenges.cloudflare.com/cdn-cgi/challenge-platform/h/g/turnstile/f/av0/rchbol8i0NlaV3I2DkS29AOSXpa_rxAA9813ZnYwsGvvhQ-1785747165-1.3.1.1-p4oGIEAlapsqKR0hAnF9SXaGAmdYQM7TY..WEKdZbac/cg7ry/0x4AAAAAAAc2BQjPEms9tKlM/auto/fbE/failure_retry/normal?lang=auto:0
[-3325125ms] [WARNING] No available adapters. @ https://challenges.cloudflare.com/cdn-cgi/challenge-platform/h/g/turnstile/f/av0/rchbol8i0NlaV3I2DkS29AOSXpa_rxAA9813ZnYwsGvvhQ-1785747165-1.3.1.1-p4oGIEAlapsqKR0hAnF9SXaGAmdYQM7TY..WEKdZbac/cg7ry/0x4AAAAAAAc2BQjPEms9tKlM/auto/fbE/failure_retry/normal?lang=auto:0
[-3032040ms] [ERROR] Creating a TrustedTypePolicy named 'sanitizer' violates the following Content Security policy directive: "trusted-types nfFM8 default". The action has been blocked. @ chrome-extension://gjkaolmncjlagdhkamocpknlngfbfmnm/content_script.js:4931
[-3031802ms] [ERROR] Blocked script execution in 'about:blank' because the document's frame is sandboxed and the 'allow-scripts' permission is not set. @ https://challenges.cloudflare.com/cdn-cgi/challenge-platform/h/g/turnstile/f/av0/rch/cg7ry/0x4AAAAAAAc2BQjPEms9tKlM/auto/fbE/auto_expire/normal?lang=auto:0
[-3031802ms] [ERROR] Blocked script execution in 'about:blank' because the document's frame is sandboxed and the 'allow-scripts' permission is not set. @ https://challenges.cloudflare.com/cdn-cgi/challenge-platform/h/g/turnstile/f/av0/rch/cg7ry/0x4AAAAAAAc2BQjPEms9tKlM/auto/fbE/auto_expire/normal?lang=auto:0
[-3031800ms] [ERROR] Blocked script execution in 'about:blank' because the document's frame is sandboxed and the 'allow-scripts' permission is not set. @ https://challenges.cloudflare.com/cdn-cgi/challenge-platform/h/g/turnstile/f/av0/rch/cg7ry/0x4AAAAAAAc2BQjPEms9tKlM/auto/fbE/auto_expire/normal?lang=auto:0
[-3028130ms] [ERROR] Blocked script execution in 'about:blank' because the document's frame is sandboxed and the 'allow-scripts' permission is not set. @ https://challenges.cloudflare.com/cdn-cgi/challenge-platform/h/g/turnstile/f/av0/rch/cg7ry/0x4AAAAAAAc2BQjPEms9tKlM/auto/fbE/auto_expire/normal?lang=auto:0
[-3028129ms] [ERROR] Blocked script execution in 'about:blank' because the document's frame is sandboxed and the 'allow-scripts' permission is not set. @ https://challenges.cloudflare.com/cdn-cgi/challenge-platform/h/g/turnstile/f/av0/rch/cg7ry/0x4AAAAAAAc2BQjPEms9tKlM/auto/fbE/auto_expire/normal?lang=auto:0
[-3028123ms] [ERROR] Blocked script execution in 'about:blank' because the document's frame is sandboxed and the 'allow-scripts' permission is not set. @ https://challenges.cloudflare.com/cdn-cgi/challenge-platform/h/g/turnstile/f/av0/rch/cg7ry/0x4AAAAAAAc2BQjPEms9tKlM/auto/fbE/auto_expire/normal?lang=auto:0
[-3026172ms] [WARNING] WebGL: INVALID_ENUM: getInternalformatParameter: invalid internalformat @ https://challenges.cloudflare.com/cdn-cgi/challenge-platform/h/g/turnstile/f/av0/rch/cg7ry/0x4AAAAAAAc2BQjPEms9tKlM/auto/fbE/auto_expire/normal?lang=auto:0
[-3026171ms] [WARNING] WebGL: INVALID_ENUM: getInternalformatParameter: invalid internalformat @ https://challenges.cloudflare.com/cdn-cgi/challenge-platform/h/g/turnstile/f/av0/rch/cg7ry/0x4AAAAAAAc2BQjPEms9tKlM/auto/fbE/auto_expire/normal?lang=auto:0
[-3026170ms] [WARNING] WebGL: INVALID_ENUM: getInternalformatParameter: invalid internalformat @ https://challenges.cloudflare.com/cdn-cgi/challenge-platform/h/g/turnstile/f/av0/rch/cg7ry/0x4AAAAAAAc2BQjPEms9tKlM/auto/fbE/auto_expire/normal?lang=auto:0
[-3026169ms] [WARNING] WebGL: INVALID_ENUM: getInternalformatParameter: invalid internalformat @ https://challenges.cloudflare.com/cdn-cgi/challenge-platform/h/g/turnstile/f/av0/rch/cg7ry/0x4AAAAAAAc2BQjPEms9tKlM/auto/fbE/auto_expire/normal?lang=auto:0
[-3026169ms] [WARNING] WebGL: INVALID_ENUM: getInternalformatParameter: invalid internalformat @ https://challenges.cloudflare.com/cdn-cgi/challenge-platform/h/g/turnstile/f/av0/rch/cg7ry/0x4AAAAAAAc2BQjPEms9tKlM/auto/fbE/auto_expire/normal?lang=auto:0
[-3026169ms] [WARNING] WebGL: INVALID_ENUM: getInternalformatParameter: invalid internalformat @ https://challenges.cloudflare.com/cdn-cgi/challenge-platform/h/g/turnstile/f/av0/rch/cg7ry/0x4AAAAAAAc2BQjPEms9tKlM/auto/fbE/auto_expire/normal?lang=auto:0
[-3026169ms] [WARNING] WebGL: INVALID_ENUM: getInternalformatParameter: invalid internalformat @ https://challenges.cloudflare.com/cdn-cgi/challenge-platform/h/g/turnstile/f/av0/rch/cg7ry/0x4AAAAAAAc2BQjPEms9tKlM/auto/fbE/auto_expire/normal?lang=auto:0
[-3026169ms] [WARNING] WebGL: INVALID_ENUM: getInternalformatParameter: invalid internalformat @ https://challenges.cloudflare.com/cdn-cgi/challenge-platform/h/g/turnstile/f/av0/rch/cg7ry/0x4AAAAAAAc2BQjPEms9tKlM/auto/fbE/auto_expire/normal?lang=auto:0
[-3026169ms] [WARNING] WebGL: INVALID_ENUM: getInternalformatParameter: invalid internalformat @ https://challenges.cloudflare.com/cdn-cgi/challenge-platform/h/g/turnstile/f/av0/rch/cg7ry/0x4AAAAAAAc2BQjPEms9tKlM/auto/fbE/auto_expire/normal?lang=auto:0
[-3026168ms] [WARNING] WebGL: INVALID_ENUM: getInternalformatParameter: invalid internalformat @ https://challenges.cloudflare.com/cdn-cgi/challenge-platform/h/g/turnstile/f/av0/rch/cg7ry/0x4AAAAAAAc2BQjPEms9tKlM/auto/fbE/auto_expire/normal?lang=auto:0
[-3026168ms] [WARNING] WebGL: INVALID_ENUM: getInternalformatParameter: invalid internalformat @ https://challenges.cloudflare.com/cdn-cgi/challenge-platform/h/g/turnstile/f/av0/rch/cg7ry/0x4AAAAAAAc2BQjPEms9tKlM/auto/fbE/auto_expire/normal?lang=auto:0
[-3026164ms] [WARNING] WebGL: INVALID_ENUM: getInternalformatParameter: invalid internalformat when EXT_color_buffer_[half_]float is not enabled @ https://challenges.cloudflare.com/cdn-cgi/challenge-platform/h/g/turnstile/f/av0/rch/cg7ry/0x4AAAAAAAc2BQjPEms9tKlM/auto/fbE/auto_expire/normal?lang=auto:0
[-3026164ms] [WARNING] WebGL: INVALID_ENUM: getInternalformatParameter: invalid internalformat when EXT_color_buffer_float is not enabled @ https://challenges.cloudflare.com/cdn-cgi/challenge-platform/h/g/turnstile/f/av0/rch/cg7ry/0x4AAAAAAAc2BQjPEms9tKlM/auto/fbE/auto_expire/normal?lang=auto:0
[-3026164ms] [WARNING] WebGL: INVALID_ENUM: getInternalformatParameter: invalid internalformat when EXT_color_buffer_float is not enabled @ https://challenges.cloudflare.com/cdn-cgi/challenge-platform/h/g/turnstile/f/av0/rch/cg7ry/0x4AAAAAAAc2BQjPEms9tKlM/auto/fbE/auto_expire/normal?lang=auto:0
[-3026164ms] [WARNING] WebGL: INVALID_ENUM: getInternalformatParameter: invalid internalformat @ https://challenges.cloudflare.com/cdn-cgi/challenge-platform/h/g/turnstile/f/av0/rch/cg7ry/0x4AAAAAAAc2BQjPEms9tKlM/auto/fbE/auto_expire/normal?lang=auto:0
[-3026163ms] [WARNING] WebGL: INVALID_ENUM: getInternalformatParameter: invalid internalformat when EXT_color_buffer_[half_]float is not enabled @ https://challenges.cloudflare.com/cdn-cgi/challenge-platform/h/g/turnstile/f/av0/rch/cg7ry/0x4AAAAAAAc2BQjPEms9tKlM/auto/fbE/auto_expire/normal?lang=auto:0
[-3026163ms] [WARNING] WebGL: INVALID_ENUM: getInternalformatParameter: invalid internalformat when EXT_color_buffer_float is not enabled @ https://challenges.cloudflare.com/cdn-cgi/challenge-platform/h/g/turnstile/f/av0/rch/cg7ry/0x4AAAAAAAc2BQjPEms9tKlM/auto/fbE/auto_expire/normal?lang=auto:0
[-3026163ms] [WARNING] WebGL: INVALID_ENUM: getInternalformatParameter: invalid internalformat when EXT_color_buffer_[half_]float is not enabled @ https://challenges.cloudflare.com/cdn-cgi/challenge-platform/h/g/turnstile/f/av0/rch/cg7ry/0x4AAAAAAAc2BQjPEms9tKlM/auto/fbE/auto_expire/normal?lang=auto:0
[-3026163ms] [WARNING] WebGL: INVALID_ENUM: getInternalformatParameter: invalid internalformat when EXT_color_buffer_float is not enabled @ https://challenges.cloudflare.com/cdn-cgi/challenge-platform/h/g/turnstile/f/av0/rch/cg7ry/0x4AAAAAAAc2BQjPEms9tKlM/auto/fbE/auto_expire/normal?lang=auto:0
[-3026058ms] [WARNING] OTS parsing error: Size of decompressed WOFF 2.0 is less than compressed size @ https://challenges.cloudflare.com/cdn-cgi/challenge-platform/h/g/turnstile/f/av0/rch/cg7ry/0x4AAAAAAAc2BQjPEms9tKlM/auto/fbE/auto_expire/normal?lang=auto:0
[-3026022ms] [WARNING] The powerPreference option is currently ignored when calling requestAdapter() on Windows. See https://crbug.com/369219127 @ https://challenges.cloudflare.com/cdn-cgi/challenge-platform/h/g/turnstile/f/av0/rch/cg7ry/0x4AAAAAAAc2BQjPEms9tKlM/auto/fbE/auto_expire/normal?lang=auto:0
[-3026021ms] [WARNING] The powerPreference option is currently ignored when calling requestAdapter() on Windows. See https://crbug.com/369219127 @ https://challenges.cloudflare.com/cdn-cgi/challenge-platform/h/g/turnstile/f/av0/rch/cg7ry/0x4AAAAAAAc2BQjPEms9tKlM/auto/fbE/auto_expire/normal?lang=auto:0
[-3026011ms] [WARNING] No available adapters. @ https://challenges.cloudflare.com/cdn-cgi/challenge-platform/h/g/turnstile/f/av0/rch/cg7ry/0x4AAAAAAAc2BQjPEms9tKlM/auto/fbE/auto_expire/normal?lang=auto:0
[-2733545ms] [ERROR] Creating a TrustedTypePolicy named 'sanitizer' violates the following Content Security policy directive: "trusted-types nfFM8 default". The action has been blocked. @ chrome-extension://gjkaolmncjlagdhkamocpknlngfbfmnm/content_script.js:4931
[-2733105ms] [ERROR] Blocked script execution in 'about:blank' because the document's frame is sandboxed and the 'allow-scripts' permission is not set. @ https://challenges.cloudflare.com/cdn-cgi/challenge-platform/h/g/turnstile/f/av0/rch/cg7ry/0x4AAAAAAAc2BQjPEms9tKlM/auto/fbE/auto_expire/normal?lang=auto:0
[-2733105ms] [ERROR] Blocked script execution in 'about:blank' because the document's frame is sandboxed and the 'allow-scripts' permission is not set. @ https://challenges.cloudflare.com/cdn-cgi/challenge-platform/h/g/turnstile/f/av0/rch/cg7ry/0x4AAAAAAAc2BQjPEms9tKlM/auto/fbE/auto_expire/normal?lang=auto:0
[-2733102ms] [ERROR] Blocked script execution in 'about:blank' because the document's frame is sandboxed and the 'allow-scripts' permission is not set. @ https://challenges.cloudflare.com/cdn-cgi/challenge-platform/h/g/turnstile/f/av0/rch/cg7ry/0x4AAAAAAAc2BQjPEms9tKlM/auto/fbE/auto_expire/normal?lang=auto:0
[-2728887ms] [ERROR] Blocked script execution in 'about:blank' because the document's frame is sandboxed and the 'allow-scripts' permission is not set. @ https://challenges.cloudflare.com/cdn-cgi/challenge-platform/h/g/turnstile/f/av0/rch/cg7ry/0x4AAAAAAAc2BQjPEms9tKlM/auto/fbE/auto_expire/normal?lang=auto:0
[-2728887ms] [ERROR] Blocked script execution in 'about:blank' because the document's frame is sandboxed and the 'allow-scripts' permission is not set. @ https://challenges.cloudflare.com/cdn-cgi/challenge-platform/h/g/turnstile/f/av0/rch/cg7ry/0x4AAAAAAAc2BQjPEms9tKlM/auto/fbE/auto_expire/normal?lang=auto:0
[-2728885ms] [ERROR] Blocked script execution in 'about:blank' because the document's frame is sandboxed and the 'allow-scripts' permission is not set. @ https://challenges.cloudflare.com/cdn-cgi/challenge-platform/h/g/turnstile/f/av0/rch/cg7ry/0x4AAAAAAAc2BQjPEms9tKlM/auto/fbE/auto_expire/normal?lang=auto:0
[-2728554ms] [WARNING] WebGL: INVALID_ENUM: getInternalformatParameter: invalid internalformat @ https://challenges.cloudflare.com/cdn-cgi/challenge-platform/h/g/turnstile/f/av0/rch/cg7ry/0x4AAAAAAAc2BQjPEms9tKlM/auto/fbE/auto_expire/normal?lang=auto:0
[-2728552ms] [WARNING] WebGL: INVALID_ENUM: getInternalformatParameter: invalid internalformat @ https://challenges.cloudflare.com/cdn-cgi/challenge-platform/h/g/turnstile/f/av0/rch/cg7ry/0x4AAAAAAAc2BQjPEms9tKlM/auto/fbE/auto_expire/normal?lang=auto:0
[-2728551ms] [WARNING] WebGL: INVALID_ENUM: getInternalformatParameter: invalid internalformat @ https://challenges.cloudflare.com/cdn-cgi/challenge-platform/h/g/turnstile/f/av0/rch/cg7ry/0x4AAAAAAAc2BQjPEms9tKlM/auto/fbE/auto_expire/normal?lang=auto:0
[-2728551ms] [WARNING] WebGL: INVALID_ENUM: getInternalformatParameter: invalid internalformat @ https://challenges.cloudflare.com/cdn-cgi/challenge-platform/h/g/turnstile/f/av0/rch/cg7ry/0x4AAAAAAAc2BQjPEms9tKlM/auto/fbE/auto_expire/normal?lang=auto:0
[-2728550ms] [WARNING] WebGL: INVALID_ENUM: getInternalformatParameter: invalid internalformat @ https://challenges.cloudflare.com/cdn-cgi/challenge-platform/h/g/turnstile/f/av0/rch/cg7ry/0x4AAAAAAAc2BQjPEms9tKlM/auto/fbE/auto_expire/normal?lang=auto:0
[-2728550ms] [WARNING] WebGL: INVALID_ENUM: getInternalformatParameter: invalid internalformat @ https://challenges.cloudflare.com/cdn-cgi/challenge-platform/h/g/turnstile/f/av0/rch/cg7ry/0x4AAAAAAAc2BQjPEms9tKlM/auto/fbE/auto_expire/normal?lang=auto:0
[-2728550ms] [WARNING] WebGL: INVALID_ENUM: getInternalformatParameter: invalid internalformat @ https://challenges.cloudflare.com/cdn-cgi/challenge-platform/h/g/turnstile/f/av0/rch/cg7ry/0x4AAAAAAAc2BQjPEms9tKlM/auto/fbE/auto_expire/normal?lang=auto:0
[-2728550ms] [WARNING] WebGL: INVALID_ENUM: getInternalformatParameter: invalid internalformat @ https://challenges.cloudflare.com/cdn-cgi/challenge-platform/h/g/turnstile/f/av0/rch/cg7ry/0x4AAAAAAAc2BQjPEms9tKlM/auto/fbE/auto_expire/normal?lang=auto:0
[-2728550ms] [WARNING] WebGL: INVALID_ENUM: getInternalformatParameter: invalid internalformat @ https://challenges.cloudflare.com/cdn-cgi/challenge-platform/h/g/turnstile/f/av0/rch/cg7ry/0x4AAAAAAAc2BQjPEms9tKlM/auto/fbE/auto_expire/normal?lang=auto:0
[-2728550ms] [WARNING] WebGL: INVALID_ENUM: getInternalformatParameter: invalid internalformat @ https://challenges.cloudflare.com/cdn-cgi/challenge-platform/h/g/turnstile/f/av0/rch/cg7ry/0x4AAAAAAAc2BQjPEms9tKlM/auto/fbE/auto_expire/normal?lang=auto:0
[-2728549ms] [WARNING] WebGL: INVALID_ENUM: getInternalformatParameter: invalid internalformat @ https://challenges.cloudflare.com/cdn-cgi/challenge-platform/h/g/turnstile/f/av0/rch/cg7ry/0x4AAAAAAAc2BQjPEms9tKlM/auto/fbE/auto_expire/normal?lang=auto:0
[-2728547ms] [WARNING] WebGL: INVALID_ENUM: getInternalformatParameter: invalid internalformat when EXT_color_buffer_[half_]float is not enabled @ https://challenges.cloudflare.com/cdn-cgi/challenge-platform/h/g/turnstile/f/av0/rch/cg7ry/0x4AAAAAAAc2BQjPEms9tKlM/auto/fbE/auto_expire/normal?lang=auto:0
[-2728547ms] [WARNING] WebGL: INVALID_ENUM: getInternalformatParameter: invalid internalformat when EXT_color_buffer_float is not enabled @ https://challenges.cloudflare.com/cdn-cgi/challenge-platform/h/g/turnstile/f/av0/rch/cg7ry/0x4AAAAAAAc2BQjPEms9tKlM/auto/fbE/auto_expire/normal?lang=auto:0
[-2728547ms] [WARNING] WebGL: INVALID_ENUM: getInternalformatParameter: invalid internalformat when EXT_color_buffer_float is not enabled @ https://challenges.cloudflare.com/cdn-cgi/challenge-platform/h/g/turnstile/f/av0/rch/cg7ry/0x4AAAAAAAc2BQjPEms9tKlM/auto/fbE/auto_expire/normal?lang=auto:0
[-2728547ms] [WARNING] WebGL: INVALID_ENUM: getInternalformatParameter: invalid internalformat @ https://challenges.cloudflare.com/cdn-cgi/challenge-platform/h/g/turnstile/f/av0/rch/cg7ry/0x4AAAAAAAc2BQjPEms9tKlM/auto/fbE/auto_expire/normal?lang=auto:0
[-2728547ms] [WARNING] WebGL: INVALID_ENUM: getInternalformatParameter: invalid internalformat when EXT_color_buffer_[half_]float is not enabled @ https://challenges.cloudflare.com/cdn-cgi/challenge-platform/h/g/turnstile/f/av0/rch/cg7ry/0x4AAAAAAAc2BQjPEms9tKlM/auto/fbE/auto_expire/normal?lang=auto:0
[-2728547ms] [WARNING] WebGL: INVALID_ENUM: getInternalformatParameter: invalid internalformat when EXT_color_buffer_float is not enabled @ https://challenges.cloudflare.com/cdn-cgi/challenge-platform/h/g/turnstile/f/av0/rch/cg7ry/0x4AAAAAAAc2BQjPEms9tKlM/auto/fbE/auto_expire/normal?lang=auto:0
[-2728547ms] [WARNING] WebGL: INVALID_ENUM: getInternalformatParameter: invalid internalformat when EXT_color_buffer_[half_]float is not enabled @ https://challenges.cloudflare.com/cdn-cgi/challenge-platform/h/g/turnstile/f/av0/rch/cg7ry/0x4AAAAAAAc2BQjPEms9tKlM/auto/fbE/auto_expire/normal?lang=auto:0
[-2728547ms] [WARNING] WebGL: INVALID_ENUM: getInternalformatParameter: invalid internalformat when EXT_color_buffer_float is not enabled @ https://challenges.cloudflare.com/cdn-cgi/challenge-platform/h/g/turnstile/f/av0/rch/cg7ry/0x4AAAAAAAc2BQjPEms9tKlM/auto/fbE/auto_expire/normal?lang=auto:0
[-2728412ms] [WARNING] The powerPreference option is currently ignored when calling requestAdapter() on Windows. See https://crbug.com/369219127 @ https://challenges.cloudflare.com/cdn-cgi/challenge-platform/h/g/turnstile/f/av0/rch/cg7ry/0x4AAAAAAAc2BQjPEms9tKlM/auto/fbE/auto_expire/normal?lang=auto:0
[-2728412ms] [WARNING] The powerPreference option is currently ignored when calling requestAdapter() on Windows. See https://crbug.com/369219127 @ https://challenges.cloudflare.com/cdn-cgi/challenge-platform/h/g/turnstile/f/av0/rch/cg7ry/0x4AAAAAAAc2BQjPEms9tKlM/auto/fbE/auto_expire/normal?lang=auto:0
[-2728381ms] [WARNING] No available adapters. @ https://challenges.cloudflare.com/cdn-cgi/challenge-platform/h/g/turnstile/f/av0/rch/cg7ry/0x4AAAAAAAc2BQjPEms9tKlM/auto/fbE/auto_expire/normal?lang=auto:0
[-2726864ms] [WARNING] OTS parsing error: Size of decompressed WOFF 2.0 is less than compressed size @ https://challenges.cloudflare.com/cdn-cgi/challenge-platform/h/g/turnstile/f/av0/rch/cg7ry/0x4AAAAAAAc2BQjPEms9tKlM/auto/fbE/auto_expire/normal?lang=auto:0
[-2659663ms] [ERROR] Creating a TrustedTypePolicy named 'sanitizer' violates the following Content Security policy directive: "trusted-types nfFM8 default". The action has been blocked. @ chrome-extension://gjkaolmncjlagdhkamocpknlngfbfmnm/content_script.js:4931
[-2658596ms] [ERROR] Blocked script execution in 'about:blank' because the document's frame is sandboxed and the 'allow-scripts' permission is not set. @ https://challenges.cloudflare.com/cdn-cgi/challenge-platform/h/g/turnstile/f/av0/rch/cg7ry/0x4AAAAAAAc2BQjPEms9tKlM/auto/fbE/upgrade_reload/normal?lang=auto:0
[-2658595ms] [ERROR] Blocked script execution in 'about:blank' because the document's frame is sandboxed and the 'allow-scripts' permission is not set. @ https://challenges.cloudflare.com/cdn-cgi/challenge-platform/h/g/turnstile/f/av0/rch/cg7ry/0x4AAAAAAAc2BQjPEms9tKlM/auto/fbE/upgrade_reload/normal?lang=auto:0
[-2658593ms] [ERROR] Blocked script execution in 'about:blank' because the document's frame is sandboxed and the 'allow-scripts' permission is not set. @ https://challenges.cloudflare.com/cdn-cgi/challenge-platform/h/g/turnstile/f/av0/rch/cg7ry/0x4AAAAAAAc2BQjPEms9tKlM/auto/fbE/upgrade_reload/normal?lang=auto:0
[-2644400ms] [WARNING] WebGL: INVALID_ENUM: getInternalformatParameter: invalid internalformat @ https://challenges.cloudflare.com/cdn-cgi/challenge-platform/h/g/turnstile/f/av0/rch/cg7ry/0x4AAAAAAAc2BQjPEms9tKlM/auto/fbE/upgrade_reload/normal?lang=auto:0
[-2644399ms] [WARNING] WebGL: INVALID_ENUM: getInternalformatParameter: invalid internalformat @ https://challenges.cloudflare.com/cdn-cgi/challenge-platform/h/g/turnstile/f/av0/rch/cg7ry/0x4AAAAAAAc2BQjPEms9tKlM/auto/fbE/upgrade_reload/normal?lang=auto:0
[-2644398ms] [WARNING] WebGL: INVALID_ENUM: getInternalformatParameter: invalid internalformat @ https://challenges.cloudflare.com/cdn-cgi/challenge-platform/h/g/turnstile/f/av0/rch/cg7ry/0x4AAAAAAAc2BQjPEms9tKlM/auto/fbE/upgrade_reload/normal?lang=auto:0
[-2644398ms] [WARNING] WebGL: INVALID_ENUM: getInternalformatParameter: invalid internalformat @ https://challenges.cloudflare.com/cdn-cgi/challenge-platform/h/g/turnstile/f/av0/rch/cg7ry/0x4AAAAAAAc2BQjPEms9tKlM/auto/fbE/upgrade_reload/normal?lang=auto:0
[-2644398ms] [WARNING] WebGL: INVALID_ENUM: getInternalformatParameter: invalid internalformat @ https://challenges.cloudflare.com/cdn-cgi/challenge-platform/h/g/turnstile/f/av0/rch/cg7ry/0x4AAAAAAAc2BQjPEms9tKlM/auto/fbE/upgrade_reload/normal?lang=auto:0
[-2644398ms] [WARNING] WebGL: INVALID_ENUM: getInternalformatParameter: invalid internalformat @ https://challenges.cloudflare.com/cdn-cgi/challenge-platform/h/g/turnstile/f/av0/rch/cg7ry/0x4AAAAAAAc2BQjPEms9tKlM/auto/fbE/upgrade_reload/normal?lang=auto:0
[-2644398ms] [WARNING] WebGL: INVALID_ENUM: getInternalformatParameter: invalid internalformat @ https://challenges.cloudflare.com/cdn-cgi/challenge-platform/h/g/turnstile/f/av0/rch/cg7ry/0x4AAAAAAAc2BQjPEms9tKlM/auto/fbE/upgrade_reload/normal?lang=auto:0
[-2644397ms] [WARNING] WebGL: INVALID_ENUM: getInternalformatParameter: invalid internalformat @ https://challenges.cloudflare.com/cdn-cgi/challenge-platform/h/g/turnstile/f/av0/rch/cg7ry/0x4AAAAAAAc2BQjPEms9tKlM/auto/fbE/upgrade_reload/normal?lang=auto:0
[-2644397ms] [WARNING] WebGL: INVALID_ENUM: getInternalformatParameter: invalid internalformat @ https://challenges.cloudflare.com/cdn-cgi/challenge-platform/h/g/turnstile/f/av0/rch/cg7ry/0x4AAAAAAAc2BQjPEms9tKlM/auto/fbE/upgrade_reload/normal?lang=auto:0
[-2644397ms] [WARNING] WebGL: INVALID_ENUM: getInternalformatParameter: invalid internalformat @ https://challenges.cloudflare.com/cdn-cgi/challenge-platform/h/g/turnstile/f/av0/rch/cg7ry/0x4AAAAAAAc2BQjPEms9tKlM/auto/fbE/upgrade_reload/normal?lang=auto:0
[-2644397ms] [WARNING] WebGL: INVALID_ENUM: getInternalformatParameter: invalid internalformat @ https://challenges.cloudflare.com/cdn-cgi/challenge-platform/h/g/turnstile/f/av0/rch/cg7ry/0x4AAAAAAAc2BQjPEms9tKlM/auto/fbE/upgrade_reload/normal?lang=auto:0
[-2644395ms] [WARNING] WebGL: INVALID_ENUM: getInternalformatParameter: invalid internalformat when EXT_color_buffer_[half_]float is not enabled @ https://challenges.cloudflare.com/cdn-cgi/challenge-platform/h/g/turnstile/f/av0/rch/cg7ry/0x4AAAAAAAc2BQjPEms9tKlM/auto/fbE/upgrade_reload/normal?lang=auto:0
[-2644395ms] [WARNING] WebGL: INVALID_ENUM: getInternalformatParameter: invalid internalformat when EXT_color_buffer_float is not enabled @ https://challenges.cloudflare.com/cdn-cgi/challenge-platform/h/g/turnstile/f/av0/rch/cg7ry/0x4AAAAAAAc2BQjPEms9tKlM/auto/fbE/upgrade_reload/normal?lang=auto:0
[-2644395ms] [WARNING] WebGL: INVALID_ENUM: getInternalformatParameter: invalid internalformat when EXT_color_buffer_float is not enabled @ https://challenges.cloudflare.com/cdn-cgi/challenge-platform/h/g/turnstile/f/av0/rch/cg7ry/0x4AAAAAAAc2BQjPEms9tKlM/auto/fbE/upgrade_reload/normal?lang=auto:0
[-2644395ms] [WARNING] WebGL: INVALID_ENUM: getInternalformatParameter: invalid internalformat @ https://challenges.cloudflare.com/cdn-cgi/challenge-platform/h/g/turnstile/f/av0/rch/cg7ry/0x4AAAAAAAc2BQjPEms9tKlM/auto/fbE/upgrade_reload/normal?lang=auto:0
[-2644395ms] [WARNING] WebGL: INVALID_ENUM: getInternalformatParameter: invalid internalformat when EXT_color_buffer_[half_]float is not enabled @ https://challenges.cloudflare.com/cdn-cgi/challenge-platform/h/g/turnstile/f/av0/rch/cg7ry/0x4AAAAAAAc2BQjPEms9tKlM/auto/fbE/upgrade_reload/normal?lang=auto:0
[-2644395ms] [WARNING] WebGL: INVALID_ENUM: getInternalformatParameter: invalid internalformat when EXT_color_buffer_float is not enabled @ https://challenges.cloudflare.com/cdn-cgi/challenge-platform/h/g/turnstile/f/av0/rch/cg7ry/0x4AAAAAAAc2BQjPEms9tKlM/auto/fbE/upgrade_reload/normal?lang=auto:0
[-2644395ms] [WARNING] WebGL: INVALID_ENUM: getInternalformatParameter: invalid internalformat when EXT_color_buffer_[half_]float is not enabled @ https://challenges.cloudflare.com/cdn-cgi/challenge-platform/h/g/turnstile/f/av0/rch/cg7ry/0x4AAAAAAAc2BQjPEms9tKlM/auto/fbE/upgrade_reload/normal?lang=auto:0
[-2644395ms] [WARNING] WebGL: INVALID_ENUM: getInternalformatParameter: invalid internalformat when EXT_color_buffer_float is not enabled @ https://challenges.cloudflare.com/cdn-cgi/challenge-platform/h/g/turnstile/f/av0/rch/cg7ry/0x4AAAAAAAc2BQjPEms9tKlM/auto/fbE/upgrade_reload/normal?lang=auto:0
[-2644226ms] [WARNING] The powerPreference option is currently ignored when calling requestAdapter() on Windows. See https://crbug.com/369219127 @ https://challenges.cloudflare.com/cdn-cgi/challenge-platform/h/g/turnstile/f/av0/rch/cg7ry/0x4AAAAAAAc2BQjPEms9tKlM/auto/fbE/upgrade_reload/normal?lang=auto:0
[-2644226ms] [WARNING] The powerPreference option is currently ignored when calling requestAdapter() on Windows. See https://crbug.com/369219127 @ https://challenges.cloudflare.com/cdn-cgi/challenge-platform/h/g/turnstile/f/av0/rch/cg7ry/0x4AAAAAAAc2BQjPEms9tKlM/auto/fbE/upgrade_reload/normal?lang=auto:0
[-2644213ms] [WARNING] No available adapters. @ https://challenges.cloudflare.com/cdn-cgi/challenge-platform/h/g/turnstile/f/av0/rch/cg7ry/0x4AAAAAAAc2BQjPEms9tKlM/auto/fbE/upgrade_reload/normal?lang=auto:0
[-2643780ms] [ERROR] Blocked script execution in 'about:blank' because the document's frame is sandboxed and the 'allow-scripts' permission is not set. @ https://challenges.cloudflare.com/cdn-cgi/challenge-platform/h/g/turnstile/f/av0/rch/cg7ry/0x4AAAAAAAc2BQjPEms9tKlM/auto/fbE/upgrade_reload/normal?lang=auto:0
[-2643780ms] [ERROR] Blocked script execution in 'about:blank' because the document's frame is sandboxed and the 'allow-scripts' permission is not set. @ https://challenges.cloudflare.com/cdn-cgi/challenge-platform/h/g/turnstile/f/av0/rch/cg7ry/0x4AAAAAAAc2BQjPEms9tKlM/auto/fbE/upgrade_reload/normal?lang=auto:0
[-2643777ms] [ERROR] Blocked script execution in 'about:blank' because the document's frame is sandboxed and the 'allow-scripts' permission is not set. @ https://challenges.cloudflare.com/cdn-cgi/challenge-platform/h/g/turnstile/f/av0/rch/cg7ry/0x4AAAAAAAc2BQjPEms9tKlM/auto/fbE/upgrade_reload/normal?lang=auto:0
[-2643685ms] [WARNING] OTS parsing error: Size of decompressed WOFF 2.0 is less than compressed size @ https://challenges.cloudflare.com/cdn-cgi/challenge-platform/h/g/turnstile/f/av0/rch/cg7ry/0x4AAAAAAAc2BQjPEms9tKlM/auto/fbE/upgrade_reload/normal?lang=auto:0
[-2351286ms] [ERROR] Creating a TrustedTypePolicy named 'sanitizer' violates the following Content Security policy directive: "trusted-types nfFM8 default". The action has been blocked. @ chrome-extension://gjkaolmncjlagdhkamocpknlngfbfmnm/content_script.js:4931
[-2350504ms] [ERROR] Blocked script execution in 'about:blank' because the document's frame is sandboxed and the 'allow-scripts' permission is not set. @ https://challenges.cloudflare.com/cdn-cgi/challenge-platform/h/g/turnstile/f/av0/rch/cg7ry/0x4AAAAAAAc2BQjPEms9tKlM/auto/fbE/auto_expire/normal?lang=auto:0
[-2350503ms] [ERROR] Blocked script execution in 'about:blank' because the document's frame is sandboxed and the 'allow-scripts' permission is not set. @ https://challenges.cloudflare.com/cdn-cgi/challenge-platform/h/g/turnstile/f/av0/rch/cg7ry/0x4AAAAAAAc2BQjPEms9tKlM/auto/fbE/auto_expire/normal?lang=auto:0
[-2350498ms] [ERROR] Blocked script execution in 'about:blank' because the document's frame is sandboxed and the 'allow-scripts' permission is not set. @ https://challenges.cloudflare.com/cdn-cgi/challenge-platform/h/g/turnstile/f/av0/rch/cg7ry/0x4AAAAAAAc2BQjPEms9tKlM/auto/fbE/auto_expire/normal?lang=auto:0
[ -719386ms] [ERROR] Blocked script execution in 'about:blank' because the document's frame is sandboxed and the 'allow-scripts' permission is not set. @ https://challenges.cloudflare.com/cdn-cgi/challenge-platform/h/g/turnstile/f/av0/rch/cg7ry/0x4AAAAAAAc2BQjPEms9tKlM/auto/fbE/auto_expire/normal?lang=auto:0
[ -719386ms] [ERROR] Blocked script execution in 'about:blank' because the document's frame is sandboxed and the 'allow-scripts' permission is not set. @ https://challenges.cloudflare.com/cdn-cgi/challenge-platform/h/g/turnstile/f/av0/rch/cg7ry/0x4AAAAAAAc2BQjPEms9tKlM/auto/fbE/auto_expire/normal?lang=auto:0
[ -719379ms] [ERROR] Blocked script execution in 'about:blank' because the document's frame is sandboxed and the 'allow-scripts' permission is not set. @ https://challenges.cloudflare.com/cdn-cgi/challenge-platform/h/g/turnstile/f/av0/rch/cg7ry/0x4AAAAAAAc2BQjPEms9tKlM/auto/fbE/auto_expire/normal?lang=auto:0
[ -716941ms] [WARNING] WebGL: INVALID_ENUM: getInternalformatParameter: invalid internalformat @ https://challenges.cloudflare.com/cdn-cgi/challenge-platform/h/g/turnstile/f/av0/rch/cg7ry/0x4AAAAAAAc2BQjPEms9tKlM/auto/fbE/auto_expire/normal?lang=auto:0
[ -716935ms] [WARNING] WebGL: INVALID_ENUM: getInternalformatParameter: invalid internalformat @ https://challenges.cloudflare.com/cdn-cgi/challenge-platform/h/g/turnstile/f/av0/rch/cg7ry/0x4AAAAAAAc2BQjPEms9tKlM/auto/fbE/auto_expire/normal?lang=auto:0
[ -716928ms] [WARNING] WebGL: INVALID_ENUM: getInternalformatParameter: invalid internalformat @ https://challenges.cloudflare.com/cdn-cgi/challenge-platform/h/g/turnstile/f/av0/rch/cg7ry/0x4AAAAAAAc2BQjPEms9tKlM/auto/fbE/auto_expire/normal?lang=auto:0
[ -716928ms] [WARNING] WebGL: INVALID_ENUM: getInternalformatParameter: invalid internalformat @ https://challenges.cloudflare.com/cdn-cgi/challenge-platform/h/g/turnstile/f/av0/rch/cg7ry/0x4AAAAAAAc2BQjPEms9tKlM/auto/fbE/auto_expire/normal?lang=auto:0
[ -716928ms] [WARNING] WebGL: INVALID_ENUM: getInternalformatParameter: invalid internalformat @ https://challenges.cloudflare.com/cdn-cgi/challenge-platform/h/g/turnstile/f/av0/rch/cg7ry/0x4AAAAAAAc2BQjPEms9tKlM/auto/fbE/auto_expire/normal?lang=auto:0
[ -716928ms] [WARNING] WebGL: INVALID_ENUM: getInternalformatParameter: invalid internalformat @ https://challenges.cloudflare.com/cdn-cgi/challenge-platform/h/g/turnstile/f/av0/rch/cg7ry/0x4AAAAAAAc2BQjPEms9tKlM/auto/fbE/auto_expire/normal?lang=auto:0
[ -716928ms] [WARNING] WebGL: INVALID_ENUM: getInternalformatParameter: invalid internalformat @ https://challenges.cloudflare.com/cdn-cgi/challenge-platform/h/g/turnstile/f/av0/rch/cg7ry/0x4AAAAAAAc2BQjPEms9tKlM/auto/fbE/auto_expire/normal?lang=auto:0
[ -716920ms] [WARNING] WebGL: INVALID_ENUM: getInternalformatParameter: invalid internalformat @ https://challenges.cloudflare.com/cdn-cgi/challenge-platform/h/g/turnstile/f/av0/rch/cg7ry/0x4AAAAAAAc2BQjPEms9tKlM/auto/fbE/auto_expire/normal?lang=auto:0
[ -716918ms] [WARNING] WebGL: INVALID_ENUM: getInternalformatParameter: invalid internalformat @ https://challenges.cloudflare.com/cdn-cgi/challenge-platform/h/g/turnstile/f/av0/rch/cg7ry/0x4AAAAAAAc2BQjPEms9tKlM/auto/fbE/auto_expire/normal?lang=auto:0
[ -716918ms] [WARNING] WebGL: INVALID_ENUM: getInternalformatParameter: invalid internalformat @ https://challenges.cloudflare.com/cdn-cgi/challenge-platform/h/g/turnstile/f/av0/rch/cg7ry/0x4AAAAAAAc2BQjPEms9tKlM/auto/fbE/auto_expire/normal?lang=auto:0
[ -716908ms] [WARNING] WebGL: INVALID_ENUM: getInternalformatParameter: invalid internalformat @ https://challenges.cloudflare.com/cdn-cgi/challenge-platform/h/g/turnstile/f/av0/rch/cg7ry/0x4AAAAAAAc2BQjPEms9tKlM/auto/fbE/auto_expire/normal?lang=auto:0
[ -716881ms] [WARNING] WebGL: INVALID_ENUM: getInternalformatParameter: invalid internalformat when EXT_color_buffer_[half_]float is not enabled @ https://challenges.cloudflare.com/cdn-cgi/challenge-platform/h/g/turnstile/f/av0/rch/cg7ry/0x4AAAAAAAc2BQjPEms9tKlM/auto/fbE/auto_expire/normal?lang=auto:0
[ -716880ms] [WARNING] WebGL: INVALID_ENUM: getInternalformatParameter: invalid internalformat when EXT_color_buffer_float is not enabled @ https://challenges.cloudflare.com/cdn-cgi/challenge-platform/h/g/turnstile/f/av0/rch/cg7ry/0x4AAAAAAAc2BQjPEms9tKlM/auto/fbE/auto_expire/normal?lang=auto:0
[ -716879ms] [WARNING] WebGL: INVALID_ENUM: getInternalformatParameter: invalid internalformat when EXT_color_buffer_float is not enabled @ https://challenges.cloudflare.com/cdn-cgi/challenge-platform/h/g/turnstile/f/av0/rch/cg7ry/0x4AAAAAAAc2BQjPEms9tKlM/auto/fbE/auto_expire/normal?lang=auto:0
[ -716877ms] [WARNING] WebGL: INVALID_ENUM: getInternalformatParameter: invalid internalformat @ https://challenges.cloudflare.com/cdn-cgi/challenge-platform/h/g/turnstile/f/av0/rch/cg7ry/0x4AAAAAAAc2BQjPEms9tKlM/auto/fbE/auto_expire/normal?lang=auto:0
[ -716877ms] [WARNING] WebGL: INVALID_ENUM: getInternalformatParameter: invalid internalformat when EXT_color_buffer_[half_]float is not enabled @ https://challenges.cloudflare.com/cdn-cgi/challenge-platform/h/g/turnstile/f/av0/rch/cg7ry/0x4AAAAAAAc2BQjPEms9tKlM/auto/fbE/auto_expire/normal?lang=auto:0
[ -716875ms] [WARNING] WebGL: INVALID_ENUM: getInternalformatParameter: invalid internalformat when EXT_color_buffer_float is not enabled @ https://challenges.cloudflare.com/cdn-cgi/challenge-platform/h/g/turnstile/f/av0/rch/cg7ry/0x4AAAAAAAc2BQjPEms9tKlM/auto/fbE/auto_expire/normal?lang=auto:0
[ -716872ms] [WARNING] WebGL: INVALID_ENUM: getInternalformatParameter: invalid internalformat when EXT_color_buffer_[half_]float is not enabled @ https://challenges.cloudflare.com/cdn-cgi/challenge-platform/h/g/turnstile/f/av0/rch/cg7ry/0x4AAAAAAAc2BQjPEms9tKlM/auto/fbE/auto_expire/normal?lang=auto:0
[ -716870ms] [WARNING] WebGL: INVALID_ENUM: getInternalformatParameter: invalid internalformat when EXT_color_buffer_float is not enabled @ https://challenges.cloudflare.com/cdn-cgi/challenge-platform/h/g/turnstile/f/av0/rch/cg7ry/0x4AAAAAAAc2BQjPEms9tKlM/auto/fbE/auto_expire/normal?lang=auto:0
[ -711094ms] [WARNING] The powerPreference option is currently ignored when calling requestAdapter() on Windows. See https://crbug.com/369219127 @ https://challenges.cloudflare.com/cdn-cgi/challenge-platform/h/g/turnstile/f/av0/rch/cg7ry/0x4AAAAAAAc2BQjPEms9tKlM/auto/fbE/auto_expire/normal?lang=auto:0
[ -711090ms] [WARNING] The powerPreference option is currently ignored when calling requestAdapter() on Windows. See https://crbug.com/369219127 @ https://challenges.cloudflare.com/cdn-cgi/challenge-platform/h/g/turnstile/f/av0/rch/cg7ry/0x4AAAAAAAc2BQjPEms9tKlM/auto/fbE/auto_expire/normal?lang=auto:0
[ -710784ms] [WARNING] No available adapters. @ https://challenges.cloudflare.com/cdn-cgi/challenge-platform/h/g/turnstile/f/av0/rch/cg7ry/0x4AAAAAAAc2BQjPEms9tKlM/auto/fbE/auto_expire/normal?lang=auto:0
[ -707336ms] [WARNING] OTS parsing error: Size of decompressed WOFF 2.0 is less than compressed size @ https://challenges.cloudflare.com/cdn-cgi/challenge-platform/h/g/turnstile/f/av0/rch/cg7ry/0x4AAAAAAAc2BQjPEms9tKlM/auto/fbE/auto_expire/normal?lang=auto:0
[ -704965ms] [ERROR] Failed to load resource: the server responded with a status of 400 () @ https://challenges.cloudflare.com/cdn-cgi/challenge-platform/h/g/ci/a25430250e99cb96/1785748216967/C5426Hgj.QfnyfKFNJ5mkZ9UfPQsTzxZnTP1sjSTXj4-1785748216-1.3.1.1-ceDmj85kAbKzjmqRHfP5jZHUNB8bYz9DtwrBWIPiaymCL3NKgM_pqSjNAjVaM1rFLZc4.VDuwu._TySz2sC7u3fHKPDeZWz4h5XL0cZ4xXuhKDz.1uL7AzkC3bH2mTCcp6yuysNM8oCMmuji6CPo0n0ZuNrUz.yTF5ZeLuGhfi9L.lOTvNkAvomUx5BmqWFSKrntftCRqmv7XaOm3VA5ty1O8GulC_r3qUrLEYTPAIpfXW39Uq3VUipAThGldLXtf1d.VPncKEqH1YXtlc9XyZvcGxbvj0iwCuR0xSlvlKk8x5psYFA3unAMqh5KVvenkTcgCsl91ohqXHyqORSMZH7IfS1JxaEVx.hMsK4DLjbV.ukQOAMx_nGGG6HgFAwTqy12ZAIc_LYiuGXf9Z2z9YmIApL6V7O.GAOCmmObUJQzk3W6PzrwO0ErL5CjnkT0A8SIAgf2wWWDJwjh4FQ0eOrldtd5IPQq2AH2kRXkeLnamK_L7b0YVsHo7YhWY2BZ1tfCTYBAsauq5ULyS8c4.xS_A1QWdGb0iyFD.hO4tCT3WU_oPSitRkZjjPyBXnyv9Id1p_nNiVDdvXrVHcpbrv2AO231oH5hAtiCJl86K.Ntj8Z0OY1Mw6YEnVZCgwvRWGmme8YIjJv3tHff9mSj8G_LlAJMziRiNTj4Wv4MNioJMTM23DN3ViW9u_WidCbJZKSnx7KITzIN2A_qzSkdlvL.gh7937vwS1YQMPaUb6o:0
[ -700682ms] [ERROR] Failed to load resource: the server responded with a status of 400 () @ https://challenges.cloudflare.com/cdn-cgi/challenge-platform/h/g/fo/3654541318:1785744017:dQ_GYsJZeDeI3abWVUvIrvFwQJtfQuhU7fedU1gUe-0/a25430250e99cb96/QIjIqV138ksHRhw59x6HSrraZaxXu1wRyEJ_Bb32z4s-1785748214-1.2.1.1-CSXahLZcUGb_eixT7M1yErU94R3xg8xPwN1Sqc8FolQpI_iXSLyLZRyaVZq4VIDu:0
[ -673809ms] [ERROR] Creating a TrustedTypePolicy named 'sanitizer' violates the following Content Security policy directive: "trusted-types nfFM8 default". The action has been blocked. @ chrome-extension://gjkaolmncjlagdhkamocpknlngfbfmnm/content_script.js:4931
[ -673416ms] [ERROR] Blocked script execution in 'about:blank' because the document's frame is sandboxed and the 'allow-scripts' permission is not set. @ https://challenges.cloudflare.com/cdn-cgi/challenge-platform/h/g/turnstile/f/av0/rchlEUlPuBW.GM8SOgJtX0RHtECCWF7QN1bMg5cjjPWTO0-1785748214-1.3.1.1-1tL_8TMx7sxmzq.NL9zQ3990ADitL91d9j38YYoz5_4/cg7ry/0x4AAAAAAAc2BQjPEms9tKlM/auto/fbE/failure_retry/normal?lang=auto:0
[ -673416ms] [ERROR] Blocked script execution in 'about:blank' because the document's frame is sandboxed and the 'allow-scripts' permission is not set. @ https://challenges.cloudflare.com/cdn-cgi/challenge-platform/h/g/turnstile/f/av0/rchlEUlPuBW.GM8SOgJtX0RHtECCWF7QN1bMg5cjjPWTO0-1785748214-1.3.1.1-1tL_8TMx7sxmzq.NL9zQ3990ADitL91d9j38YYoz5_4/cg7ry/0x4AAAAAAAc2BQjPEms9tKlM/auto/fbE/failure_retry/normal?lang=auto:0
[ -673414ms] [ERROR] Blocked script execution in 'about:blank' because the document's frame is sandboxed and the 'allow-scripts' permission is not set. @ https://challenges.cloudflare.com/cdn-cgi/challenge-platform/h/g/turnstile/f/av0/rchlEUlPuBW.GM8SOgJtX0RHtECCWF7QN1bMg5cjjPWTO0-1785748214-1.3.1.1-1tL_8TMx7sxmzq.NL9zQ3990ADitL91d9j38YYoz5_4/cg7ry/0x4AAAAAAAc2BQjPEms9tKlM/auto/fbE/failure_retry/normal?lang=auto:0
[ -671338ms] [ERROR] Blocked script execution in 'about:blank' because the document's frame is sandboxed and the 'allow-scripts' permission is not set. @ https://challenges.cloudflare.com/cdn-cgi/challenge-platform/h/g/turnstile/f/av0/rchlEUlPuBW.GM8SOgJtX0RHtECCWF7QN1bMg5cjjPWTO0-1785748214-1.3.1.1-1tL_8TMx7sxmzq.NL9zQ3990ADitL91d9j38YYoz5_4/cg7ry/0x4AAAAAAAc2BQjPEms9tKlM/auto/fbE/failure_retry/normal?lang=auto:0
[ -671338ms] [ERROR] Blocked script execution in 'about:blank' because the document's frame is sandboxed and the 'allow-scripts' permission is not set. @ https://challenges.cloudflare.com/cdn-cgi/challenge-platform/h/g/turnstile/f/av0/rchlEUlPuBW.GM8SOgJtX0RHtECCWF7QN1bMg5cjjPWTO0-1785748214-1.3.1.1-1tL_8TMx7sxmzq.NL9zQ3990ADitL91d9j38YYoz5_4/cg7ry/0x4AAAAAAAc2BQjPEms9tKlM/auto/fbE/failure_retry/normal?lang=auto:0
[ -671337ms] [ERROR] Blocked script execution in 'about:blank' because the document's frame is sandboxed and the 'allow-scripts' permission is not set. @ https://challenges.cloudflare.com/cdn-cgi/challenge-platform/h/g/turnstile/f/av0/rchlEUlPuBW.GM8SOgJtX0RHtECCWF7QN1bMg5cjjPWTO0-1785748214-1.3.1.1-1tL_8TMx7sxmzq.NL9zQ3990ADitL91d9j38YYoz5_4/cg7ry/0x4AAAAAAAc2BQjPEms9tKlM/auto/fbE/failure_retry/normal?lang=auto:0
[ -671121ms] [WARNING] WebGL: INVALID_ENUM: getInternalformatParameter: invalid internalformat @ https://challenges.cloudflare.com/cdn-cgi/challenge-platform/h/g/turnstile/f/av0/rchlEUlPuBW.GM8SOgJtX0RHtECCWF7QN1bMg5cjjPWTO0-1785748214-1.3.1.1-1tL_8TMx7sxmzq.NL9zQ3990ADitL91d9j38YYoz5_4/cg7ry/0x4AAAAAAAc2BQjPEms9tKlM/auto/fbE/failure_retry/normal?lang=auto:0
[ -671120ms] [WARNING] WebGL: INVALID_ENUM: getInternalformatParameter: invalid internalformat @ https://challenges.cloudflare.com/cdn-cgi/challenge-platform/h/g/turnstile/f/av0/rchlEUlPuBW.GM8SOgJtX0RHtECCWF7QN1bMg5cjjPWTO0-1785748214-1.3.1.1-1tL_8TMx7sxmzq.NL9zQ3990ADitL91d9j38YYoz5_4/cg7ry/0x4AAAAAAAc2BQjPEms9tKlM/auto/fbE/failure_retry/normal?lang=auto:0
[ -671119ms] [WARNING] WebGL: INVALID_ENUM: getInternalformatParameter: invalid internalformat @ https://challenges.cloudflare.com/cdn-cgi/challenge-platform/h/g/turnstile/f/av0/rchlEUlPuBW.GM8SOgJtX0RHtECCWF7QN1bMg5cjjPWTO0-1785748214-1.3.1.1-1tL_8TMx7sxmzq.NL9zQ3990ADitL91d9j38YYoz5_4/cg7ry/0x4AAAAAAAc2BQjPEms9tKlM/auto/fbE/failure_retry/normal?lang=auto:0
[ -671119ms] [WARNING] WebGL: INVALID_ENUM: getInternalformatParameter: invalid internalformat @ https://challenges.cloudflare.com/cdn-cgi/challenge-platform/h/g/turnstile/f/av0/rchlEUlPuBW.GM8SOgJtX0RHtECCWF7QN1bMg5cjjPWTO0-1785748214-1.3.1.1-1tL_8TMx7sxmzq.NL9zQ3990ADitL91d9j38YYoz5_4/cg7ry/0x4AAAAAAAc2BQjPEms9tKlM/auto/fbE/failure_retry/normal?lang=auto:0
[ -671119ms] [WARNING] WebGL: INVALID_ENUM: getInternalformatParameter: invalid internalformat @ https://challenges.cloudflare.com/cdn-cgi/challenge-platform/h/g/turnstile/f/av0/rchlEUlPuBW.GM8SOgJtX0RHtECCWF7QN1bMg5cjjPWTO0-1785748214-1.3.1.1-1tL_8TMx7sxmzq.NL9zQ3990ADitL91d9j38YYoz5_4/cg7ry/0x4AAAAAAAc2BQjPEms9tKlM/auto/fbE/failure_retry/normal?lang=auto:0
[ -671119ms] [WARNING] WebGL: INVALID_ENUM: getInternalformatParameter: invalid internalformat @ https://challenges.cloudflare.com/cdn-cgi/challenge-platform/h/g/turnstile/f/av0/rchlEUlPuBW.GM8SOgJtX0RHtECCWF7QN1bMg5cjjPWTO0-1785748214-1.3.1.1-1tL_8TMx7sxmzq.NL9zQ3990ADitL91d9j38YYoz5_4/cg7ry/0x4AAAAAAAc2BQjPEms9tKlM/auto/fbE/failure_retry/normal?lang=auto:0
[ -671119ms] [WARNING] WebGL: INVALID_ENUM: getInternalformatParameter: invalid internalformat @ https://challenges.cloudflare.com/cdn-cgi/challenge-platform/h/g/turnstile/f/av0/rchlEUlPuBW.GM8SOgJtX0RHtECCWF7QN1bMg5cjjPWTO0-1785748214-1.3.1.1-1tL_8TMx7sxmzq.NL9zQ3990ADitL91d9j38YYoz5_4/cg7ry/0x4AAAAAAAc2BQjPEms9tKlM/auto/fbE/failure_retry/normal?lang=auto:0
[ -671119ms] [WARNING] WebGL: INVALID_ENUM: getInternalformatParameter: invalid internalformat @ https://challenges.cloudflare.com/cdn-cgi/challenge-platform/h/g/turnstile/f/av0/rchlEUlPuBW.GM8SOgJtX0RHtECCWF7QN1bMg5cjjPWTO0-1785748214-1.3.1.1-1tL_8TMx7sxmzq.NL9zQ3990ADitL91d9j38YYoz5_4/cg7ry/0x4AAAAAAAc2BQjPEms9tKlM/auto/fbE/failure_retry/normal?lang=auto:0
[ -671119ms] [WARNING] WebGL: INVALID_ENUM: getInternalformatParameter: invalid internalformat @ https://challenges.cloudflare.com/cdn-cgi/challenge-platform/h/g/turnstile/f/av0/rchlEUlPuBW.GM8SOgJtX0RHtECCWF7QN1bMg5cjjPWTO0-1785748214-1.3.1.1-1tL_8TMx7sxmzq.NL9zQ3990ADitL91d9j38YYoz5_4/cg7ry/0x4AAAAAAAc2BQjPEms9tKlM/auto/fbE/failure_retry/normal?lang=auto:0
[ -671119ms] [WARNING] WebGL: INVALID_ENUM: getInternalformatParameter: invalid internalformat @ https://challenges.cloudflare.com/cdn-cgi/challenge-platform/h/g/turnstile/f/av0/rchlEUlPuBW.GM8SOgJtX0RHtECCWF7QN1bMg5cjjPWTO0-1785748214-1.3.1.1-1tL_8TMx7sxmzq.NL9zQ3990ADitL91d9j38YYoz5_4/cg7ry/0x4AAAAAAAc2BQjPEms9tKlM/auto/fbE/failure_retry/normal?lang=auto:0
[ -671118ms] [WARNING] WebGL: INVALID_ENUM: getInternalformatParameter: invalid internalformat @ https://challenges.cloudflare.com/cdn-cgi/challenge-platform/h/g/turnstile/f/av0/rchlEUlPuBW.GM8SOgJtX0RHtECCWF7QN1bMg5cjjPWTO0-1785748214-1.3.1.1-1tL_8TMx7sxmzq.NL9zQ3990ADitL91d9j38YYoz5_4/cg7ry/0x4AAAAAAAc2BQjPEms9tKlM/auto/fbE/failure_retry/normal?lang=auto:0
[ -671117ms] [WARNING] WebGL: INVALID_ENUM: getInternalformatParameter: invalid internalformat when EXT_color_buffer_[half_]float is not enabled @ https://challenges.cloudflare.com/cdn-cgi/challenge-platform/h/g/turnstile/f/av0/rchlEUlPuBW.GM8SOgJtX0RHtECCWF7QN1bMg5cjjPWTO0-1785748214-1.3.1.1-1tL_8TMx7sxmzq.NL9zQ3990ADitL91d9j38YYoz5_4/cg7ry/0x4AAAAAAAc2BQjPEms9tKlM/auto/fbE/failure_retry/normal?lang=auto:0
[ -671116ms] [WARNING] WebGL: INVALID_ENUM: getInternalformatParameter: invalid internalformat when EXT_color_buffer_float is not enabled @ https://challenges.cloudflare.com/cdn-cgi/challenge-platform/h/g/turnstile/f/av0/rchlEUlPuBW.GM8SOgJtX0RHtECCWF7QN1bMg5cjjPWTO0-1785748214-1.3.1.1-1tL_8TMx7sxmzq.NL9zQ3990ADitL91d9j38YYoz5_4/cg7ry/0x4AAAAAAAc2BQjPEms9tKlM/auto/fbE/failure_retry/normal?lang=auto:0
[ -671116ms] [WARNING] WebGL: INVALID_ENUM: getInternalformatParameter: invalid internalformat when EXT_color_buffer_float is not enabled @ https://challenges.cloudflare.com/cdn-cgi/challenge-platform/h/g/turnstile/f/av0/rchlEUlPuBW.GM8SOgJtX0RHtECCWF7QN1bMg5cjjPWTO0-1785748214-1.3.1.1-1tL_8TMx7sxmzq.NL9zQ3990ADitL91d9j38YYoz5_4/cg7ry/0x4AAAAAAAc2BQjPEms9tKlM/auto/fbE/failure_retry/normal?lang=auto:0
[ -671116ms] [WARNING] WebGL: INVALID_ENUM: getInternalformatParameter: invalid internalformat @ https://challenges.cloudflare.com/cdn-cgi/challenge-platform/h/g/turnstile/f/av0/rchlEUlPuBW.GM8SOgJtX0RHtECCWF7QN1bMg5cjjPWTO0-1785748214-1.3.1.1-1tL_8TMx7sxmzq.NL9zQ3990ADitL91d9j38YYoz5_4/cg7ry/0x4AAAAAAAc2BQjPEms9tKlM/auto/fbE/failure_retry/normal?lang=auto:0
[ -671116ms] [WARNING] WebGL: INVALID_ENUM: getInternalformatParameter: invalid internalformat when EXT_color_buffer_[half_]float is not enabled @ https://challenges.cloudflare.com/cdn-cgi/challenge-platform/h/g/turnstile/f/av0/rchlEUlPuBW.GM8SOgJtX0RHtECCWF7QN1bMg5cjjPWTO0-1785748214-1.3.1.1-1tL_8TMx7sxmzq.NL9zQ3990ADitL91d9j38YYoz5_4/cg7ry/0x4AAAAAAAc2BQjPEms9tKlM/auto/fbE/failure_retry/normal?lang=auto:0
[ -671116ms] [WARNING] WebGL: INVALID_ENUM: getInternalformatParameter: invalid internalformat when EXT_color_buffer_float is not enabled @ https://challenges.cloudflare.com/cdn-cgi/challenge-platform/h/g/turnstile/f/av0/rchlEUlPuBW.GM8SOgJtX0RHtECCWF7QN1bMg5cjjPWTO0-1785748214-1.3.1.1-1tL_8TMx7sxmzq.NL9zQ3990ADitL91d9j38YYoz5_4/cg7ry/0x4AAAAAAAc2BQjPEms9tKlM/auto/fbE/failure_retry/normal?lang=auto:0
[ -671116ms] [WARNING] WebGL: INVALID_ENUM: getInternalformatParameter: invalid internalformat when EXT_color_buffer_[half_]float is not enabled @ https://challenges.cloudflare.com/cdn-cgi/challenge-platform/h/g/turnstile/f/av0/rchlEUlPuBW.GM8SOgJtX0RHtECCWF7QN1bMg5cjjPWTO0-1785748214-1.3.1.1-1tL_8TMx7sxmzq.NL9zQ3990ADitL91d9j38YYoz5_4/cg7ry/0x4AAAAAAAc2BQjPEms9tKlM/auto/fbE/failure_retry/normal?lang=auto:0
[ -671116ms] [WARNING] WebGL: INVALID_ENUM: getInternalformatParameter: invalid internalformat when EXT_color_buffer_float is not enabled @ https://challenges.cloudflare.com/cdn-cgi/challenge-platform/h/g/turnstile/f/av0/rchlEUlPuBW.GM8SOgJtX0RHtECCWF7QN1bMg5cjjPWTO0-1785748214-1.3.1.1-1tL_8TMx7sxmzq.NL9zQ3990ADitL91d9j38YYoz5_4/cg7ry/0x4AAAAAAAc2BQjPEms9tKlM/auto/fbE/failure_retry/normal?lang=auto:0
[ -670944ms] [WARNING] OTS parsing error: Size of decompressed WOFF 2.0 is less than compressed size @ https://challenges.cloudflare.com/cdn-cgi/challenge-platform/h/g/turnstile/f/av0/rchlEUlPuBW.GM8SOgJtX0RHtECCWF7QN1bMg5cjjPWTO0-1785748214-1.3.1.1-1tL_8TMx7sxmzq.NL9zQ3990ADitL91d9j38YYoz5_4/cg7ry/0x4AAAAAAAc2BQjPEms9tKlM/auto/fbE/failure_retry/normal?lang=auto:0
[ -670921ms] [WARNING] The powerPreference option is currently ignored when calling requestAdapter() on Windows. See https://crbug.com/369219127 @ https://challenges.cloudflare.com/cdn-cgi/challenge-platform/h/g/turnstile/f/av0/rchlEUlPuBW.GM8SOgJtX0RHtECCWF7QN1bMg5cjjPWTO0-1785748214-1.3.1.1-1tL_8TMx7sxmzq.NL9zQ3990ADitL91d9j38YYoz5_4/cg7ry/0x4AAAAAAAc2BQjPEms9tKlM/auto/fbE/failure_retry/normal?lang=auto:0
[ -670921ms] [WARNING] The powerPreference option is currently ignored when calling requestAdapter() on Windows. See https://crbug.com/369219127 @ https://challenges.cloudflare.com/cdn-cgi/challenge-platform/h/g/turnstile/f/av0/rchlEUlPuBW.GM8SOgJtX0RHtECCWF7QN1bMg5cjjPWTO0-1785748214-1.3.1.1-1tL_8TMx7sxmzq.NL9zQ3990ADitL91d9j38YYoz5_4/cg7ry/0x4AAAAAAAc2BQjPEms9tKlM/auto/fbE/failure_retry/normal?lang=auto:0
[ -670897ms] [WARNING] No available adapters. @ https://challenges.cloudflare.com/cdn-cgi/challenge-platform/h/g/turnstile/f/av0/rchlEUlPuBW.GM8SOgJtX0RHtECCWF7QN1bMg5cjjPWTO0-1785748214-1.3.1.1-1tL_8TMx7sxmzq.NL9zQ3990ADitL91d9j38YYoz5_4/cg7ry/0x4AAAAAAAc2BQjPEms9tKlM/auto/fbE/failure_retry/normal?lang=auto:0
[ -376726ms] [ERROR] Creating a TrustedTypePolicy named 'sanitizer' violates the following Content Security policy directive: "trusted-types nfFM8 default". The action has been blocked. @ chrome-extension://gjkaolmncjlagdhkamocpknlngfbfmnm/content_script.js:4931
[ -376339ms] [ERROR] Blocked script execution in 'about:blank' because the document's frame is sandboxed and the 'allow-scripts' permission is not set. @ https://challenges.cloudflare.com/cdn-cgi/challenge-platform/h/g/turnstile/f/av0/rch/cg7ry/0x4AAAAAAAc2BQjPEms9tKlM/auto/fbE/auto_expire/normal?lang=auto:0
[ -376339ms] [ERROR] Blocked script execution in 'about:blank' because the document's frame is sandboxed and the 'allow-scripts' permission is not set. @ https://challenges.cloudflare.com/cdn-cgi/challenge-platform/h/g/turnstile/f/av0/rch/cg7ry/0x4AAAAAAAc2BQjPEms9tKlM/auto/fbE/auto_expire/normal?lang=auto:0
[ -376335ms] [ERROR] Blocked script execution in 'about:blank' because the document's frame is sandboxed and the 'allow-scripts' permission is not set. @ https://challenges.cloudflare.com/cdn-cgi/challenge-platform/h/g/turnstile/f/av0/rch/cg7ry/0x4AAAAAAAc2BQjPEms9tKlM/auto/fbE/auto_expire/normal?lang=auto:0
[ -372426ms] [WARNING] WebGL: INVALID_ENUM: getInternalformatParameter: invalid internalformat @ https://challenges.cloudflare.com/cdn-cgi/challenge-platform/h/g/turnstile/f/av0/rch/cg7ry/0x4AAAAAAAc2BQjPEms9tKlM/auto/fbE/auto_expire/normal?lang=auto:0
[ -372422ms] [WARNING] WebGL: INVALID_ENUM: getInternalformatParameter: invalid internalformat @ https://challenges.cloudflare.com/cdn-cgi/challenge-platform/h/g/turnstile/f/av0/rch/cg7ry/0x4AAAAAAAc2BQjPEms9tKlM/auto/fbE/auto_expire/normal?lang=auto:0
[ -372418ms] [WARNING] WebGL: INVALID_ENUM: getInternalformatParameter: invalid internalformat @ https://challenges.cloudflare.com/cdn-cgi/challenge-platform/h/g/turnstile/f/av0/rch/cg7ry/0x4AAAAAAAc2BQjPEms9tKlM/auto/fbE/auto_expire/normal?lang=auto:0
[ -372418ms] [WARNING] WebGL: INVALID_ENUM: getInternalformatParameter: invalid internalformat @ https://challenges.cloudflare.com/cdn-cgi/challenge-platform/h/g/turnstile/f/av0/rch/cg7ry/0x4AAAAAAAc2BQjPEms9tKlM/auto/fbE/auto_expire/normal?lang=auto:0
[ -372418ms] [WARNING] WebGL: INVALID_ENUM: getInternalformatParameter: invalid internalformat @ https://challenges.cloudflare.com/cdn-cgi/challenge-platform/h/g/turnstile/f/av0/rch/cg7ry/0x4AAAAAAAc2BQjPEms9tKlM/auto/fbE/auto_expire/normal?lang=auto:0
[ -372417ms] [WARNING] WebGL: INVALID_ENUM: getInternalformatParameter: invalid internalformat @ https://challenges.cloudflare.com/cdn-cgi/challenge-platform/h/g/turnstile/f/av0/rch/cg7ry/0x4AAAAAAAc2BQjPEms9tKlM/auto/fbE/auto_expire/normal?lang=auto:0
[ -372417ms] [WARNING] WebGL: INVALID_ENUM: getInternalformatParameter: invalid internalformat @ https://challenges.cloudflare.com/cdn-cgi/challenge-platform/h/g/turnstile/f/av0/rch/cg7ry/0x4AAAAAAAc2BQjPEms9tKlM/auto/fbE/auto_expire/normal?lang=auto:0
[ -372417ms] [WARNING] WebGL: INVALID_ENUM: getInternalformatParameter: invalid internalformat @ https://challenges.cloudflare.com/cdn-cgi/challenge-platform/h/g/turnstile/f/av0/rch/cg7ry/0x4AAAAAAAc2BQjPEms9tKlM/auto/fbE/auto_expire/normal?lang=auto:0
[ -372416ms] [WARNING] WebGL: INVALID_ENUM: getInternalformatParameter: invalid internalformat @ https://challenges.cloudflare.com/cdn-cgi/challenge-platform/h/g/turnstile/f/av0/rch/cg7ry/0x4AAAAAAAc2BQjPEms9tKlM/auto/fbE/auto_expire/normal?lang=auto:0
[ -372416ms] [WARNING] WebGL: INVALID_ENUM: getInternalformatParameter: invalid internalformat @ https://challenges.cloudflare.com/cdn-cgi/challenge-platform/h/g/turnstile/f/av0/rch/cg7ry/0x4AAAAAAAc2BQjPEms9tKlM/auto/fbE/auto_expire/normal?lang=auto:0
[ -372414ms] [WARNING] WebGL: INVALID_ENUM: getInternalformatParameter: invalid internalformat @ https://challenges.cloudflare.com/cdn-cgi/challenge-platform/h/g/turnstile/f/av0/rch/cg7ry/0x4AAAAAAAc2BQjPEms9tKlM/auto/fbE/auto_expire/normal?lang=auto:0
[ -372335ms] [WARNING] WebGL: INVALID_ENUM: getInternalformatParameter: invalid internalformat when EXT_color_buffer_[half_]float is not enabled @ https://challenges.cloudflare.com/cdn-cgi/challenge-platform/h/g/turnstile/f/av0/rch/cg7ry/0x4AAAAAAAc2BQjPEms9tKlM/auto/fbE/auto_expire/normal?lang=auto:0
[ -372334ms] [WARNING] WebGL: INVALID_ENUM: getInternalformatParameter: invalid internalformat when EXT_color_buffer_float is not enabled @ https://challenges.cloudflare.com/cdn-cgi/challenge-platform/h/g/turnstile/f/av0/rch/cg7ry/0x4AAAAAAAc2BQjPEms9tKlM/auto/fbE/auto_expire/normal?lang=auto:0
[ -372334ms] [WARNING] WebGL: INVALID_ENUM: getInternalformatParameter: invalid internalformat when EXT_color_buffer_float is not enabled @ https://challenges.cloudflare.com/cdn-cgi/challenge-platform/h/g/turnstile/f/av0/rch/cg7ry/0x4AAAAAAAc2BQjPEms9tKlM/auto/fbE/auto_expire/normal?lang=auto:0
[ -372333ms] [WARNING] WebGL: INVALID_ENUM: getInternalformatParameter: invalid internalformat @ https://challenges.cloudflare.com/cdn-cgi/challenge-platform/h/g/turnstile/f/av0/rch/cg7ry/0x4AAAAAAAc2BQjPEms9tKlM/auto/fbE/auto_expire/normal?lang=auto:0
[ -372333ms] [WARNING] WebGL: INVALID_ENUM: getInternalformatParameter: invalid internalformat when EXT_color_buffer_[half_]float is not enabled @ https://challenges.cloudflare.com/cdn-cgi/challenge-platform/h/g/turnstile/f/av0/rch/cg7ry/0x4AAAAAAAc2BQjPEms9tKlM/auto/fbE/auto_expire/normal?lang=auto:0
[ -372333ms] [WARNING] WebGL: INVALID_ENUM: getInternalformatParameter: invalid internalformat when EXT_color_buffer_float is not enabled @ https://challenges.cloudflare.com/cdn-cgi/challenge-platform/h/g/turnstile/f/av0/rch/cg7ry/0x4AAAAAAAc2BQjPEms9tKlM/auto/fbE/auto_expire/normal?lang=auto:0
[ -372332ms] [WARNING] WebGL: INVALID_ENUM: getInternalformatParameter: invalid internalformat when EXT_color_buffer_[half_]float is not enabled @ https://challenges.cloudflare.com/cdn-cgi/challenge-platform/h/g/turnstile/f/av0/rch/cg7ry/0x4AAAAAAAc2BQjPEms9tKlM/auto/fbE/auto_expire/normal?lang=auto:0
[ -372332ms] [WARNING] WebGL: INVALID_ENUM: getInternalformatParameter: invalid internalformat when EXT_color_buffer_float is not enabled @ https://challenges.cloudflare.com/cdn-cgi/challenge-platform/h/g/turnstile/f/av0/rch/cg7ry/0x4AAAAAAAc2BQjPEms9tKlM/auto/fbE/auto_expire/normal?lang=auto:0
[ -371813ms] [WARNING] The powerPreference option is currently ignored when calling requestAdapter() on Windows. See https://crbug.com/369219127 @ https://challenges.cloudflare.com/cdn-cgi/challenge-platform/h/g/turnstile/f/av0/rch/cg7ry/0x4AAAAAAAc2BQjPEms9tKlM/auto/fbE/auto_expire/normal?lang=auto:0
[ -371813ms] [WARNING] The powerPreference option is currently ignored when calling requestAdapter() on Windows. See https://crbug.com/369219127 @ https://challenges.cloudflare.com/cdn-cgi/challenge-platform/h/g/turnstile/f/av0/rch/cg7ry/0x4AAAAAAAc2BQjPEms9tKlM/auto/fbE/auto_expire/normal?lang=auto:0
[ -371773ms] [WARNING] No available adapters. @ https://challenges.cloudflare.com/cdn-cgi/challenge-platform/h/g/turnstile/f/av0/rch/cg7ry/0x4AAAAAAAc2BQjPEms9tKlM/auto/fbE/auto_expire/normal?lang=auto:0
[ -371215ms] [WARNING] OTS parsing error: Size of decompressed WOFF 2.0 is less than compressed size @ https://challenges.cloudflare.com/cdn-cgi/challenge-platform/h/g/turnstile/f/av0/rch/cg7ry/0x4AAAAAAAc2BQjPEms9tKlM/auto/fbE/auto_expire/normal?lang=auto:0
[ -370767ms] [ERROR] Blocked script execution in 'about:blank' because the document's frame is sandboxed and the 'allow-scripts' permission is not set. @ https://challenges.cloudflare.com/cdn-cgi/challenge-platform/h/g/turnstile/f/av0/rch/cg7ry/0x4AAAAAAAc2BQjPEms9tKlM/auto/fbE/auto_expire/normal?lang=auto:0
[ -370767ms] [ERROR] Blocked script execution in 'about:blank' because the document's frame is sandboxed and the 'allow-scripts' permission is not set. @ https://challenges.cloudflare.com/cdn-cgi/challenge-platform/h/g/turnstile/f/av0/rch/cg7ry/0x4AAAAAAAc2BQjPEms9tKlM/auto/fbE/auto_expire/normal?lang=auto:0
[ -370759ms] [ERROR] Blocked script execution in 'about:blank' because the document's frame is sandboxed and the 'allow-scripts' permission is not set. @ https://challenges.cloudflare.com/cdn-cgi/challenge-platform/h/g/turnstile/f/av0/rch/cg7ry/0x4AAAAAAAc2BQjPEms9tKlM/auto/fbE/auto_expire/normal?lang=auto:0
[  -75482ms] [ERROR] Creating a TrustedTypePolicy named 'sanitizer' violates the following Content Security policy directive: "trusted-types nfFM8 default". The action has been blocked. @ chrome-extension://gjkaolmncjlagdhkamocpknlngfbfmnm/content_script.js:4931
[  -74690ms] [ERROR] Blocked script execution in 'about:blank' because the document's frame is sandboxed and the 'allow-scripts' permission is not set. @ https://challenges.cloudflare.com/cdn-cgi/challenge-platform/h/g/turnstile/f/av0/rch/cg7ry/0x4AAAAAAAc2BQjPEms9tKlM/auto/fbE/auto_expire/normal?lang=auto:0
[  -74690ms] [ERROR] Blocked script execution in 'about:blank' because the document's frame is sandboxed and the 'allow-scripts' permission is not set. @ https://challenges.cloudflare.com/cdn-cgi/challenge-platform/h/g/turnstile/f/av0/rch/cg7ry/0x4AAAAAAAc2BQjPEms9tKlM/auto/fbE/auto_expire/normal?lang=auto:0
[  -74688ms] [ERROR] Blocked script execution in 'about:blank' because the document's frame is sandboxed and the 'allow-scripts' permission is not set. @ https://challenges.cloudflare.com/cdn-cgi/challenge-platform/h/g/turnstile/f/av0/rch/cg7ry/0x4AAAAAAAc2BQjPEms9tKlM/auto/fbE/auto_expire/normal?lang=auto:0
[  -71326ms] [WARNING] WebGL: INVALID_ENUM: getInternalformatParameter: invalid internalformat @ https://challenges.cloudflare.com/cdn-cgi/challenge-platform/h/g/turnstile/f/av0/rch/cg7ry/0x4AAAAAAAc2BQjPEms9tKlM/auto/fbE/auto_expire/normal?lang=auto:0
[  -71325ms] [WARNING] WebGL: INVALID_ENUM: getInternalformatParameter: invalid internalformat @ https://challenges.cloudflare.com/cdn-cgi/challenge-platform/h/g/turnstile/f/av0/rch/cg7ry/0x4AAAAAAAc2BQjPEms9tKlM/auto/fbE/auto_expire/normal?lang=auto:0
[  -71324ms] [WARNING] WebGL: INVALID_ENUM: getInternalformatParameter: invalid internalformat @ https://challenges.cloudflare.com/cdn-cgi/challenge-platform/h/g/turnstile/f/av0/rch/cg7ry/0x4AAAAAAAc2BQjPEms9tKlM/auto/fbE/auto_expire/normal?lang=auto:0
[  -71324ms] [WARNING] WebGL: INVALID_ENUM: getInternalformatParameter: invalid internalformat @ https://challenges.cloudflare.com/cdn-cgi/challenge-platform/h/g/turnstile/f/av0/rch/cg7ry/0x4AAAAAAAc2BQjPEms9tKlM/auto/fbE/auto_expire/normal?lang=auto:0
[  -71324ms] [WARNING] WebGL: INVALID_ENUM: getInternalformatParameter: invalid internalformat @ https://challenges.cloudflare.com/cdn-cgi/challenge-platform/h/g/turnstile/f/av0/rch/cg7ry/0x4AAAAAAAc2BQjPEms9tKlM/auto/fbE/auto_expire/normal?lang=auto:0
[  -71323ms] [WARNING] WebGL: INVALID_ENUM: getInternalformatParameter: invalid internalformat @ https://challenges.cloudflare.com/cdn-cgi/challenge-platform/h/g/turnstile/f/av0/rch/cg7ry/0x4AAAAAAAc2BQjPEms9tKlM/auto/fbE/auto_expire/normal?lang=auto:0
[  -71323ms] [WARNING] WebGL: INVALID_ENUM: getInternalformatParameter: invalid internalformat @ https://challenges.cloudflare.com/cdn-cgi/challenge-platform/h/g/turnstile/f/av0/rch/cg7ry/0x4AAAAAAAc2BQjPEms9tKlM/auto/fbE/auto_expire/normal?lang=auto:0
[  -71323ms] [WARNING] WebGL: INVALID_ENUM: getInternalformatParameter: invalid internalformat @ https://challenges.cloudflare.com/cdn-cgi/challenge-platform/h/g/turnstile/f/av0/rch/cg7ry/0x4AAAAAAAc2BQjPEms9tKlM/auto/fbE/auto_expire/normal?lang=auto:0
[  -71323ms] [WARNING] WebGL: INVALID_ENUM: getInternalformatParameter: invalid internalformat @ https://challenges.cloudflare.com/cdn-cgi/challenge-platform/h/g/turnstile/f/av0/rch/cg7ry/0x4AAAAAAAc2BQjPEms9tKlM/auto/fbE/auto_expire/normal?lang=auto:0
[  -71323ms] [WARNING] WebGL: INVALID_ENUM: getInternalformatParameter: invalid internalformat @ https://challenges.cloudflare.com/cdn-cgi/challenge-platform/h/g/turnstile/f/av0/rch/cg7ry/0x4AAAAAAAc2BQjPEms9tKlM/auto/fbE/auto_expire/normal?lang=auto:0
[  -71323ms] [WARNING] WebGL: INVALID_ENUM: getInternalformatParameter: invalid internalformat @ https://challenges.cloudflare.com/cdn-cgi/challenge-platform/h/g/turnstile/f/av0/rch/cg7ry/0x4AAAAAAAc2BQjPEms9tKlM/auto/fbE/auto_expire/normal?lang=auto:0
[  -71321ms] [WARNING] WebGL: INVALID_ENUM: getInternalformatParameter: invalid internalformat when EXT_color_buffer_[half_]float is not enabled @ https://challenges.cloudflare.com/cdn-cgi/challenge-platform/h/g/turnstile/f/av0/rch/cg7ry/0x4AAAAAAAc2BQjPEms9tKlM/auto/fbE/auto_expire/normal?lang=auto:0
[  -71321ms] [WARNING] WebGL: INVALID_ENUM: getInternalformatParameter: invalid internalformat when EXT_color_buffer_float is not enabled @ https://challenges.cloudflare.com/cdn-cgi/challenge-platform/h/g/turnstile/f/av0/rch/cg7ry/0x4AAAAAAAc2BQjPEms9tKlM/auto/fbE/auto_expire/normal?lang=auto:0
[  -71321ms] [WARNING] WebGL: INVALID_ENUM: getInternalformatParameter: invalid internalformat when EXT_color_buffer_float is not enabled @ https://challenges.cloudflare.com/cdn-cgi/challenge-platform/h/g/turnstile/f/av0/rch/cg7ry/0x4AAAAAAAc2BQjPEms9tKlM/auto/fbE/auto_expire/normal?lang=auto:0
[  -71319ms] [WARNING] WebGL: INVALID_ENUM: getInternalformatParameter: invalid internalformat @ https://challenges.cloudflare.com/cdn-cgi/challenge-platform/h/g/turnstile/f/av0/rch/cg7ry/0x4AAAAAAAc2BQjPEms9tKlM/auto/fbE/auto_expire/normal?lang=auto:0
[  -71319ms] [WARNING] WebGL: INVALID_ENUM: getInternalformatParameter: invalid internalformat when EXT_color_buffer_[half_]float is not enabled @ https://challenges.cloudflare.com/cdn-cgi/challenge-platform/h/g/turnstile/f/av0/rch/cg7ry/0x4AAAAAAAc2BQjPEms9tKlM/auto/fbE/auto_expire/normal?lang=auto:0
[  -71319ms] [WARNING] WebGL: INVALID_ENUM: getInternalformatParameter: invalid internalformat when EXT_color_buffer_float is not enabled @ https://challenges.cloudflare.com/cdn-cgi/challenge-platform/h/g/turnstile/f/av0/rch/cg7ry/0x4AAAAAAAc2BQjPEms9tKlM/auto/fbE/auto_expire/normal?lang=auto:0
[  -71318ms] [WARNING] WebGL: INVALID_ENUM: getInternalformatParameter: invalid internalformat when EXT_color_buffer_[half_]float is not enabled @ https://challenges.cloudflare.com/cdn-cgi/challenge-platform/h/g/turnstile/f/av0/rch/cg7ry/0x4AAAAAAAc2BQjPEms9tKlM/auto/fbE/auto_expire/normal?lang=auto:0
[  -71318ms] [WARNING] WebGL: INVALID_ENUM: getInternalformatParameter: invalid internalformat when EXT_color_buffer_float is not enabled @ https://challenges.cloudflare.com/cdn-cgi/challenge-platform/h/g/turnstile/f/av0/rch/cg7ry/0x4AAAAAAAc2BQjPEms9tKlM/auto/fbE/auto_expire/normal?lang=auto:0
[  -71176ms] [WARNING] The powerPreference option is currently ignored when calling requestAdapter() on Windows. See https://crbug.com/369219127 @ https://challenges.cloudflare.com/cdn-cgi/challenge-platform/h/g/turnstile/f/av0/rch/cg7ry/0x4AAAAAAAc2BQjPEms9tKlM/auto/fbE/auto_expire/normal?lang=auto:0
[  -71176ms] [WARNING] The powerPreference option is currently ignored when calling requestAdapter() on Windows. See https://crbug.com/369219127 @ https://challenges.cloudflare.com/cdn-cgi/challenge-platform/h/g/turnstile/f/av0/rch/cg7ry/0x4AAAAAAAc2BQjPEms9tKlM/auto/fbE/auto_expire/normal?lang=auto:0
[  -71167ms] [WARNING] No available adapters. @ https://challenges.cloudflare.com/cdn-cgi/challenge-platform/h/g/turnstile/f/av0/rch/cg7ry/0x4AAAAAAAc2BQjPEms9tKlM/auto/fbE/auto_expire/normal?lang=auto:0
[  -71004ms] [ERROR] Blocked script execution in 'about:blank' because the document's frame is sandboxed and the 'allow-scripts' permission is not set. @ https://challenges.cloudflare.com/cdn-cgi/challenge-platform/h/g/turnstile/f/av0/rch/cg7ry/0x4AAAAAAAc2BQjPEms9tKlM/auto/fbE/auto_expire/normal?lang=auto:0
[  -71004ms] [ERROR] Blocked script execution in 'about:blank' because the document's frame is sandboxed and the 'allow-scripts' permission is not set. @ https://challenges.cloudflare.com/cdn-cgi/challenge-platform/h/g/turnstile/f/av0/rch/cg7ry/0x4AAAAAAAc2BQjPEms9tKlM/auto/fbE/auto_expire/normal?lang=auto:0
[  -71003ms] [ERROR] Blocked script execution in 'about:blank' because the document's frame is sandboxed and the 'allow-scripts' permission is not set. @ https://challenges.cloudflare.com/cdn-cgi/challenge-platform/h/g/turnstile/f/av0/rch/cg7ry/0x4AAAAAAAc2BQjPEms9tKlM/auto/fbE/auto_expire/normal?lang=auto:0
[  -70581ms] [WARNING] OTS parsing error: Size of decompressed WOFF 2.0 is less than compressed size @ https://challenges.cloudflare.com/cdn-cgi/challenge-platform/h/g/turnstile/f/av0/rch/cg7ry/0x4AAAAAAAc2BQjPEms9tKlM/auto/fbE/auto_expire/normal?lang=auto:0
[  221882ms] [ERROR] Creating a TrustedTypePolicy named 'sanitizer' violates the following Content Security policy directive: "trusted-types nfFM8 default". The action has been blocked. @ chrome-extension://gjkaolmncjlagdhkamocpknlngfbfmnm/content_script.js:4931
[  223595ms] [ERROR] Blocked script execution in 'about:blank' because the document's frame is sandboxed and the 'allow-scripts' permission is not set. @ https://challenges.cloudflare.com/cdn-cgi/challenge-platform/h/g/turnstile/f/av0/rch/cg7ry/0x4AAAAAAAc2BQjPEms9tKlM/auto/fbE/auto_expire/normal?lang=auto:0
[  223595ms] [ERROR] Blocked script execution in 'about:blank' because the document's frame is sandboxed and the 'allow-scripts' permission is not set. @ https://challenges.cloudflare.com/cdn-cgi/challenge-platform/h/g/turnstile/f/av0/rch/cg7ry/0x4AAAAAAAc2BQjPEms9tKlM/auto/fbE/auto_expire/normal?lang=auto:0
[  223598ms] [ERROR] Blocked script execution in 'about:blank' because the document's frame is sandboxed and the 'allow-scripts' permission is not set. @ https://challenges.cloudflare.com/cdn-cgi/challenge-platform/h/g/turnstile/f/av0/rch/cg7ry/0x4AAAAAAAc2BQjPEms9tKlM/auto/fbE/auto_expire/normal?lang=auto:0
[  254748ms] [ERROR] Blocked script execution in 'about:blank' because the document's frame is sandboxed and the 'allow-scripts' permission is not set. @ https://challenges.cloudflare.com/cdn-cgi/challenge-platform/h/g/turnstile/f/av0/rch/cg7ry/0x4AAAAAAAc2BQjPEms9tKlM/auto/fbE/auto_expire/normal?lang=auto:0
[  254748ms] [ERROR] Blocked script execution in 'about:blank' because the document's frame is sandboxed and the 'allow-scripts' permission is not set. @ https://challenges.cloudflare.com/cdn-cgi/challenge-platform/h/g/turnstile/f/av0/rch/cg7ry/0x4AAAAAAAc2BQjPEms9tKlM/auto/fbE/auto_expire/normal?lang=auto:0
[  254750ms] [ERROR] Blocked script execution in 'about:blank' because the document's frame is sandboxed and the 'allow-scripts' permission is not set. @ https://challenges.cloudflare.com/cdn-cgi/challenge-platform/h/g/turnstile/f/av0/rch/cg7ry/0x4AAAAAAAc2BQjPEms9tKlM/auto/fbE/auto_expire/normal?lang=auto:0
[  254758ms] [WARNING] OTS parsing error: Size of decompressed WOFF 2.0 is less than compressed size @ https://challenges.cloudflare.com/cdn-cgi/challenge-platform/h/g/turnstile/f/av0/rch/cg7ry/0x4AAAAAAAc2BQjPEms9tKlM/auto/fbE/auto_expire/normal?lang=auto:0
[  255342ms] [WARNING] WebGL: INVALID_ENUM: getInternalformatParameter: invalid internalformat @ https://challenges.cloudflare.com/cdn-cgi/challenge-platform/h/g/turnstile/f/av0/rch/cg7ry/0x4AAAAAAAc2BQjPEms9tKlM/auto/fbE/auto_expire/normal?lang=auto:0
[  255343ms] [WARNING] WebGL: INVALID_ENUM: getInternalformatParameter: invalid internalformat @ https://challenges.cloudflare.com/cdn-cgi/challenge-platform/h/g/turnstile/f/av0/rch/cg7ry/0x4AAAAAAAc2BQjPEms9tKlM/auto/fbE/auto_expire/normal?lang=auto:0
[  255344ms] [WARNING] WebGL: INVALID_ENUM: getInternalformatParameter: invalid internalformat @ https://challenges.cloudflare.com/cdn-cgi/challenge-platform/h/g/turnstile/f/av0/rch/cg7ry/0x4AAAAAAAc2BQjPEms9tKlM/auto/fbE/auto_expire/normal?lang=auto:0
[  255344ms] [WARNING] WebGL: INVALID_ENUM: getInternalformatParameter: invalid internalformat @ https://challenges.cloudflare.com/cdn-cgi/challenge-platform/h/g/turnstile/f/av0/rch/cg7ry/0x4AAAAAAAc2BQjPEms9tKlM/auto/fbE/auto_expire/normal?lang=auto:0
[  255344ms] [WARNING] WebGL: INVALID_ENUM: getInternalformatParameter: invalid internalformat @ https://challenges.cloudflare.com/cdn-cgi/challenge-platform/h/g/turnstile/f/av0/rch/cg7ry/0x4AAAAAAAc2BQjPEms9tKlM/auto/fbE/auto_expire/normal?lang=auto:0
[  255344ms] [WARNING] WebGL: INVALID_ENUM: getInternalformatParameter: invalid internalformat @ https://challenges.cloudflare.com/cdn-cgi/challenge-platform/h/g/turnstile/f/av0/rch/cg7ry/0x4AAAAAAAc2BQjPEms9tKlM/auto/fbE/auto_expire/normal?lang=auto:0
[  255344ms] [WARNING] WebGL: INVALID_ENUM: getInternalformatParameter: invalid internalformat @ https://challenges.cloudflare.com/cdn-cgi/challenge-platform/h/g/turnstile/f/av0/rch/cg7ry/0x4AAAAAAAc2BQjPEms9tKlM/auto/fbE/auto_expire/normal?lang=auto:0
[  255344ms] [WARNING] WebGL: INVALID_ENUM: getInternalformatParameter: invalid internalformat @ https://challenges.cloudflare.com/cdn-cgi/challenge-platform/h/g/turnstile/f/av0/rch/cg7ry/0x4AAAAAAAc2BQjPEms9tKlM/auto/fbE/auto_expire/normal?lang=auto:0
[  255344ms] [WARNING] WebGL: INVALID_ENUM: getInternalformatParameter: invalid internalformat @ https://challenges.cloudflare.com/cdn-cgi/challenge-platform/h/g/turnstile/f/av0/rch/cg7ry/0x4AAAAAAAc2BQjPEms9tKlM/auto/fbE/auto_expire/normal?lang=auto:0
[  255345ms] [WARNING] WebGL: INVALID_ENUM: getInternalformatParameter: invalid internalformat @ https://challenges.cloudflare.com/cdn-cgi/challenge-platform/h/g/turnstile/f/av0/rch/cg7ry/0x4AAAAAAAc2BQjPEms9tKlM/auto/fbE/auto_expire/normal?lang=auto:0
[  255345ms] [WARNING] WebGL: INVALID_ENUM: getInternalformatParameter: invalid internalformat @ https://challenges.cloudflare.com/cdn-cgi/challenge-platform/h/g/turnstile/f/av0/rch/cg7ry/0x4AAAAAAAc2BQjPEms9tKlM/auto/fbE/auto_expire/normal?lang=auto:0
[  255347ms] [WARNING] WebGL: INVALID_ENUM: getInternalformatParameter: invalid internalformat when EXT_color_buffer_[half_]float is not enabled @ https://challenges.cloudflare.com/cdn-cgi/challenge-platform/h/g/turnstile/f/av0/rch/cg7ry/0x4AAAAAAAc2BQjPEms9tKlM/auto/fbE/auto_expire/normal?lang=auto:0
[  255347ms] [WARNING] WebGL: INVALID_ENUM: getInternalformatParameter: invalid internalformat when EXT_color_buffer_float is not enabled @ https://challenges.cloudflare.com/cdn-cgi/challenge-platform/h/g/turnstile/f/av0/rch/cg7ry/0x4AAAAAAAc2BQjPEms9tKlM/auto/fbE/auto_expire/normal?lang=auto:0
[  255347ms] [WARNING] WebGL: INVALID_ENUM: getInternalformatParameter: invalid internalformat when EXT_color_buffer_float is not enabled @ https://challenges.cloudflare.com/cdn-cgi/challenge-platform/h/g/turnstile/f/av0/rch/cg7ry/0x4AAAAAAAc2BQjPEms9tKlM/auto/fbE/auto_expire/normal?lang=auto:0
[  255348ms] [WARNING] WebGL: INVALID_ENUM: getInternalformatParameter: invalid internalformat @ https://challenges.cloudflare.com/cdn-cgi/challenge-platform/h/g/turnstile/f/av0/rch/cg7ry/0x4AAAAAAAc2BQjPEms9tKlM/auto/fbE/auto_expire/normal?lang=auto:0
[  255348ms] [WARNING] WebGL: INVALID_ENUM: getInternalformatParameter: invalid internalformat when EXT_color_buffer_[half_]float is not enabled @ https://challenges.cloudflare.com/cdn-cgi/challenge-platform/h/g/turnstile/f/av0/rch/cg7ry/0x4AAAAAAAc2BQjPEms9tKlM/auto/fbE/auto_expire/normal?lang=auto:0
[  255348ms] [WARNING] WebGL: INVALID_ENUM: getInternalformatParameter: invalid internalformat when EXT_color_buffer_float is not enabled @ https://challenges.cloudflare.com/cdn-cgi/challenge-platform/h/g/turnstile/f/av0/rch/cg7ry/0x4AAAAAAAc2BQjPEms9tKlM/auto/fbE/auto_expire/normal?lang=auto:0
[  255348ms] [WARNING] WebGL: INVALID_ENUM: getInternalformatParameter: invalid internalformat when EXT_color_buffer_[half_]float is not enabled @ https://challenges.cloudflare.com/cdn-cgi/challenge-platform/h/g/turnstile/f/av0/rch/cg7ry/0x4AAAAAAAc2BQjPEms9tKlM/auto/fbE/auto_expire/normal?lang=auto:0
[  255348ms] [WARNING] WebGL: INVALID_ENUM: getInternalformatParameter: invalid internalformat when EXT_color_buffer_float is not enabled @ https://challenges.cloudflare.com/cdn-cgi/challenge-platform/h/g/turnstile/f/av0/rch/cg7ry/0x4AAAAAAAc2BQjPEms9tKlM/auto/fbE/auto_expire/normal?lang=auto:0
[  255463ms] [WARNING] The powerPreference option is currently ignored when calling requestAdapter() on Windows. See https://crbug.com/369219127 @ https://challenges.cloudflare.com/cdn-cgi/challenge-platform/h/g/turnstile/f/av0/rch/cg7ry/0x4AAAAAAAc2BQjPEms9tKlM/auto/fbE/auto_expire/normal?lang=auto:0
[  255463ms] [WARNING] The powerPreference option is currently ignored when calling requestAdapter() on Windows. See https://crbug.com/369219127 @ https://challenges.cloudflare.com/cdn-cgi/challenge-platform/h/g/turnstile/f/av0/rch/cg7ry/0x4AAAAAAAc2BQjPEms9tKlM/auto/fbE/auto_expire/normal?lang=auto:0
[  255476ms] [WARNING] No available adapters. @ https://challenges.cloudflare.com/cdn-cgi/challenge-platform/h/g/turnstile/f/av0/rch/cg7ry/0x4AAAAAAAc2BQjPEms9tKlM/auto/fbE/auto_expire/normal?lang=auto:0
[  550579ms] [ERROR] Creating a TrustedTypePolicy named 'sanitizer' violates the following Content Security policy directive: "trusted-types nfFM8 default". The action has been blocked. @ chrome-extension://gjkaolmncjlagdhkamocpknlngfbfmnm/content_script.js:4931
[  551082ms] [ERROR] Blocked script execution in 'about:blank' because the document's frame is sandboxed and the 'allow-scripts' permission is not set. @ https://challenges.cloudflare.com/cdn-cgi/challenge-platform/h/g/turnstile/f/av0/rch/cg7ry/0x4AAAAAAAc2BQjPEms9tKlM/auto/fbE/auto_expire/normal?lang=auto:0
[  551083ms] [ERROR] Blocked script execution in 'about:blank' because the document's frame is sandboxed and the 'allow-scripts' permission is not set. @ https://challenges.cloudflare.com/cdn-cgi/challenge-platform/h/g/turnstile/f/av0/rch/cg7ry/0x4AAAAAAAc2BQjPEms9tKlM/auto/fbE/auto_expire/normal?lang=auto:0
[  551095ms] [ERROR] Blocked script execution in 'about:blank' because the document's frame is sandboxed and the 'allow-scripts' permission is not set. @ https://challenges.cloudflare.com/cdn-cgi/challenge-platform/h/g/turnstile/f/av0/rch/cg7ry/0x4AAAAAAAc2BQjPEms9tKlM/auto/fbE/auto_expire/normal?lang=auto:0
[  557931ms] [ERROR] Blocked script execution in 'about:blank' because the document's frame is sandboxed and the 'allow-scripts' permission is not set. @ https://challenges.cloudflare.com/cdn-cgi/challenge-platform/h/g/turnstile/f/av0/rch/cg7ry/0x4AAAAAAAc2BQjPEms9tKlM/auto/fbE/auto_expire/normal?lang=auto:0
[  557932ms] [ERROR] Blocked script execution in 'about:blank' because the document's frame is sandboxed and the 'allow-scripts' permission is not set. @ https://challenges.cloudflare.com/cdn-cgi/challenge-platform/h/g/turnstile/f/av0/rch/cg7ry/0x4AAAAAAAc2BQjPEms9tKlM/auto/fbE/auto_expire/normal?lang=auto:0
[  557945ms] [ERROR] Blocked script execution in 'about:blank' because the document's frame is sandboxed and the 'allow-scripts' permission is not set. @ https://challenges.cloudflare.com/cdn-cgi/challenge-platform/h/g/turnstile/f/av0/rch/cg7ry/0x4AAAAAAAc2BQjPEms9tKlM/auto/fbE/auto_expire/normal?lang=auto:0
[  557950ms] [LOG] /.*.*=.*/ @ https://challenges.cloudflare.com/cdn-cgi/challenge-platform/h/g/turnstile/f/av0/rch/cg7ry/0x4AAAAAAAc2BQjPEms9tKlM/auto/fbE/auto_expire/normal?lang=auto:0
[  557952ms] [LOG] /.*.*=.*/ @ https://challenges.cloudflare.com/cdn-cgi/challenge-platform/h/g/turnstile/f/av0/rch/cg7ry/0x4AAAAAAAc2BQjPEms9tKlM/auto/fbE/auto_expire/normal?lang=auto:0
[  557954ms] [LOG] function () { [native code] } @ https://challenges.cloudflare.com/cdn-cgi/challenge-platform/h/g/turnstile/f/av0/rch/cg7ry/0x4AAAAAAAc2BQjPEms9tKlM/auto/fbE/auto_expire/normal?lang=auto:0
[  557955ms] [LOG] function () { [native code] } @ https://challenges.cloudflare.com/cdn-cgi/challenge-platform/h/g/turnstile/f/av0/rch/cg7ry/0x4AAAAAAAc2BQjPEms9tKlM/auto/fbE/auto_expire/normal?lang=auto:0
[  557957ms] [LOG] JSHandle@node @ https://challenges.cloudflare.com/cdn-cgi/challenge-platform/h/g/turnstile/f/av0/rch/cg7ry/0x4AAAAAAAc2BQjPEms9tKlM/auto/fbE/auto_expire/normal?lang=auto:0
[  557958ms] [LOG] JSHandle@node @ https://challenges.cloudflare.com/cdn-cgi/challenge-platform/h/g/turnstile/f/av0/rch/cg7ry/0x4AAAAAAAc2BQjPEms9tKlM/auto/fbE/auto_expire/normal?lang=auto:0
[  557969ms] [COUNT]  : 1 @ https://challenges.cloudflare.com/cdn-cgi/challenge-platform/h/g/turnstile/f/av0/rch/cg7ry/0x4AAAAAAAc2BQjPEms9tKlM/auto/fbE/auto_expire/normal?lang=auto:0
[  557970ms] [COUNT]  : 1 @ https://challenges.cloudflare.com/cdn-cgi/challenge-platform/h/g/turnstile/f/av0/rch/cg7ry/0x4AAAAAAAc2BQjPEms9tKlM/auto/fbE/auto_expire/normal?lang=auto:0
[  558057ms] [DIR]  Error @ https://challenges.cloudflare.com/cdn-cgi/challenge-platform/h/g/turnstile/f/av0/rch/cg7ry/0x4AAAAAAAc2BQjPEms9tKlM/auto/fbE/auto_expire/normal?lang=auto:0
[  558059ms] [DIR]  Error @ https://challenges.cloudflare.com/cdn-cgi/challenge-platform/h/g/turnstile/f/av0/rch/cg7ry/0x4AAAAAAAc2BQjPEms9tKlM/auto/fbE/auto_expire/normal?lang=auto:0
[  558061ms] [DIRXML] %c%d font-size:0;color:transparent Error @ https://challenges.cloudflare.com/cdn-cgi/challenge-platform/h/g/turnstile/f/av0/rch/cg7ry/0x4AAAAAAAc2BQjPEms9tKlM/auto/fbE/auto_expire/normal?lang=auto:0
[  558062ms] [DIRXML] %c%d font-size:0;color:transparent Error @ https://challenges.cloudflare.com/cdn-cgi/challenge-platform/h/g/turnstile/f/av0/rch/cg7ry/0x4AAAAAAAc2BQjPEms9tKlM/auto/fbE/auto_expire/normal?lang=auto:0
[  558066ms] [ERROR] %c%d font-size:0;color:transparent NaN @ https://challenges.cloudflare.com/cdn-cgi/challenge-platform/h/g/turnstile/f/av0/rch/cg7ry/0x4AAAAAAAc2BQjPEms9tKlM/auto/fbE/auto_expire/normal?lang=auto:0
[  558067ms] [ERROR] %c%d font-size:0;color:transparent NaN @ https://challenges.cloudflare.com/cdn-cgi/challenge-platform/h/g/turnstile/f/av0/rch/cg7ry/0x4AAAAAAAc2BQjPEms9tKlM/auto/fbE/auto_expire/normal?lang=auto:0
[  558070ms] [INFO] %c%d font-size:0;color:transparent NaN @ https://challenges.cloudflare.com/cdn-cgi/challenge-platform/h/g/turnstile/f/av0/rch/cg7ry/0x4AAAAAAAc2BQjPEms9tKlM/auto/fbE/auto_expire/normal?lang=auto:0
[  558071ms] [INFO] %c%d font-size:0;color:transparent NaN @ https://challenges.cloudflare.com/cdn-cgi/challenge-platform/h/g/turnstile/f/av0/rch/cg7ry/0x4AAAAAAAc2BQjPEms9tKlM/auto/fbE/auto_expire/normal?lang=auto:0
[  558073ms] [LOG] %c%d font-size:0;color:transparent NaN @ https://challenges.cloudflare.com/cdn-cgi/challenge-platform/h/g/turnstile/f/av0/rch/cg7ry/0x4AAAAAAAc2BQjPEms9tKlM/auto/fbE/auto_expire/normal?lang=auto:0
[  558073ms] [LOG] %c%d font-size:0;color:transparent NaN @ https://challenges.cloudflare.com/cdn-cgi/challenge-platform/h/g/turnstile/f/av0/rch/cg7ry/0x4AAAAAAAc2BQjPEms9tKlM/auto/fbE/auto_expire/normal?lang=auto:0
[  558075ms] [TABLE] %c%d font-size:0;color:transparent Error @ https://challenges.cloudflare.com/cdn-cgi/challenge-platform/h/g/turnstile/f/av0/rch/cg7ry/0x4AAAAAAAc2BQjPEms9tKlM/auto/fbE/auto_expire/normal?lang=auto:0
[  558076ms] [TABLE] %c%d font-size:0;color:transparent Error @ https://challenges.cloudflare.com/cdn-cgi/challenge-platform/h/g/turnstile/f/av0/rch/cg7ry/0x4AAAAAAAc2BQjPEms9tKlM/auto/fbE/auto_expire/normal?lang=auto:0
[  558082ms] [WARNING] %c%d font-size:0;color:transparent NaN @ https://challenges.cloudflare.com/cdn-cgi/challenge-platform/h/g/turnstile/f/av0/rch/cg7ry/0x4AAAAAAAc2BQjPEms9tKlM/auto/fbE/auto_expire/normal?lang=auto:0
[  558084ms] [WARNING] %c%d font-size:0;color:transparent NaN @ https://challenges.cloudflare.com/cdn-cgi/challenge-platform/h/g/turnstile/f/av0/rch/cg7ry/0x4AAAAAAAc2BQjPEms9tKlM/auto/fbE/auto_expire/normal?lang=auto:0
[  558375ms] [WARNING] WebGL: INVALID_ENUM: getInternalformatParameter: invalid internalformat @ https://challenges.cloudflare.com/cdn-cgi/challenge-platform/h/g/turnstile/f/av0/rch/cg7ry/0x4AAAAAAAc2BQjPEms9tKlM/auto/fbE/auto_expire/normal?lang=auto:0
[  558379ms] [WARNING] WebGL: INVALID_ENUM: getInternalformatParameter: invalid internalformat @ https://challenges.cloudflare.com/cdn-cgi/challenge-platform/h/g/turnstile/f/av0/rch/cg7ry/0x4AAAAAAAc2BQjPEms9tKlM/auto/fbE/auto_expire/normal?lang=auto:0
[  558384ms] [WARNING] WebGL: INVALID_ENUM: getInternalformatParameter: invalid internalformat @ https://challenges.cloudflare.com/cdn-cgi/challenge-platform/h/g/turnstile/f/av0/rch/cg7ry/0x4AAAAAAAc2BQjPEms9tKlM/auto/fbE/auto_expire/normal?lang=auto:0
[  558385ms] [WARNING] WebGL: INVALID_ENUM: getInternalformatParameter: invalid internalformat @ https://challenges.cloudflare.com/cdn-cgi/challenge-platform/h/g/turnstile/f/av0/rch/cg7ry/0x4AAAAAAAc2BQjPEms9tKlM/auto/fbE/auto_expire/normal?lang=auto:0
[  558386ms] [WARNING] WebGL: INVALID_ENUM: getInternalformatParameter: invalid internalformat @ https://challenges.cloudflare.com/cdn-cgi/challenge-platform/h/g/turnstile/f/av0/rch/cg7ry/0x4AAAAAAAc2BQjPEms9tKlM/auto/fbE/auto_expire/normal?lang=auto:0
[  558387ms] [WARNING] WebGL: INVALID_ENUM: getInternalformatParameter: invalid internalformat @ https://challenges.cloudflare.com/cdn-cgi/challenge-platform/h/g/turnstile/f/av0/rch/cg7ry/0x4AAAAAAAc2BQjPEms9tKlM/auto/fbE/auto_expire/normal?lang=auto:0
[  558387ms] [WARNING] WebGL: INVALID_ENUM: getInternalformatParameter: invalid internalformat @ https://challenges.cloudflare.com/cdn-cgi/challenge-platform/h/g/turnstile/f/av0/rch/cg7ry/0x4AAAAAAAc2BQjPEms9tKlM/auto/fbE/auto_expire/normal?lang=auto:0
[  558388ms] [WARNING] WebGL: INVALID_ENUM: getInternalformatParameter: invalid internalformat @ https://challenges.cloudflare.com/cdn-cgi/challenge-platform/h/g/turnstile/f/av0/rch/cg7ry/0x4AAAAAAAc2BQjPEms9tKlM/auto/fbE/auto_expire/normal?lang=auto:0
[  558389ms] [WARNING] WebGL: INVALID_ENUM: getInternalformatParameter: invalid internalformat @ https://challenges.cloudflare.com/cdn-cgi/challenge-platform/h/g/turnstile/f/av0/rch/cg7ry/0x4AAAAAAAc2BQjPEms9tKlM/auto/fbE/auto_expire/normal?lang=auto:0
[  558389ms] [WARNING] WebGL: INVALID_ENUM: getInternalformatParameter: invalid internalformat @ https://challenges.cloudflare.com/cdn-cgi/challenge-platform/h/g/turnstile/f/av0/rch/cg7ry/0x4AAAAAAAc2BQjPEms9tKlM/auto/fbE/auto_expire/normal?lang=auto:0
[  558392ms] [WARNING] WebGL: INVALID_ENUM: getInternalformatParameter: invalid internalformat @ https://challenges.cloudflare.com/cdn-cgi/challenge-platform/h/g/turnstile/f/av0/rch/cg7ry/0x4AAAAAAAc2BQjPEms9tKlM/auto/fbE/auto_expire/normal?lang=auto:0
[  558398ms] [WARNING] WebGL: INVALID_ENUM: getInternalformatParameter: invalid internalformat when EXT_color_buffer_[half_]float is not enabled @ https://challenges.cloudflare.com/cdn-cgi/challenge-platform/h/g/turnstile/f/av0/rch/cg7ry/0x4AAAAAAAc2BQjPEms9tKlM/auto/fbE/auto_expire/normal?lang=auto:0
[  558400ms] [WARNING] WebGL: INVALID_ENUM: getInternalformatParameter: invalid internalformat when EXT_color_buffer_float is not enabled @ https://challenges.cloudflare.com/cdn-cgi/challenge-platform/h/g/turnstile/f/av0/rch/cg7ry/0x4AAAAAAAc2BQjPEms9tKlM/auto/fbE/auto_expire/normal?lang=auto:0
[  558401ms] [WARNING] WebGL: INVALID_ENUM: getInternalformatParameter: invalid internalformat when EXT_color_buffer_float is not enabled @ https://challenges.cloudflare.com/cdn-cgi/challenge-platform/h/g/turnstile/f/av0/rch/cg7ry/0x4AAAAAAAc2BQjPEms9tKlM/auto/fbE/auto_expire/normal?lang=auto:0
[  558401ms] [WARNING] WebGL: INVALID_ENUM: getInternalformatParameter: invalid internalformat @ https://challenges.cloudflare.com/cdn-cgi/challenge-platform/h/g/turnstile/f/av0/rch/cg7ry/0x4AAAAAAAc2BQjPEms9tKlM/auto/fbE/auto_expire/normal?lang=auto:0
[  558402ms] [WARNING] WebGL: INVALID_ENUM: getInternalformatParameter: invalid internalformat when EXT_color_buffer_[half_]float is not enabled @ https://challenges.cloudflare.com/cdn-cgi/challenge-platform/h/g/turnstile/f/av0/rch/cg7ry/0x4AAAAAAAc2BQjPEms9tKlM/auto/fbE/auto_expire/normal?lang=auto:0
[  558403ms] [WARNING] WebGL: INVALID_ENUM: getInternalformatParameter: invalid internalformat when EXT_color_buffer_float is not enabled @ https://challenges.cloudflare.com/cdn-cgi/challenge-platform/h/g/turnstile/f/av0/rch/cg7ry/0x4AAAAAAAc2BQjPEms9tKlM/auto/fbE/auto_expire/normal?lang=auto:0
[  558403ms] [WARNING] WebGL: INVALID_ENUM: getInternalformatParameter: invalid internalformat when EXT_color_buffer_[half_]float is not enabled @ https://challenges.cloudflare.com/cdn-cgi/challenge-platform/h/g/turnstile/f/av0/rch/cg7ry/0x4AAAAAAAc2BQjPEms9tKlM/auto/fbE/auto_expire/normal?lang=auto:0
[  558404ms] [WARNING] WebGL: INVALID_ENUM: getInternalformatParameter: invalid internalformat when EXT_color_buffer_float is not enabled @ https://challenges.cloudflare.com/cdn-cgi/challenge-platform/h/g/turnstile/f/av0/rch/cg7ry/0x4AAAAAAAc2BQjPEms9tKlM/auto/fbE/auto_expire/normal?lang=auto:0
[  558916ms] [WARNING] The powerPreference option is currently ignored when calling requestAdapter() on Windows. See https://crbug.com/369219127 @ https://challenges.cloudflare.com/cdn-cgi/challenge-platform/h/g/turnstile/f/av0/rch/cg7ry/0x4AAAAAAAc2BQjPEms9tKlM/auto/fbE/auto_expire/normal?lang=auto:0
[  558916ms] [WARNING] The powerPreference option is currently ignored when calling requestAdapter() on Windows. See https://crbug.com/369219127 @ https://challenges.cloudflare.com/cdn-cgi/challenge-platform/h/g/turnstile/f/av0/rch/cg7ry/0x4AAAAAAAc2BQjPEms9tKlM/auto/fbE/auto_expire/normal?lang=auto:0
[  558954ms] [WARNING] No available adapters. @ https://challenges.cloudflare.com/cdn-cgi/challenge-platform/h/g/turnstile/f/av0/rch/cg7ry/0x4AAAAAAAc2BQjPEms9tKlM/auto/fbE/auto_expire/normal?lang=auto:0
[  560948ms] [WARNING] OTS parsing error: Size of decompressed WOFF 2.0 is less than compressed size @ https://challenges.cloudflare.com/cdn-cgi/challenge-platform/h/g/turnstile/f/av0/rch/cg7ry/0x4AAAAAAAc2BQjPEms9tKlM/auto/fbE/auto_expire/normal?lang=auto:0
